ap,peak_cyto,peak_az,serca_max_pct,serca_delta_pct
1,2.9603187780175992,31.49946207000001,125.65107167550127,11.315971421986632
1,3.0051469367424875,13.153620738000004,122.05577321963585,8.561880617653841
1,3.690851735015773,24.576501730000018,127.80594607052316,13.263424752247076
1,3.240909845591898,15.922803709999995,125.38603364830607,10.670661442728743
1,3.15623443466711,20.42272721999999,122.51670891910578,8.573404010140578
1,2.859040345342853,16.61509945999997,123.65752477529384,10.094491818391333
1,2.9005478997177487,17.99969141,129.92625028808482,15.971421986632876
1,3.294039515191765,12.807472690000006,122.37842820926481,8.216178843051395
1,3.2458907521168854,11.769028699999978,123.71514173772759,9.817930398709393
1,2.9586584758426038,14.538212254999994,123.23115925328416,9.771836828762389
1,3.2907189108417736,20.768874855000004,123.68057156026735,9.610509333947917
1,2.968620288892579,13.499768501999998,121.07628485826227,7.2943074441115385
1,3.362111904366595,23.19191016,123.95713297994931,10.20972574325883
1,3.064917815042338,12.807472739999993,122.28624106937083,9.02281631712377
1,3.913332226465217,16.268951510000022,131.51647845125603,17.112237842820903
1,3.2276274281919313,17.653543260000006,123.89951601751557,10.163632173311825
1,3.4102606674414746,38.42241637000004,126.95321502650381,13.25190135976031
1,2.734517682218164,20.076578691999995,121.41046324037796,7.570868863793507
1,3.538103934916155,37.037825830000116,123.47315049550586,10.39410002304676
1,2.859040345342853,14.884360199000001,122.92002765614197,8.331412767918877
1,2.9951851236925124,17.65354355999999,128.67020050702928,14.796035952984568
1,3.076539930267309,20.076578731999994,121.61788430513943,8.02028117077667
1,3.073219325917317,20.07657869000001,125.20165936851808,11.097026964738404
1,3.7174165698157067,24.922649800000006,124.68310670661442,10.924176077437195
1,2.7295367756931763,12.461324468000072,121.06476146577552,7.812860106015208
1,4.009629752614976,29.076424520000018,124.47568564185296,10.739801797649221
1,3.39199734351652,14.884360107,122.94307444111547,8.792348467388805
1,2.9188112236427033,14.538212560000016,123.15049550587693,9.149573634477989
1,2.8972272953677574,20.422726880000003,122.43604517169855,8.49274026273335
1,3.17615806076706,17.653542800000025,124.32588153952524,9.967734501037114
1,3.3123028391167195,36.345533090000046,133.07213643696704,19.255588845356073
1,3.5414245392661465,15.922804620000022,129.64968886840288,15.475916109702723
1,3.3787149261165537,14.192064179999983,122.06729661212262,8.135515095644166
1,3.084841441142288,14.538212246,122.36690481677806,8.665591150034558
1,3.252531960816869,15.230507817999976,123.5999078128601,10.405623415533526
1,3.7439814046156403,12.115176883999998,123.15049550587693,8.815395252362293
1,3.594554208866014,14.192064364999998,128.64715372205578,15.153261120073765
1,3.5248215175161883,16.96124745999998,123.92256280248905,9.575939156487664
1,2.930433338867674,14.192064440000026,124.24521779211798,10.543904125374482
1,3.3156234434667113,16.61509983999998,122.83936390873474,9.057386494584009
1,2.942055454092645,12.461324969999998,121.49112698778521,7.398017976492284
1,3.229287730366927,13.499768799999991,123.84189905508181,10.002304678497353
1,3.0084675410924793,14.538212399999999,122.22862410693709,7.870477068448963
1,2.986883612817533,14.192064489999987,122.51670891910578,8.008757778289919
1,3.1695168520670762,23.191910033999985,121.73311823000692,8.031804563263421
1,3.252531960816869,16.268951847000004,123.48467388799263,9.02281631712377
1,3.078200232442305,11.07673281000001,124.72920027656143,10.244295920719068
1,3.4002988543914996,15.230508180000008,127.06844895137128,14.012445263885681
1,3.152913830317118,14.192064420000017,121.99815625720211,8.642544365061056
1,3.2375892412419063,14.538212179999958,121.95206268725514,8.308365982945404
1,3.187780175992031,16.615101059999983,130.56003687485597,16.513021433510048
1,3.1778183629420558,14.884360049999996,125.3975570407928,12.111085503572241
1,3.2890586086667777,17.999691510000027,124.29131136206499,10.267342705692556
1,3.3023410260667445,11.769028960000004,123.9110394100023,9.35699469923945
1,3.428523991366429,15.92280433999997,128.2207882000461,13.931781516478438
1,3.0931429520172675,10.730585214000012,121.8253053699009,8.250749020511634
1,2.898887597542753,14.192064290000005,122.781746946301,9.368518091726216
1,3.2458907521168854,24.576501861999994,124.83291080894215,10.82046554505645
1,3.086501743317284,15.576655980000007,125.29384650841206,11.408158561880597
1,3.2458907521168854,15.922803910000003,127.0223553814243,13.528462779442293
1,3.083181138967292,16.615099530000002,123.20811246831067,9.990781286010616
1,3.0250705628424375,19.384283079999985,128.76238764692326,15.326112007374974
1,3.4999169848912506,16.96124774999999,122.62041945148651,8.331412767918863
1,3.4368255022414083,31.845607610000002,130.5485134823692,17.181378197741424
1,3.272455586916819,16.96124759000002,125.81239917031574,11.915187831297544
1,2.9902042171675247,27.69183216000004,126.03134362756396,12.410693708227711
1,2.757761912668106,11.422881055000007,121.75616501498041,7.939617423369441
1,3.6443632741158893,18.691987360000002,123.87646923254205,9.806407006222614
1,2.548563838618629,11.07673331,122.10186678958286,8.008757778289933
1,2.985223310642537,10.384437580000004,127.39110394100024,13.413228854574783
1,3.1346505063921635,14.192064560000007,122.42452177921179,8.82691864484903
1,2.5319608168686702,11.422880829999992,121.43351002535145,7.812860106015208
1,2.9935248215175165,14.192064189999988,122.56280248905279,8.953675962203278
1,3.19608168686701,13.153620430000007,123.18506568333719,8.94215256971654
1,2.9287730366926783,33.92249553000007,127.36805715602672,14.392717215948366
1,3.370413415241574,15.922803559999982,122.85088730122149,8.965199354690029
1,3.154574132492114,15.230508189999995,122.85088730122149,8.780825074902054
1,3.272455586916819,17.307395720000006,125.07490205116387,10.659138050241992
1,2.9354142453926615,12.115177059999985,125.96220327264346,12.62963816547591
1,2.9470363606176324,18.34583944999999,121.37589306291771,8.239225628024883
1,3.0400132824174,23.884206040000013,124.03779672735654,9.864023968656383
1,2.945376058442637,26.653389140000012,123.03526158100946,9.045863102097286
1,3.6277602523659307,28.384128410000006,128.45125604978105,13.436275639548285
1,2.845757927942886,22.153466289999987,122.781746946301,8.734731504955079
1,3.5547069566661134,17.653542529999996,129.06199585157873,14.381193823461643
1,3.6078366262659807,19.03813527000001,124.68310670661442,10.739801797649221
1,3.5430848414411424,15.230508310000003,124.76377045402167,10.22124913574558
1,3.262493773866844,23.19190997899999,125.04033187370362,11.396635169393889
1,3.873484974265317,18.345839520000002,135.46900207421064,21.525697165245433
1,2.810891582267973,17.653543519999996,122.781746946301,8.838442037335795
1,2.933753943217666,17.653543609999982,123.25420603825765,9.875547361143106
1,2.985223310642537,18.691988599999974,126.44618575708688,12.122608896059006
1,3.294039515191765,18.691987630000025,123.66904816778059,10.036874855957578
1,2.9486966627926283,21.807318240000008,125.96220327264346,11.857570868863789
1,2.8922463888427696,16.615099720000007,126.21571790735193,12.572021203042198
1,3.1130665781172175,12.11517716000001,123.74971191518782,9.54136897902741
1,3.0599369085173502,20.768874529999987,122.56280248905279,8.481216870246612
1,3.338867673916653,17.65354367,122.63194284397328,8.5042636552201
1,2.7129337539432177,19.38428307,123.10440193592993,8.999769532150253
1,2.337705462394156,11.769029033000011,121.52569716524543,8.838442037335781
1,3.139631412917151,29.422572499999983,122.17100714450335,8.919105784743039
1,2.7411588909181472,11.076733174,122.02120304217561,8.469693477759861
1,3.368753113066578,17.99969155599999,121.66397787508643,8.35445955289238
1,3.0931429520172675,16.961247460000006,121.06476146577552,7.3404010140585285
1,2.877303669267807,16.615099827999995,122.13643696704311,9.1265268495045
1,3.260833471691848,15.57665589999999,129.3270338787739,15.15326112007375
1,2.8258343018429355,22.84576245999999,123.30029960820465,10.036874855957592
1,3.1578947368421053,11.422881009999966,122.57432588153951,8.619497580087568
1,2.842437323592894,11.769028800000005,121.90596911730813,8.59645079511408
1,3.0151087497924625,20.076578510000008,124.00322654989628,10.013828070984104
1,2.6747468039183135,14.884360149,122.1594837520166,8.873012214796034
1,2.975261497592562,15.230507939999999,121.61788430513943,7.778289928554969
1,3.275776191266811,10.73058537,123.69209495275409,9.610509333947917
1,3.1794786651170517,16.961247880000005,124.54482599677345,10.39410002304679
1,3.2027228955669935,14.884360010000005,121.8253053699009,8.803871859875542
1,3.803752282915491,23.538058080000006,131.86218022585848,17.42336943996311
1,2.97194089324257,12.115176909999981,124.153030652224,10.221249135745552
1,3.076539930267309,27.345684679999927,126.3539986171929,13.067527079972336
1,3.5181803088162047,23.884205469999994,124.99423830375662,10.62456787278174
1,3.086501743317284,15.576655859999999,124.79834063148192,11.06245678727818
1,2.565166860368587,16.961247220000015,122.83936390873474,10.129061995851586
1,2.877303669267807,16.61509956,122.41299838672506,9.20719059691173
1,3.428523991366429,19.03813532199999,124.59091956672043,10.221249135745552
1,3.2674746803918318,28.73027692000001,123.55381424291312,9.944687716063612
1,3.2226465216669435,26.307241460000004,123.18506568333719,9.161097026964754
1,3.6875311306657816,12.807472743000002,125.29384650841206,11.154643927172145
1,3.252531960816869,24.230353629999986,124.30283475455175,9.990781286010616
1,2.820853395317948,16.961247370000027,122.43604517169855,8.561880617653841
1,3.049975095467375,18.691987228999995,124.19912422217101,10.371053238073273
1,3.02008965631745,15.576656143999958,122.62041945148651,8.849965429822547
1,2.888925784492778,12.461324509999981,123.20811246831067,9.794883613735891
1,3.1230283911671926,19.038135499999992,124.17607743719752,10.324959668126297
1,3.194421384692014,10.730585110000009,125.2247061534916,11.419681954367377
1,3.737340195915657,21.80731837999999,127.82899285549665,13.632173311822982
1,2.8175327909679564,11.769029040000012,122.06729661212262,8.49274026273335
1,2.9071891084177324,15.576655960000007,121.17999539064301,7.616962433740511
1,2.9121700149427197,12.461324763999997,121.85987554736116,7.755243143581481
1,2.7145940561182136,14.19206436999998,123.95713297994931,10.290389490666058
1,3.149593225967126,12.115177052999986,122.9776446185757,10.117538603364821
1,3.031711771542421,17.653542879999954,128.91219174925098,14.634708458170081
1,2.885605180142786,21.115022301000028,124.82138741645541,10.820465545056464
1,2.93209364104267,10.384437304999993,121.59483752016594,8.123991703157415
1,2.9271127345176824,16.2689517,122.38995160175155,8.607974187600817
1,3.0931429520172675,25.268799070000263,126.15810094491819,11.719290159022819
1,2.847418230117882,13.499768613999986,125.9737266651302,12.19174925097947
1,3.5663290718910843,12.115176970000007,124.85595759391566,10.22124913574558
1,3.2790967956168027,17.307395320000015,123.70361834524084,10.152108780825088
1,2.8274946040179314,14.192064639999991,125.85849274026273,12.952293155104869
1,2.66810559521833,17.999692716000116,127.48329108089422,13.11362064991934
1,3.1379711107421553,14.88436019999999,122.94307444111547,8.239225628024897
1,3.448447617466379,13.499767780000074,127.29891680110626,13.00991011753861
1,3.0931429520172675,30.461017220000038,127.04540216639779,12.721825305369919
1,3.3305661630416736,19.03813488999999,122.75870016132751,9.091956672044262
1,3.662626598040844,20.07657882000002,126.90712145655681,12.906199585157864
1,3.066578117217334,12.807472607999992,121.8713989398479,8.527310440193602
1,3.2342686368919145,12.115177289999997,122.735653376354,9.080433279557496
1,2.7311970778681722,17.30739590999999,122.96612122608896,9.414611661673206
1,3.1130665781172175,16.961247651,123.92256280248905,9.44918183913343
1,2.996845425867508,16.615099609999994,124.11846047476378,9.633556118921419
1,2.822513697492944,16.61509971999998,122.87393408619498,8.515787047706851
1,3.164535945542089,20.76887460999998,122.98916801106246,9.414611661673192
1,2.6913498256682717,20.42272696000001,122.735653376354,8.458170085273096
1,3.2043831977419894,17.99969133,129.6381654759161,15.614196819543679
1,3.353810393491616,22.15346648,123.80732887762159,10.578474302834763
1,3.0217499584924457,12.461325169999997,123.26572943074441,9.20719059691173
1,3.2176656151419563,20.422726705000002,128.5319197971883,14.150725973726665
1,2.611655321268471,13.499768578999994,122.93155104862872,8.757778289928567
1,3.338867673916653,22.84576210000001,125.43212721825306,10.9702696473842
1,3.3123028391167195,16.268951639999997,122.86241069370823,8.907582392256288
1,2.7378382865681554,16.268951290000015,121.24913574556348,7.743719751094702
1,3.491615474016271,17.999691540000004,123.20811246831067,9.691173081355146
1,3.197741989042006,13.153620299999977,122.14796035952983,8.481216870246584
1,3.7323592893906694,17.307397030000143,131.931320580779,17.780594607052322
1,3.2209862194919476,15.576655990000011,122.89698087116847,9.115003457017735
1,3.1280092976921803,10.73058543,125.40908043327957,11.926711223784281
1,3.066578117217334,12.115176847000038,124.76377045402167,10.843512330029952
1,2.653162875643367,11.769028970999997,123.45010371053237,9.702696473841897
1,2.9387348497426533,15.230507873999995,125.05185526619036,12.053468541138514
1,2.975261497592562,19.384283280000002,123.92256280248905,10.405623415533526
1,3.274115889091815,16.96124746,125.57040792809404,11.419681954367377
1,3.4799933587913,18.691987209999986,122.86241069370823,10.013828070984104
1,2.887265482317782,14.538211970000015,122.04424982714912,8.296842590458638
1,2.7295367756931763,12.115177109999989,121.11085503572252,7.501728508873015
1,3.647683878465881,19.038135330000006,126.9762618114773,13.182761004839818
1,3.15623443466711,23.884205950000002,123.19658907582391,8.573404010140564
1,3.4185621783164537,28.037980989999987,125.36298686333257,11.569486056695084
1,3.1147268802922135,17.30739543000001,122.41299838672506,9.138050241991266
1,3.0167690519674584,10.384437343000027,123.68057156026735,9.068909887070774
1,3.577951187116055,20.07657886200001,128.73934086194976,14.911269877852021
1,3.1130665781172175,22.49961428,123.19658907582391,9.057386494583994
1,3.152913830317118,22.49961435,124.49873242682645,10.24429592071904
1,3.484974265316288,15.2305078,123.16201889836367,10.013828070984076
1,3.380375228291549,15.576655998000001,127.14911269877851,13.632173311822982
1,3.0798605346173007,9.692141459999963,129.02742567411846,15.487439502189446
1,3.5978748132160057,24.576502090000016,125.12099562111085,12.00737497119151
1,3.0383529802424043,14.192064480000008,122.19405392947684,8.896058999769522
1,3.4667109413913333,14.88436017699999,123.65752477529384,10.313436275639546
1,2.664784990868338,11.076733048000003,121.97510947222862,8.2622724129984
1,3.1994022912170017,12.115177260000001,123.03526158100946,9.460705231620196
1,3.0184293541424543,15.230508,122.63194284397328,8.112468310670678
1,3.5015772870662465,12.807472700000002,129.6612122608896,15.406775754782203
1,3.270795284741823,20.422726790000002,124.64853652915417,10.613044480294988
1,2.8175327909679564,15.576655859999999,122.81631712376124,8.953675962203278
1,3.9548397808401132,12.115176920000003,125.06337865867711,10.947222862410698
1,3.6011954175659975,21.115022535999998,124.07236690481677,9.898594146116622
1,3.1130665781172175,17.653543319999997,125.32841668587231,10.924176077437181
1,3.4318445957164205,21.461170519999975,125.40908043327957,11.177690712145676
1,3.2907189108417736,24.57650183999999,124.45263885687947,9.656602903894921
1,2.820853395317948,20.76887440999998,122.53975570407928,9.656602903894907
1,2.9354142453926615,10.384437365000002,121.79073519244066,8.365982945379116
1,3.10808567159223,19.38428292999998,123.38096335561188,8.930629177229775
1,2.8391167192429023,14.192064420000017,123.00069140354921,8.8845356072828
1,3.1379711107421553,10.038289509999991,123.92256280248905,9.748790043788901
1,2.9951851236925124,16.961246962000004,123.15049550587693,8.573404010140592
1,2.7976091648680064,11.422881072999969,121.56026734270569,8.077898133210397
1,3.260833471691848,12.807473079999992,123.70361834524084,10.071445033417831
1,3.08816204549228,17.30739584999998,125.83544595528923,11.811477298916799
1,3.254192262991865,10.038289539999987,123.76123530767458,9.287854344318959
1,2.766063423543085,15.576655900000008,123.19658907582391,8.550357225167076
1,3.3272455586916823,21.46117046999997,127.35653376353999,13.309518322194066
1,3.2359289390669104,22.845762310000012,122.83936390873474,8.688637935008074
1,3.250871658641873,15.23050786,123.93408619497579,9.944687716063612
1,2.7029719408932427,13.499768520000002,120.88038718598754,7.2943074441115385
1,3.342188278266645,19.38428302,123.0237381885227,8.665591150034572
1,3.3172837456417072,21.461170689999893,130.5254666973957,17.077667665360664
1,3.3322264652166695,37.383974229999986,124.34892832449873,10.221249135745552
1,3.8552216503403622,23.88420597,124.59091956672043,10.025351463470827
1,2.8175327909679564,16.268952048000003,121.57179073519244,8.227702235538146
1,3.139631412917151,11.422881350000006,122.96612122608896,8.365982945379102
1,3.37207371741657,32.53790458999997,127.72528232311593,13.712837059230239
1,3.1031047650672425,20.422726985999994,122.53975570407928,8.043327955750172
1,2.8607006475178482,15.576656070000011,124.00322654989628,10.30191288315278
1,2.956998173667608,14.884360139999995,122.03272643466237,8.066374740723674
1,3.161215341192097,14.884360274999997,123.54229085042635,9.345471306752685
1,3.26415407604184,15.922803610000013,123.45010371053237,9.794883613735877
1,3.348829486966628,19.38428305999997,122.35538142429132,9.403088269186455
1,3.4318445957164205,19.038134939999978,128.93523853422448,14.162249366213416
1,2.887265482317782,15.576655989999987,126.33095183221941,12.030421756165026
1,2.8939066910177655,15.230508090000038,130.0414842129523,15.994468771606378
1,2.998505728042504,11.769029119999994,123.0237381885227,9.414611661673192
1,3.3305661630416736,14.88436022,122.66651302143352,8.239225628024897
1,3.3886767391665287,11.076733149999999,122.89698087116847,9.011292924637004
1,2.762742819193093,11.769029199999984,123.72666513021433,10.117538603364821
1,3.10808567159223,15.576656119999999,124.41806867941922,11.15464392717216
1,3.26415407604184,15.230508389999994,123.24268264577091,9.679649688868409
1,3.262493773866844,15.23050813999999,122.38995160175155,8.688637935008046
1,3.4965963805412588,23.191910267,123.95713297994931,10.589997695321529
1,3.9166528308152087,21.115022960000008,125.13251901359762,11.408158561880626
1,3.3322264652166695,16.268951790000003,124.14150725973727,10.613044480295002
1,3.1778183629420558,9.692141700000006,122.80479373127449,9.944687716063612
1,3.19608168686701,15.922803900000007,122.9776446185757,8.654067757547821
1,3.1263489955171844,16.26895177000001,121.99815625720211,9.080433279557496
1,3.254192262991865,11.07673303,124.61396635169393,11.016363217331175
1,3.406940063091483,24.230353760000007,127.11454252131828,13.67826688177
1,3.1064253694172344,12.807472708999995,125.31689329338558,11.684719981562566
1,2.920471525817699,14.538212272,121.75616501498041,7.812860106015208
1,3.2027228955669935,19.384283069999988,122.85088730122149,8.515787047706851
1,3.1363108085671594,12.461325119999993,123.10440193592993,9.73726665130215
1,2.9055288062427365,21.115022599999993,121.17999539064301,7.593915648767009
1,3.071559023742321,9.692141364999996,125.16708919105785,11.627103019128839
1,2.885605180142786,21.807318570000014,121.89444572482138,7.559345471306742
1,3.084841441142288,17.99969127999998,124.59091956672043,10.140585388338323
1,3.1578947368421053,20.076578850000008,131.5510486287163,17.28508873012217
1,3.249211356466877,36.34553105999999,127.85203964047017,13.424752247061548
1,3.239249543416902,16.615099519999998,125.45517400322655,11.62710301912881
1,3.084841441142288,10.384437200000006,121.69854805254667,7.916570638395939
1,2.8723227627428196,10.384437513999991,123.99170315740955,9.59898594146118
1,3.2176656151419563,20.422726949999998,122.52823231159253,9.172620419451476
1,3.051635397642371,16.268952000999995,122.47061534915879,8.631020972574333
1,3.328905860866678,17.999691460000005,123.66904816778059,9.714219866328648
1,3.149593225967126,21.115023820000022,131.78151647845127,17.988015671813784
1,3.1031047650672425,14.192064350000004,122.14796035952983,8.896058999769522
1,3.197741989042006,15.922803709999995,132.0119843281862,18.541138511177678
1,3.274115889091815,31.15331150999996,132.00046093569946,18.345240838902967
1,3.0034866345674915,12.461326019999884,127.47176768840747,12.963816547591605
1,3.450107919641375,13.845916569999996,122.95459783360221,8.67711454252131
1,3.2276274281919313,18.691987231999995,124.09541368979026,10.267342705692528
1,3.0931429520172675,16.615100229999992,123.58838442037336,10.036874855957606
1,2.930433338867674,14.538212559999998,122.35538142429132,9.264807559345485
1,2.975261497592562,16.615099360000034,131.49343166628256,17.043097487900454
1,3.0599369085173502,12.115176919000001,129.07351924406544,15.291541829914706
1,3.4268636891914332,13.153621109999978,128.64715372205578,14.657755243143598
1,2.764403121368089,17.99969150999999,124.3604517169855,10.463240377967296
1,3.151253528142122,14.884360170000013,124.93662134132289,11.385111776907138
1,3.2143450107919644,16.961247629999985,130.61765383728968,16.27103019128829
1,3.166196247717085,25.614945439999985,122.9776446185757,8.884535607282771
1,3.2010625933919976,15.230508094000003,123.50772067296612,9.702696473841897
1,3.362111904366595,15.922804030000002,130.69831758469695,16.985480525466727
1,3.9249543416901878,27.691832811999998,124.86748098640238,10.751325190135972
1,2.963639382367591,15.230508260000002,121.37589306291771,7.4325881539525085
1,2.97194089324257,16.268951479999973,126.53837289698086,12.894676192671128
1,2.9835630084675415,12.461324289999991,127.24129983867249,13.655220096796484
1,3.383695832641541,21.46117034999997,131.45886148882232,17.169854805254673
1,3.144612319442139,19.038135079999986,121.01866789582854,8.112468310670678
1,2.734517682218164,12.115176934000003,120.93800414842129,7.547822078819991
1,3.571309978416072,12.807472746999993,124.11846047476378,9.898594146116622
1,2.8955669931927615,13.499768474999982,122.4475685641853,7.997234385803196
1,2.9387348497426533,17.999691459999884,128.85457478681724,14.888223092878548
1,3.142952017267143,11.422881050999997,122.90850426365523,9.161097026964754
1,3.056616304167359,14.538212390000012,122.48213874164553,9.161097026964725
1,3.2043831977419894,21.807318405000004,123.20811246831067,9.287854344318959
1,3.0948032541922634,15.576656319999998,121.91749250979488,8.35445955289238
1,3.149593225967126,21.461170849999995,124.47568564185296,11.050933394791414
1,3.2226465216669435,16.615099549999993,129.02742567411846,15.349158792348476
1,3.054956001992363,15.576656050000029,129.26941691634016,15.729430744411147
1,3.061597210692346,20.7688745,127.09149573634477,13.079050472459073
1,3.4135812717914664,10.730585248999997,131.03249596681263,17.204424982714897
1,3.0350323758924125,13.499768649999996,122.19405392947684,8.020281170776684
1,3.4252033870164373,25.268797739999997,122.7126065913805,8.999769532150282
1,3.3023410260667445,13.845916310000014,122.89698087116847,9.091956672044248
1,2.922131827992695,12.115175979999954,130.37566259506798,16.317123761235294
1,2.6996513365432513,12.115177169999997,123.06983175846969,8.377506337865853
1,3.172837456417068,11.422881020000004,125.52431435814704,11.857570868863789
1,3.373734019591566,13.845916577999994,122.80479373127449,9.149573634477989
1,3.230948032541923,9.692141419999988,121.83682876238764,8.803871859875542
1,3.144612319442139,13.153620739999992,123.43858031804564,9.967734501037114
1,2.976921799767558,11.769028780000014,124.27978796957824,10.831988937543201
1,3.669267806740827,14.884360450000003,130.49089651993546,16.247983406314816
1,3.2209862194919476,13.499768447999966,124.00322654989628,10.082968425904568
1,2.8125518844429687,12.115176939999994,123.00069140354921,8.5042636552201
1,3.5414245392661465,12.461324669999982,123.01221479603595,8.700161327494811
1,2.8175327909679564,26.30724134000001,123.78428209264807,9.633556118921405
1,2.8125518844429687,16.26895195,123.3348697856649,9.11500345701775
1,2.888925784492778,11.422881209999998,123.86494584005531,10.048398248444343
1,3.3770546239415578,19.73043098199999,123.57686102788661,8.976722747176751
1,2.978582101942554,16.96124787,131.00944918183913,16.881769993085953
1,3.084841441142288,17.653543476999996,125.1094722286241,10.613044480294988
1,2.613315623443467,12.11517690000002,121.12237842820926,6.844895137128361
1,3.5447451436161383,19.384282780000003,123.89951601751557,9.748790043788901
1,3.579611489291051,15.922803319999984,129.21179995390645,15.187831297534018
1,2.634899551718413,13.84591632,122.70108319889374,8.723208112468285
1,3.406940063091483,13.153620549000003,123.65752477529384,10.129061995851572
1,3.6327411588909184,20.768874519999983,124.85595759391566,10.555427517861276
1,2.754441308318114,13.153620635,121.57179073519244,8.469693477759847
1,3.3172837456417072,19.03813506000003,123.87646923254205,9.645079511408156
1,3.3139631412917154,11.769029079999969,123.16201889836367,9.564415764000913
1,3.0383529802424043,13.499769219999964,124.52177921179994,10.198202350772064
1,2.73617798439316,21.115022660000008,121.94053929476839,8.02028117077667
1,2.7826664452930436,16.961247699999987,123.55381424291312,9.610509333947917
1,3.2475510542918813,17.653543551000002,124.95966812629638,10.751325190135972
1,2.852399136642869,25.96109333,121.79073519244066,7.824383498501973
1,3.2110244064419726,12.461324520000003,123.78428209264807,9.20719059691173
1,3.084841441142288,19.384283015999994,124.78681723899516,10.705231620188982
1,2.9802424041175497,17.653541799999978,122.88545747868172,9.552892371514162
1,3.4086003652664787,13.8459164,124.39502189444573,10.566950910347998
1,3.044994188942388,20.422726785999995,120.2926941691634,7.121456556810315
1,3.149593225967126,17.999691400000003,122.4475685641853,8.515787047706851
1,3.131329902042172,17.999691149999983,123.2887762157179,8.389029730352604
1,3.2774364934418068,13.153620759999967,123.53076745793963,9.310901129292475
1,2.8723227627428196,16.26895191000001,123.47315049550586,10.324959668126269
1,3.2674746803918318,17.307395279999998,123.66904816778059,9.172620419451476
1,3.348829486966628,18.345838829999966,123.95713297994931,9.679649688868409
1,2.968620288892579,13.845916460000009,122.57432588153951,8.838442037335767
1,3.159555039017101,15.57665627999999,123.01221479603595,9.322424521779212
1,3.3438485804416405,13.153620380000012,121.98663286471539,8.08942152569719
1,2.9138303171177156,14.884360490000011,122.0903433970961,7.951140815856192
1,3.1811389672920476,9.345993703999987,124.00322654989628,9.43765844664668
1,3.0134484476174666,26.999537407999956,123.1159253284167,9.126526849504515
1,3.594554208866014,12.461325070000006,130.41023277252825,15.902281631712384
1,3.0250705628424375,16.268951852999997,125.17861258354459,10.912652684950459
1,3.149593225967126,20.42272715000008,124.80986402396866,10.762848582622738
1,3.1462726216171344,17.999691680000012,128.04793731274486,13.81654759161097
1,3.4418064087663955,20.07657902,123.99170315740955,9.529845586540688
1,2.9237921301676906,13.49976848999998,123.96865637243604,10.071445033417845
1,3.2027228955669935,15.922803180000027,124.30283475455175,10.83198893754323
1,3.096463556367259,16.615099990000008,125.66259506798802,11.431205346854128
1,2.8241739996679396,17.999691364000004,122.63194284397328,9.230237381885246
1,3.7257180806906858,16.615100050000002,129.92625028808482,15.844664669278643
1,3.10808567159223,17.307395480000014,122.38995160175155,8.884535607282771
1,3.358791300016603,14.88436039999999,129.74187600829686,16.363217331182312
1,3.0948032541922634,22.15346645999999,122.22862410693709,8.515787047706866
1,2.7162543582932095,12.461324796,121.91749250979488,8.930629177229775
1,3.02008965631745,11.076733094999993,122.56280248905279,9.460705231620196
1,3.164535945542089,13.153620680000001,121.5833141276792,8.308365982945404
1,3.5530466544911175,15.922804039999997,125.23622954597833,11.085503572251667
1,3.380375228291549,33.922495030000015,123.3579165706384,9.82945379119613
1,3.250871658641873,10.730585319999978,124.2682645770915,10.267342705692556
1,3.5879130001660307,17.999691406999997,126.93016824153031,12.756395482830158
1,3.172837456417068,19.038135000000004,124.27978796957824,10.785895367596225
1,2.9005478997177487,11.769028779999996,123.77275870016133,10.267342705692556
1,3.0217499584924457,29.076424769999985,122.35538142429132,9.138050241991266
1,3.056616304167359,14.884360379999999,123.01221479603595,9.034339709610492
1,2.558525651668604,17.307395900000003,128.90066835676424,15.303065222401486
1,2.9835630084675415,14.192064199999992,124.68310670661442,11.097026964738419
1,2.759422214843102,15.576655849999995,126.25028808481218,12.733348697856655
1,2.8075709779179814,19.384283170000014,122.96612122608896,8.561880617653827
1,3.054956001992363,18.69198727000001,132.9914726895598,18.2300069140355
1,3.28407770214179,41.537749530000006,122.95459783360221,8.861488822309283
1,3.5347833305661633,17.653543129999992,125.48974418068678,11.269877852039627
1,2.9188112236427033,16.961247789999984,123.36943996312515,9.345471306752714
1,3.0117881454424706,12.461324831,122.90850426365523,9.02281631712377
1,3.1927610825170185,11.076733079999988,122.62041945148651,8.861488822309283
1,3.4434667109413915,17.999691319999997,125.12099562111085,10.785895367596211
1,3.0914826498422716,22.153465980000018,122.80479373127449,9.495275409080435
1,3.5065581935912338,17.30739561,124.34892832449873,10.405623415533526
1,3.7157562676407108,19.730430899999995,125.14404240608434,10.05992164093108
1,2.570147766893575,13.845916406000002,121.32979949297074,8.538833832680353
1,3.194421384692014,12.115176919,123.05830836598295,8.204655450564658
1,3.285738004316786,13.49976864000001,125.02880848121687,10.647614657755241
1,3.503237589241242,17.653543279999987,128.3936390873473,14.542521318276087
1,3.3338867673916655,20.422726669999996,126.4000921871399,12.975339940078356
1,2.97194089324257,16.615099885000003,123.95713297994931,10.601521087808251
1,3.1695168520670762,16.268951599999973,124.72920027656143,10.73980179764925
1,2.940395151917649,21.461170506999995,124.2221710071445,9.668126296381644
1,3.4799933587913,26.999537459999992,124.45263885687947,10.486287162940783
1,3.3554706956666114,18.345839100000006,124.16455404471077,10.221249135745566
1,3.154574132492114,12.461324993999987,122.00967964968888,8.481216870246612
1,3.1578947368421053,19.730430990000002,131.0785895367596,17.054620880387176
1,2.6913498256682717,12.807472719,121.67550126757318,7.616962433740497
1,2.8922463888427696,19.384283015999998,121.54874395021895,8.389029730352618
1,2.8374564170679064,9.345993560000005,122.04424982714912,8.193132058077893
1,3.10808567159223,23.191909630000005,123.17354229085042,9.149573634477989
1,3.5879130001660307,19.730431250000006,133.6828762387647,19.90089882461396
1,2.653162875643367,14.19206402999997,122.63194284397328,8.815395252362308
1,3.041673584592396,19.38428300000001,129.6842590458631,15.833141276791864
1,3.0914826498422716,14.538212120000019,123.76123530767458,9.910117538603359
1,2.8706624605678237,23.538058180000014,124.42959207190596,10.958746254897434
1,3.242570147766894,37.383974109999976,125.23622954597833,10.647614657755241
1,2.7179146604682054,18.345839399999978,123.99170315740955,10.025351463470855
1,3.1064253694172344,20.07657876999998,127.57547822078821,14.150725973726665
1,3.7556035198406112,15.230508309999959,126.76884074671584,12.502880848121706
1,3.604516021915989,13.499768540000002,124.24521779211798,9.172620419451476
1,2.885605180142786,12.115176863999993,122.30928785434432,8.631020972574333
1,3.2209862194919476,12.461324740000029,123.17354229085042,8.965199354690014
1,3.582932093641043,23.191910190000012,131.14772989168011,16.397787508642537
1,3.229287730366927,15.922803279999966,129.21179995390645,15.787047706844902
1,3.064917815042338,15.576655989999987,122.1594837520166,8.919105784743024
1,3.0184293541424543,26.99953637999998,129.02742567411846,15.902281631712384
1,3.0234102606674416,17.65354344000002,133.62525927633095,20.188983636782666
1,3.483313963141292,13.153620659999975,126.89559806407007,12.007374971191538
1,3.1778183629420558,16.26895184299999,122.92002765614197,8.58492740262733
1,3.282417399966794,14.538211949999997,123.73818852270108,9.898594146116622
1,3.478333056616304,19.038135359999977,123.62295459783361,9.967734501037114
1,2.9835630084675415,10.73058501,124.17607743719752,9.69117308135516
1,3.0914826498422716,14.884359919999993,123.73818852270108,9.714219866328648
1,3.2990204217167527,15.57665621000001,124.78681723899516,10.647614657755241
1,3.365432508716587,12.461324509999974,123.01221479603595,8.999769532150253
1,2.9935248215175165,13.499768542000004,123.3579165706384,9.3454713067527
1,3.307321932591732,12.807472907000005,122.58584927402627,9.011292924637004
1,3.3969782500415078,10.730585190000008,122.88545747868172,8.90758239225626
1,3.10808567159223,20.42272649999998,122.88545747868172,9.49527540908042
1,2.9802424041175497,16.961248000000005,121.97510947222862,8.492740262733335
1,2.9603187780175992,15.23050807599999,121.01866789582854,7.16755012675732
1,2.875643367092811,11.769028964999993,122.63194284397328,8.377506337865867
1,2.6813880126182967,12.807472700000002,122.81631712376124,9.587462548974415
1,3.2093641042669767,16.615099840000006,122.1594837520166,8.73473150495505
1,2.996845425867508,16.26895189,129.36160405623417,15.648766997003946
1,2.842437323592894,17.653543619999997,121.49112698778521,7.962664208342943
1,2.8191930931429523,11.422881043999995,121.85987554736116,8.826918644849059
1,3.362111904366595,13.153620860000009,124.39502189444573,9.840977183682881
1,2.779345840943052,11.769028979999995,121.81378197741415,7.905047245909202
1,2.8258343018429355,14.192064197999999,121.41046324037796,7.467158331412762
1,3.1794786651170517,11.076732790000001,129.01590228163172,14.369670430974892
1,3.3089822347667277,15.922803930000002,122.74717676884075,9.39156487669969
1,3.2193259173169517,16.268952140000014,124.27978796957824,9.979257893523851
1,2.6913498256682717,12.807472769999997,121.14542521318276,7.374971191518796
1,3.538103934916155,20.076578639999994,123.48467388799263,9.368518091726216
1,3.041673584592396,15.23050791799999,124.37197510947222,9.5874625489744
1,2.887265482317782,11.422881021999967,121.4680802028117,7.893523853422437
1,3.0283911671924293,24.23035361999998,122.25167089191058,8.723208112468313
1,2.9702805910675747,24.922647749999957,129.45379119612815,15.326112007374974
1,2.8357961148929105,11.769028950000017,122.06729661212262,8.147038488130903
1,2.968620288892579,13.499768269999999,123.10440193592993,9.403088269186426
1,3.033372073717417,13.153620570000006,122.30928785434432,8.55035722516709
1,3.383695832641541,16.268951309999952,126.3539986171929,12.38764692325421
1,3.2375892412419063,21.46117156999999,132.13874164554045,18.92141046324039
1,3.328905860866678,20.422727009999996,126.18114772989169,11.488822309287855
1,3.1346505063921635,13.845916129999988,125.69716524544825,11.684719981562552
1,2.789307653993027,15.230507649999971,126.03134362756396,12.652684950449412
1,3.0117881454424706,21.115022544000023,127.0223553814243,13.286471537220564
1,3.2326083347169186,13.845916458000003,127.54090804332796,14.035492048859183
1,2.8025900713929937,14.884360176000008,121.95206268725514,8.538833832680353
1,2.9005478997177487,15.576656179999981,122.65498962894677,8.55035722516709
1,3.463390337041342,14.192064309999996,130.43327955750172,16.720442498271495
1,3.4667109413913333,17.99969135000001,125.37451025581932,11.972804793731285
1,3.053295699817367,17.653543980000013,121.90596911730813,8.469693477759847
1,3.3670928108915827,11.76902877000001,124.11846047476378,9.449181839133459
1,3.043333886767392,12.461324773999914,125.05185526619036,11.719290159022805
1,3.4135812717914664,18.691986920000012,124.12998386725052,10.15210878082506
1,3.0931429520172675,11.769029208000005,123.1159253284167,9.483752016593684
1,2.885605180142786,18.345839374000008,122.51670891910578,8.435123300299608
1,3.4235430848414414,19.730431133999993,124.33740493201198,10.013828070984104
1,3.071559023742321,12.11517736999998,123.17354229085042,9.472228624106918
1,3.6277602523659307,14.884360045000006,128.01336713528462,14.00092187139893
1,2.7046322430682386,15.5766561,124.75224706153492,10.878082507490205
1,3.129669599867176,19.038135499999992,123.93408619497579,9.575939156487664
1,2.747800099618131,21.115022726,125.62802489052778,12.053468541138514
1,3.254192262991865,13.153620639999993,126.27333486978567,12.744872090343407
1,2.9005478997177487,11.422880889999988,121.16847199815626,7.743719751094716
1,3.340527976091649,15.576655824999992,125.44365061073981,11.258354459552905
1,2.77602523659306,16.268951935999997,121.4450334178382,8.147038488130889
1,2.380873318944048,9.345993614000001,120.3387877391104,7.063839594376603
1,3.0599369085173502,28.73027662,122.93155104862872,9.414611661673192
1,3.063257512867342,19.038135360000002,122.95459783360221,9.138050241991237
1,2.953677569317616,20.076578890000015,122.65498962894677,8.665591150034587
1,3.978084011290055,18.691987180000005,125.91610970269646,12.43374049320117
1,2.943715756267641,15.230507800000009,125.7778289928555,12.848582622724123
1,3.1994022912170017,14.538212079999992,121.8253053699009,7.916570638395953
1,3.3106425369417236,14.192063990000007,123.68057156026735,9.852500576169618
1,2.9935248215175165,19.38428318199999,134.10924176077435,19.981562572021176
1,2.742819193093143,9.69214175000001,121.81378197741415,7.363447799032045
1,3.269134982566827,10.384437267999996,123.31182300069142,9.230237381885246
1,2.734517682218164,17.653543670000033,124.48720903433971,11.16616731965891
1,3.270795284741823,17.999691375999998,123.77275870016133,9.541368979027439
1,2.6930101278432677,15.922803730999998,121.89444572482138,7.905047245909202
1,3.6427029719408934,12.461325009999989,124.03779672735654,10.002304678497353
1,2.6913498256682717,21.11502273999999,126.0889605899977,12.410693708227711
1,3.119707786817201,12.807472850000005,123.70361834524084,10.036874855957592
1,3.737340195915657,17.99969119000001,125.4666973957133,11.604056234155337
1,2.73617798439316,11.769029049999999,121.272182530537,7.628485826227262
1,2.9470363606176324,28.38412887900002,122.53975570407928,8.204655450564644
1,3.4019591565664955,19.384283029999974,123.93408619497579,10.359529845586522
1,3.063257512867342,16.615099724,122.92002765614197,9.760313436275638
1,3.463390337041342,23.191910180000008,122.92002765614197,8.873012214796049
1,3.2093641042669767,14.192064339999991,123.19658907582391,9.172620419451476
1,3.043333886767392,13.153620720000001,123.73818852270108,9.506798801567186
1,3.7091150589407276,23.191910289999992,124.07236690481677,10.520857340401022
1,3.2873983064917818,18.345839251999998,123.25420603825765,9.034339709610492
1,3.1346505063921635,26.99953702,121.42198663286472,7.674579396174238
1,3.0101278432674747,14.192064325,123.34639317815166,10.509333947914271
1,3.083181138967292,24.230353800000007,122.60889605899976,8.896058999769537
1,2.7926282583430186,15.57665603000002,121.62940769762618,6.867941922101878
1,3.0366926780674084,13.15362127999993,132.80709840977184,18.42590458631021
1,3.689191432840777,26.99953679999995,127.12606591380502,13.551509564415753
1,3.5215009131661965,11.769028965999992,124.18760082968426,11.500345701774606
1,2.953677569317616,14.88436037999998,122.67803641392025,9.103480064530984
1,3.19608168686701,48.114559180000015,123.04678497349619,9.587462548974415
1,3.2907189108417736,15.922803799999999,123.06983175846969,9.518322194053937
1,3.0217499584924457,12.115176689999982,121.21456556810324,8.043327955750158
1,3.2176656151419563,16.268951519999998,127.82899285549665,13.33256510716754
1,3.4965963805412588,19.038135269999998,123.45010371053237,9.702696473841897
1,2.877303669267807,14.884360080000025,125.48974418068678,11.212260889605886
1,3.1163871824672094,11.422881072999996,129.07351924406544,15.602673427056914
1,2.8059106757429855,21.807318770000002,123.4040101405854,9.426135054159943
1,3.066578117217334,12.461324784999992,126.6420834293616,12.410693708227711
1,3.5879130001660307,18.691987231,124.07236690481677,10.163632173311825
1,3.1246886933421885,15.92280435999998,121.52569716524543,8.469693477759833
1,2.975261497592562,20.42272658999999,123.08135515095644,8.458170085273096
1,2.66810559521833,13.845916870000003,122.34385803180456,8.746254897441801
1,3.0068072389174834,11.422880800000005,122.74717676884075,8.76930168241529
1,2.8607006475178482,19.038135284000006,122.781746946301,9.184143811938242
1,3.295699817366761,15.922804116000004,128.64715372205578,15.187831297534004
1,3.1064253694172344,13.845916454,122.17100714450335,8.68863793500806
1,3.5364436327411592,17.30739555000001,125.02880848121687,11.477298916801118
1,2.9470363606176324,17.653543059999997,120.45402166397787,6.925558884535604
1,3.0400132824174,17.65354323000001,121.72159483752016,8.100944918183913
1,2.7046322430682386,11.422881050000008,122.90850426365523,9.368518091726216
1,3.0134484476174666,12.807472529999998,124.12998386725052,9.82945379119613
1,3.1213680889921966,14.884360349999985,122.32081124683107,8.53883383268034
1,3.461730034866346,19.384283129999986,127.97879695782439,14.819082737958055
1,2.8059106757429855,15.922803539999991,123.76123530767458,9.771836828762403
1,3.1695168520670762,13.499768459999984,123.00069140354921,9.310901129292475
1,2.832475510542919,11.769029120000011,122.48213874164553,8.389029730352604
1,3.406940063091483,13.845916089999973,123.41553353307214,10.048398248444357
1,3.041673584592396,15.922804079999997,123.10440193592993,9.103480064530984
1,2.9237921301676906,13.845916446000002,124.72920027656143,11.661673196589092
1,2.9370745475676574,18.69198754000002,122.52823231159253,9.241760774371969
1,3.0698987215673257,15.230508069999996,124.09541368979026,10.8089421525697
1,3.4418064087663955,27.691832849999997,128.820004609357,14.680802028117085
1,2.9071891084177324,26.9995371,121.84835215487439,7.824383498501959
1,3.2458907521168854,21.115022599999993,121.95206268725514,8.677114542521338
1,3.2110244064419726,23.884206239999997,131.3205807789813,17.630790504724573
1,3.229287730366927,21.461170588999998,124.71767688407466,10.267342705692556
1,2.930433338867674,12.807473079999975,123.49619728047938,9.990781286010602
1,3.1578947368421053,21.807318347,124.59091956672043,10.589997695321486
1,2.762742819193093,10.384437388000038,123.27725282323117,10.025351463470855
1,2.8972272953677574,18.691987829999935,129.64968886840288,15.67181378197742
1,3.458409430516354,12.461324570000007,122.98916801106246,8.849965429822547
1,3.3222646521666945,21.807318340000005,125.61650149804102,11.523392486748094
1,3.0167690519674584,12.807472845000003,122.45909195667204,8.631020972574305
1,2.978582101942554,21.11502245,122.35538142429132,7.513251901359766
1,3.242570147766894,13.15362094,125.1094722286241,10.935699469923946
1,3.270795284741823,23.53805711999987,130.24890527771376,16.950910348006445
1,3.3139631412917154,18.34583940999999,124.06084351233002,10.232772528232289
1,3.338867673916653,18.691987170000008,125.60497810555427,10.578474302834735
1,3.5762908849410597,19.730431270000015,129.77644618575707,15.694860566950894
1,3.5198406109912006,16.615099389999994,123.24268264577091,8.965199354690014
1,2.9702805910675747,15.576655780000008,122.51670891910578,8.896058999769537
1,3.149593225967126,19.730430740000013,127.40262733348698,13.505415994468777
1,3.4335048978914164,20.768874649999997,132.0119843281862,19.002074210647592
1,3.15623443466711,17.30739546000004,122.58584927402627,8.873012214796049
1,3.3969782500415078,27.345685069999988,123.84189905508181,9.898594146116608
1,3.1031047650672425,12.115176940000003,124.3604517169855,10.79741876008299
1,3.4119209696164705,17.999691,123.65752477529384,10.348006453099785
1,3.7223974763406944,16.961247555000003,124.63701313666743,11.085503572251682
1,2.9918645193425206,17.307395388000003,122.20557732196357,7.570868863793493
1,2.669765897393326,22.845762750000002,124.72920027656143,10.520857340401022
1,3.338867673916653,35.30708585999999,129.5575017285089,16.25950679880158
1,3.0068072389174834,21.461170350000014,124.93662134132289,11.06245678727818
1,2.956998173667608,23.884205760000068,126.27333486978567,12.733348697856655
1,3.0184293541424543,13.499768433999996,123.49619728047938,9.356994699239465
1,3.0483147932923793,16.268951889999993,123.51924406545287,9.633556118921405
1,3.3272455586916823,16.961247899999996,127.89813321041714,14.012445263885681
1,3.4019591565664955,14.538212069999997,130.22585849274026,16.155796266420822
1,3.382035530466545,20.768875080000008,122.29776446185755,9.115003457017735
1,3.2226465216669435,15.92280395000002,123.36943996312515,8.631020972574333
1,2.942055454092645,19.38428292000001,122.30928785434432,8.919105784743024
1,2.9370745475676574,12.807472934,121.81378197741415,8.446646692786373
1,2.975261497592562,16.615099859999987,122.9776446185757,9.564415764000913
1,2.9038685040677406,10.038288370000023,122.62041945148651,8.550357225167076
1,3.589573302341026,28.730276249999964,126.81493431666281,13.897211339018199
1,3.197741989042006,13.499768719999958,122.77022355381423,9.241760774371969
1,3.3006807238917486,20.0765789,122.689559806407,8.077898133210425
1,2.942055454092645,19.730430740000013,123.9110394100023,10.336483060613034
1,3.491615474016271,29.422572629999976,127.39110394100024,14.242913113620645
1,3.0997841607172507,20.422727310000013,123.41553353307214,9.138050241991237
1,2.7179146604682054,17.653543639999988,123.63447799032035,9.760313436275638
1,3.2093641042669767,20.076578835,123.38096335561188,10.186678958285313
1,3.0815208367922966,28.037980530000034,130.66374740723668,16.6282553583775
1,3.6078366262659807,8.999846060000014,123.6460013828071,9.518322194053923
1,2.830815208367923,15.922803469999996,128.11707766766537,14.680802028117085
1,3.1462726216171344,12.46132476999999,125.09794883613736,11.269877852039627
1,2.9935248215175165,17.307395543999995,124.33740493201198,9.541368979027425
1,3.602855719740993,17.653543910000018,123.94560958746254,9.956211108550363
1,3.7273783828656817,15.576655840000008,123.9801797649228,10.013828070984104
1,3.538103934916155,19.038135299999993,129.67273565337635,16.09817930398708
1,3.1346505063921635,17.307394690000006,122.50518552661904,8.654067757547821
1,3.282417399966794,14.192064334000001,127.49481447338096,12.894676192671099
1,3.2475510542918813,14.538210688000083,124.61396635169393,10.463240377967267
1,2.942055454092645,15.230507819999984,124.31435814703849,10.209725743258815
1,3.1678565498920808,20.07657873000001,123.78428209264807,10.013828070984104
1,3.031711771542421,23.538058125,122.52823231159253,8.700161327494797
1,3.187780175992031,18.691987010000002,129.69578243834985,15.81009449181839
1,3.582932093641043,18.345839312999995,123.66904816778059,10.705231620188982
1,2.847418230117882,13.499768849999995,122.21710071445034,8.2622724129984
1,3.280757097791798,16.268951609999984,125.1555657985711,11.857570868863789
1,2.8490785322928773,20.422726905000005,131.14772989168011,17.630790504724587
1,2.961979080192595,11.769029138000006,122.70108319889374,9.253284166858705
1,3.186119873817035,11.076733146000006,121.80225858492739,8.654067757547793
1,3.098123858542255,18.691987530000006,123.12744872090344,9.218713989398495
1,2.975261497592562,15.922804830000025,122.781746946301,8.79234846738882
1,2.9105097127677237,15.922804075999995,127.74832910808942,13.666743489283249
1,3.481653660966296,18.34583913,123.68057156026735,10.025351463470855
1,2.869002158392828,17.999691680000012,122.62041945148651,8.377506337865867
1,2.9470363606176324,12.807472756,123.45010371053237,9.725743258815385
1,3.2458907521168854,16.961247626,122.13643696704311,8.688637935008074
1,3.26415407604184,22.15346646,123.83037566259507,10.071445033417845
1,3.4152415739664623,17.65354369000001,122.29776446185755,8.538833832680325
1,3.5464054457911343,15.92280423999998,123.36943996312515,8.68863793500806
1,2.968620288892579,16.61509969899992,121.88292233233464,8.043327955750186
1,2.9835630084675415,11.422881046999995,121.97510947222862,8.319889375432126
1,3.5563672588411093,16.615099849000003,124.93662134132289,10.693708227702245
1,3.1047650672422384,13.499767799999978,127.264346623646,13.424752247061548
1,2.570147766893575,15.922803859999998,122.58584927402627,8.757778289928538
1,3.3255852565166863,18.345839200000004,124.42959207190596,10.382576630560038
1,3.6659472023908353,23.191910090000004,130.62917722977645,17.0085273104402
1,2.940395151917649,14.53821228999997,132.5074902051164,17.941922101866794
1,3.2458907521168854,14.884360290000004,121.90596911730813,8.769301682415303
1,2.7311970778681722,12.807472590000007,121.11085503572252,7.271260659138065
1,3.1246886933421885,14.538212470000012,125.45517400322655,11.995851578704773
1,2.9088494105927283,20.076578938999987,123.15049550587693,8.849965429822547
1,3.1778183629420558,17.653544530000023,130.82507490205117,17.51555657985712
1,2.898887597542753,29.76872059,128.01336713528462,14.519474533302613
1,2.9254524323426865,12.807472329999982,122.88545747868172,8.849965429822532
1,2.9171509214677074,27.34568526,121.8713989398479,8.53883383268034
1,2.8490785322928773,10.730585439999986,122.94307444111547,9.045863102097272
1,3.2093641042669767,11.769029899999957,122.29776446185755,8.942152569716498
1,3.2226465216669435,13.499768649999996,123.79580548513482,9.898594146116622
1,2.942055454092645,18.34583936999999,127.51786125835447,13.090573864945853
1,3.0018263323924956,14.192064530000003,123.9110394100023,9.080433279557496
1,3.0167690519674584,15.576655910000003,122.82784051624797,9.103480064530984
1,2.9038685040677406,23.538060430000062,127.40262733348698,13.205807789813306
1,2.8374564170679064,15.922803610000004,121.54874395021895,8.619497580087568
1,2.988543914992529,17.30739531000003,123.21963586079742,9.817930398709393
1,3.4152415739664623,20.076579040000002,123.45010371053237,9.633556118921405
1,3.694172339365765,19.038135098,127.43719751094721,13.943304908965203
1,2.810891582267973,27.34568206999986,126.6420834293616,13.367135284627807
1,3.0914826498422716,16.615100429999973,123.21963586079742,9.622032726434668
1,2.978582101942554,20.76887468,122.95459783360221,9.172620419451476
1,3.161215341192097,27.691832671999983,123.57686102788661,9.241760774371969
1,3.0815208367922966,15.576655969999994,122.49366213413228,8.803871859875542
1,3.096463556367259,17.99969132999999,125.96220327264346,12.214796035952986
1,3.4301842935414246,13.499768464999995,123.00069140354921,9.057386494584009
1,2.4041175493939897,8.307549929999993,119.49758008757779,6.349389260198194
1,2.7195749626432013,21.807318450000004,124.33740493201198,11.362064991933622
1,3.1794786651170517,23.191910200000006,123.05830836598295,9.403088269186455
1,3.5530466544911175,16.61510019999998,123.72666513021433,10.278866098179293
1,3.0698987215673257,19.03813506599999,130.5254666973957,16.513021433510005
1,3.0283911671924293,22.845762122999997,122.27471767688407,8.607974187600817
1,3.470031545741325,19.730431150000015,122.92002765614197,9.31090112929246
1,3.2873983064917818,14.538212393999995,122.75870016132751,8.826918644849059
1,3.451768221816371,13.499768498,123.51924406545287,9.21871398939848
1,3.0134484476174666,21.461170402000004,122.89698087116847,8.999769532150268
1,3.1794786651170517,15.23050776,122.74717676884075,9.380041484212967
1,3.6460235762908852,18.34583934999998,125.90458631020974,12.076515326112002
1,3.2359289390669104,15.576655710000004,123.89951601751557,9.564415764000927
1,2.9271127345176824,20.076578600000047,129.6381654759161,15.556579857109938
1,2.961979080192595,10.730585119999988,122.65498962894677,8.757778289928567
1,3.15623443466711,15.576655980000016,124.80986402396866,10.5899976953215
1,3.239249543416902,16.268952042000002,128.98133210417146,14.450334178382093
1,3.2442304499418895,13.499768880000008,123.18506568333719,10.002304678497367
1,3.141291715092147,15.576656139999981,124.95966812629638,10.336483060613034
1,3.1246886933421885,26.307241457999996,123.25420603825765,9.29937773680571
1,2.986883612817533,16.96124769000001,123.63447799032035,9.910117538603359
1,3.4086003652664787,19.03813497000001,130.51394330490896,16.466927863563043
1,3.9432176656151423,24.230352809999978,127.81746946300991,13.954828301451954
1,2.810891582267973,11.076733166000006,123.47315049550586,9.333947914265948
1,3.4899551718412756,14.884360200000009,128.30145194745333,13.966351693938691
1,3.084841441142288,14.192064302000002,124.11846047476378,10.405623415533555
1,3.272455586916819,15.922803669999977,124.25674118460475,10.49781055542752
1,3.260833471691848,16.615099769,127.78289928554966,13.885687946531462
1,3.7423211024406444,14.884359930000013,124.34892832449873,10.912652684950444
1,2.7046322430682386,7.615254290000003,121.19151878312975,7.444111546439274
1,2.888925784492778,19.730431090000025,122.29776446185755,9.426135054159943
1,3.3455088826166364,14.884359859999993,122.70108319889374,8.423599907812843
1,3.2143450107919644,24.230353550000004,124.21064761465776,10.739801797649235
1,3.0898223476672757,17.307395765999992,124.78681723899516,10.497810555427506
1,2.943715756267641,15.922803902999995,127.10301912883153,12.96381654759162
1,3.1894404781670267,11.422880369999985,122.35538142429132,8.584927402627358
1,2.942055454092645,14.538212270000004,124.07236690481677,10.186678958285313
1,3.4102606674414746,16.96124776499999,124.11846047476378,9.760313436275652
1,3.030051469367425,11.422881130000034,124.17607743719752,10.912652684950459
1,3.285738004316786,17.30739537000002,122.07882000460937,8.59645079511408
1,3.28407770214179,13.845915880000003,121.75616501498041,8.41207651532612
1,3.360451602191599,19.384282953,123.62295459783361,9.091956672044248
1,3.041673584592396,19.730431149999994,122.59737266651302,9.564415764000927
1,2.6913498256682717,15.230508220000024,122.37842820926481,8.631020972574333
1,3.141291715092147,12.461324870000006,123.4040101405854,9.368518091726216
1,3.368753113066578,11.76902898999999,124.2682645770915,10.92417607743721
1,2.996845425867508,12.807472719999993,124.86748098640238,10.555427517861247
1,3.2674746803918318,23.53805990000006,124.72920027656143,10.53238073288776
1,3.061597210692346,13.499768570000006,123.01221479603595,9.472228624106933
1,3.031711771542421,15.576655824000012,121.69854805254667,8.008757778289933
1,3.086501743317284,16.615099550000004,126.15810094491819,12.88315280018439
1,2.6996513365432513,13.15362040999998,123.0237381885227,9.20719059691173
1,3.6443632741158893,16.961247470000004,123.05830836598295,9.668126296381658
1,3.365432508716587,15.57665611000001,124.54482599677345,11.223784282092652
1,3.051635397642371,14.192065450000026,126.31942843973265,11.765383728969795
1,2.867341856217832,23.884205769999994,131.2860106015211,17.792117999539087
1,2.998505728042504,13.153620529999989,123.1159253284167,9.218713989398495
1,3.142952017267143,20.422726729999997,123.31182300069142,10.244295920719082
1,3.0582766063423543,11.769029210000006,122.3323346393178,9.35699469923945
1,2.7046322430682386,12.461324819999994,121.29522931551048,7.409541368979021
1,2.8905860866677737,26.65338837999999,132.62272412998385,18.518091726204176
1,3.2259671260169354,17.999691280000015,122.86241069370823,8.423599907812857
1,3.154574132492114,20.768874669999988,122.65498962894677,8.44664669278636
1,3.5995351153910016,14.538212249999987,124.7752938465084,10.843512330029952
1,3.0366926780674084,13.499768520000002,121.96358607974187,8.988246139663516
1,2.922131827992695,15.230509630000041,128.54344318967503,14.242913113620645
1,2.8407770214178982,19.384283010000015,122.26319428439734,8.8845356072828
1,3.1794786651170517,16.268951955999984,122.85088730122149,9.241760774371983
1,3.076539930267309,13.845917510000026,124.04932011984329,9.979257893523851
1,2.659804084343351,16.26895159999999,120.90343397096106,7.605439041253746
1,3.250871658641873,11.769029180000011,125.1555657985711,11.07398017976493
1,3.162875643367093,16.26895187000002,123.42705692555889,9.44918183913343
1,3.37207371741657,19.730430669999983,124.49873242682645,10.831988937543201
1,2.9586584758426038,19.73043100000002,128.93523853422448,15.971421986632876
1,3.3305661630416736,14.884359960000008,124.19912422217101,9.806407006222642
1,3.051635397642371,16.61509957,123.32334639317814,9.483752016593684
1,2.968620288892579,13.845916440000002,124.99423830375662,10.762848582622723
1,3.161215341192097,16.961247099999966,129.20027656141968,15.545056464623187
1,3.651004482815873,18.69198708000001,124.80986402396866,10.912652684950459
1,2.6016935082184958,8.307550360000006,126.10048398248443,12.445263885687936
1,3.39199734351652,11.769029,123.79580548513482,9.725743258815385
1,3.250871658641873,20.76887486,125.13251901359762,10.83198893754323
1,3.1263489955171844,17.30739557999995,126.6651302143351,12.906199585157864
1,3.1379711107421553,16.961247829999984,124.07236690481677,10.924176077437181
1,3.516520006641209,26.653389119999993,131.9543673657525,18.4719981562572
1,3.4152415739664623,17.999691060000007,125.60497810555427,11.131597142198643
1,2.963639382367591,28.037979000000018,122.24014749942383,8.377506337865867
1,3.3023410260667445,11.769030157999932,124.6024429592072,10.348006453099785
1,3.0815208367922966,21.461170429999978,125.76630560036874,11.788430513943283
1,3.3255852565166863,23.538058299999996,125.91610970269646,11.523392486748094
1,2.996845425867508,14.192064341000004,122.22862410693709,8.170085273104405
1,3.19608168686701,16.268952029999983,122.30928785434432,8.41207651532612
1,3.1911007803420226,21.807318179999992,126.22724129983867,12.422217100714448
1,3.0267308650174334,17.30739586999999,121.7792117999539,8.561880617653841
1,2.762742819193093,15.922803942,121.49112698778521,8.06637474072366
1,2.5751286734185626,16.61510028000003,125.08642544365061,11.38511177690711
1,3.250871658641873,17.999691412,124.74072366904817,10.53238073288776
1,3.342188278266645,26.307241360000003,124.52177921179994,10.91265268495043
1,3.0948032541922634,20.42272678000001,124.23369439963126,10.566950910348012
1,3.2326083347169186,17.30739539999998,123.99170315740955,10.348006453099813
1,2.943715756267641,17.30739539,121.24913574556348,7.5939156487669806
1,3.272455586916819,19.384282860000006,130.283475455174,17.19290159022816
1,3.6294205545409266,24.57650173,125.9737266651302,12.145655681032466
1,3.6393823675909016,15.230508929999914,130.79050472459093,17.550126757317358
1,2.9088494105927283,10.38443739,122.19405392947684,8.412076515326106
1,3.790469865515524,24.23035387000002,125.12099562111085,10.993316432357673
1,3.3206043499916986,13.15362080000001,122.72412998386726,8.5042636552201
1,3.81205379379047,21.807317999999967,124.27978796957824,10.036874855957592
1,3.0682384193923298,10.384437439999996,121.91749250979488,8.262272412998385
1,2.8274946040179314,17.307395600000007,130.9979257893524,16.616731965890764
1,2.985223310642537,17.999691370000008,122.80479373127449,8.896058999769537
1,3.305661630416736,16.61509983,124.06084351233002,9.52984558654066
1,2.7295367756931763,17.307395619999987,122.94307444111547,10.25581931320582
1,3.368753113066578,23.19191024,123.92256280248905,10.036874855957592
1,3.0117881454424706,17.307395555,123.51924406545287,9.887070753629857
1,3.131329902042172,20.768875879999953,121.65245448259967,8.008757778289933
1,3.2043831977419894,16.961247369999995,128.57801336713527,15.107167550126746
1,3.0948032541922634,14.884360321999996,123.00069140354921,8.58492740262733
1,2.8839448779677905,17.99969119600001,123.63447799032035,9.714219866328634
1,2.658143782168355,12.461324679999993,122.4475685641853,8.849965429822547
1,3.2575128673418563,15.576656019999994,127.71375893062917,14.254436506107396
1,2.8607006475178482,19.038135030000007,122.83936390873474,8.97672274717678
1,3.365432508716587,17.999691520000002,127.17215948375203,13.643696704309761
1,3.2176656151419563,19.03813524999999,123.26572943074441,9.472228624106933
1,3.083181138967292,16.961247380000014,122.81631712376124,9.195667204424993
1,3.0366926780674084,16.61509991,122.27471767688407,8.342936160405614
1,2.4838120537937907,11.076733399999986,120.99562111085504,7.939617423369441
1,2.7278764735181804,20.76887448000001,122.60889605899976,9.184143811938213
1,2.9154906192927115,13.153620730000005,123.0237381885227,9.82945379119613
1,3.0931429520172675,17.653542950000002,123.54229085042635,9.92164093109011
1,3.2774364934418068,16.268951680000026,124.42959207190596,10.53238073288776
1,3.1778183629420558,17.30739573799999,124.72920027656143,10.92417607743721
1,3.1230283911671926,21.80731788000004,125.69716524544825,12.353076745793956
1,3.295699817366761,18.691987320000003,123.85342244756856,9.840977183682867
1,3.294039515191765,16.61510025,123.18506568333719,8.481216870246612
1,3.4235430848414414,19.03813552000001,123.45010371053237,9.080433279557496
1,3.342188278266645,19.038135410000006,126.6420834293616,12.47983406314819
1,3.0815208367922966,17.653543550000002,122.02120304217561,8.273795805485136
1,2.961979080192595,12.461324699999986,121.50265038027194,8.250749020511634
1,3.073219325917317,20.42272657,128.52039640470153,14.484904355842346
1,3.383695832641541,17.65354349799998,124.75224706153492,10.45171698548053
1,2.7826664452930436,13.845916730000004,124.2221710071445,10.578474302834763
1,3.3255852565166863,24.230353820000005,123.25420603825765,9.44918183913343
1,3.3338867673916655,14.53821211000003,125.48974418068678,11.995851578704773
1,3.1246886933421885,12.115176874999996,123.32334639317814,9.598985941461152
1,3.453428523991367,31.153311879999965,129.5690251209956,16.12122608896057
1,3.239249543416902,17.999692700000068,128.2438349850196,14.66927863563032
1,3.031711771542421,11.422881039999995,122.9776446185757,9.287854344318959
1,2.9951851236925124,14.538212330000004,122.95459783360221,9.045863102097258
1,3.7506226133156235,23.19191006000001,124.83291080894215,10.313436275639546
1,3.4550888261663624,17.30739557999998,124.39502189444573,10.589997695321514
1,3.3670928108915827,18.345839490000007,123.53076745793963,9.8870707536299
1,3.0350323758924125,11.769029208000001,125.7778289928555,11.327494814473397
1,3.129669599867176,17.999691170000002,133.60221249135748,19.555197050011557
1,3.0167690519674584,11.769029020000046,122.05577321963585,8.20465545056463
1,3.1794786651170517,16.961247889999992,123.43858031804564,9.702696473841897
1,3.1163871824672094,12.807473060000017,122.74717676884075,9.35699469923945
1,3.360451602191599,16.96124775800001,130.58308365982944,16.743489283244983
1,3.282417399966794,15.576656006000002,122.85088730122149,8.965199354690029
1,3.4019591565664955,30.46101619999999,123.30029960820465,8.688637935008074
1,2.5269799103436825,16.961247565999997,121.36436967043099,8.008757778289933
1,2.898887597542753,12.461324787999992,123.05830836598295,9.333947914265963
1,2.570147766893575,30.46101526000003,125.08642544365061,11.477298916801104
1,3.182799269467043,17.307395409999994,121.85987554736116,7.640009218713999
1,3.0466544911173834,8.653697520000009,121.89444572482138,8.826918644849044
1,2.9188112236427033,16.615099742999995,123.45010371053237,9.748790043788873
1,2.9354142453926615,10.384439069999994,123.01221479603595,9.230237381885217
1,2.8607006475178482,27.345685010000008,122.92002765614197,9.091956672044233
1,3.342188278266645,35.99938261,123.87646923254205,10.025351463470827
1,3.033372073717417,11.422881390000006,122.49366213413228,8.227702235538146
1,2.930433338867674,19.038135710000013,125.69716524544825,12.514404240608428
1,2.9603187780175992,15.922803830000003,122.20557732196357,8.11246831067065
1,3.0898223476672757,16.61510034999994,128.47430283475455,14.749942383037563
1,3.033372073717417,14.192063950000007,122.06729661212262,8.342936160405628
1,2.779345840943052,11.422880270000011,123.20811246831067,9.73726665130215
1,2.885605180142786,10.038289405000004,122.18253053699009,8.250749020511634
1,2.747800099618131,11.769028719999996,122.7126065913805,9.230237381885217
1,3.1678565498920808,13.49976832000001,131.3205807789813,16.927863563032943
1,3.1678565498920808,15.230507953,123.03526158100946,9.437658446646708
1,2.7710443300680727,11.076733174,122.72412998386726,8.481216870246612
1,3.0914826498422716,21.461170900000006,129.70730583083662,15.475916109702723
1,3.3006807238917486,12.115176900999996,125.69716524544825,11.650149804102327
1,2.789307653993027,15.230508305,121.91749250979488,8.06637474072366
1,3.0931429520172675,10.730585224999993,121.23761235307676,7.743719751094744
1,3.54806574796613,27.69183238000003,134.46646692786356,20.511638626411624
1,3.240909845591898,16.615099300000008,122.25167089191058,9.138050241991237
1,3.494936078366263,27.345685119999974,126.82645770914958,12.525927633095193
1,3.539764237091151,25.614945324999997,123.05830836598295,9.472228624106947
1,3.453428523991367,18.69198737,126.23876469232542,12.237842820926474
1,3.3255852565166863,17.999691699999985,122.65498962894677,8.020281170776684
1,3.551386352316122,17.653543309999996,127.73680571560266,14.554044710762838
1,3.0599369085173502,15.23050814,131.73542290850426,17.79211799953906
1,3.26415407604184,25.26879777,124.10693708227703,10.059921640931108
1,3.1064253694172344,20.076578892,130.14519474533304,16.236460013828093
1,2.953677569317616,19.03813520499999,122.53975570407928,8.838442037335781
1,3.171177154242072,22.15346618,129.69578243834985,16.20188983636784
1,3.690851735015773,21.461170119999995,125.47822078820006,11.097026964738433
1,3.10808567159223,11.422880929999982,121.90596911730813,8.365982945379116
1,3.066578117217334,20.76887437,123.09287854344319,8.97672274717678
1,3.682550224140794,21.115022449999987,124.71767688407466,10.106015210878084
1,2.862360949692844,13.845915300000032,123.81885227010831,9.944687716063598
1,3.0599369085173502,13.845916440000002,123.25420603825765,9.011292924637004
1,2.5718080690685707,21.11502240000002,124.52177921179994,10.797418760082948
1,3.2176656151419563,26.653389779999966,124.07236690481677,10.24429592071904
1,3.375394321766562,11.769029239999993,123.08135515095644,8.31988937543214
1,2.568487464718579,11.422880900000004,122.72412998386726,8.723208112468313
1,3.0483147932923793,15.576655870000003,124.49873242682645,9.933164323576847
1,3.1230283911671926,13.153620759999983,123.74971191518782,9.910117538603359
1,2.5303005146936743,13.499768569999988,120.37335791657064,7.374971191518796
1,3.5248215175161883,17.999691559999995,125.12099562111085,11.892141046324028
1,3.2160053129669603,17.30739525000001,122.65498962894677,8.769301682415303
1,3.1994022912170017,20.076578880000003,123.2887762157179,9.3454713067527
1,2.8905860866677737,23.88420591800001,124.03779672735654,11.20073749711915
1,3.2342686368919145,23.884205879999996,122.62041945148651,9.483752016593684
1,3.2458907521168854,21.461170388999992,123.19658907582391,9.253284166858705
1,3.030051469367425,14.538212229999978,125.59345471306753,12.595067988015686
1,3.463390337041342,26.653390160000093,128.49734961972806,14.95736344779904
1,2.9271127345176824,20.768874830000005,122.781746946301,7.962664208342957
1,2.8374564170679064,18.691986989999993,125.04033187370362,11.707766766536068
1,3.161215341192097,23.191910031999992,122.81631712376124,9.864023968656369
1,2.988543914992529,16.268951973999993,121.38741645540448,7.351924406545294
1,3.254192262991865,18.34583953,122.57432588153951,8.273795805485122
1,3.3123028391167195,20.768874600000007,128.02489052777136,14.507951140815834
1,2.5419226299186453,18.345839419999987,120.54620880387186,7.2597372666513
1,3.483313963141292,17.653543499999998,133.09518322194054,19.520626872551276
1,2.742819193093143,11.42288093,121.81378197741415,7.835906890988696
1,2.7411588909181472,13.49976891999999,126.16962433740493,12.237842820926474
1,2.9918645193425206,15.57665566,122.52823231159253,9.380041484212938
1,3.458409430516354,13.845916510000006,124.69463009910118,10.947222862410698
1,2.847418230117882,10.384437069999993,122.28624106937083,8.873012214796049
1,2.9951851236925124,16.268951669000007,123.48467388799263,9.840977183682895
1,3.4999169848912506,12.807472809000004,126.87255127909656,12.583544595528906
1,3.131329902042172,15.57665641999998,125.1094722286241,10.209725743258801
1,2.9951851236925124,30.461016689999965,131.37819774141508,18.16086655911502
1,2.8822845757927946,18.345839040000005,129.9032035031113,16.121226088960583
1,3.131329902042172,17.307395490000008,129.94929707305832,15.118690942613512
1,3.5978748132160057,14.53821216,123.70361834524084,9.460705231620196
1,3.3355470695666614,16.961247600000007,125.93915648766998,12.076515326112016
1,3.074879628092313,16.61509965,122.55127909656602,9.184143811938242
1,3.0898223476672757,17.99969167999994,130.91726204194515,16.812629638165475
1,2.940395151917649,17.653543559999978,123.01221479603595,9.817930398709379
1,3.049975095467375,20.076578710000007,129.49988476607513,15.764000921871386
1,3.182799269467043,19.730430960000007,121.272182530537,8.043327955750172
1,3.02008965631745,14.192064494000007,123.20811246831067,9.03433970961052
1,3.478333056616304,16.268952009999975,125.25927633095183,11.511869094261357
1,3.074879628092313,15.230508146,124.83291080894215,11.488822309287855
1,2.6282583430184294,13.499768510000006,122.98916801106246,9.552892371514176
1,3.26415407604184,22.15346648,122.19405392947684,8.780825074902054
1,3.174497758592064,13.499768370000002,126.7112237842821,12.860106015210874
1,3.1147268802922135,34.614791629999985,125.88153952523622,12.111085503572255
1,3.049975095467375,22.153466527,122.06729661212262,8.481216870246612
1,3.066578117217334,12.115177000000012,124.06084351233002,10.751325190135972
1,2.955337871492612,14.192065169999976,124.76377045402167,10.831988937543215
1,3.139631412917151,13.49976872,126.31942843973265,12.410693708227697
1,3.0051469367424875,13.84591650099999,125.95067988015671,11.972804793731257
1,3.405279760916487,13.499768670000005,124.08389029730354,10.440193592993808
1,3.4036194587414914,17.307395419999988,123.06983175846969,10.336483060613034
1,3.0068072389174834,9.345993610000003,123.05830836598295,9.529845586540688
1,2.830815208367923,14.19206420000001,122.85088730122149,8.538833832680353
1,3.1147268802922135,11.769028520000022,122.37842820926481,9.022816317123755
1,2.8706624605678237,12.461324827999997,121.13390182069601,8.066374740723674
1,2.634899551718413,20.422727070000015,122.0903433970961,8.250749020511648
1,3.1230283911671926,17.307395260000007,122.4014749942383,7.916570638395939
1,3.2226465216669435,23.884205885000007,129.31551048628717,15.452869324729207
1,3.4451270131163874,10.03828951,121.8713989398479,8.734731504955064
1,3.5148597044662133,19.38428322999999,130.20281170776678,15.717907351924424
1,3.1911007803420226,21.115022489999987,126.41161557962664,13.25190135976031
1,2.940395151917649,14.884360309999899,127.96727356533763,14.38119382346163
1,3.5248215175161883,20.42272666999998,123.21963586079742,10.106015210878084
1,3.6344014610659143,15.230508000000016,123.87646923254205,10.106015210878084
1,3.406940063091483,16.615099709999992,123.3579165706384,9.149573634477989
1,3.5547069566661134,11.769028970000008,129.2463701313667,14.934316662825552
1,3.4318445957164205,16.615099470000004,122.38995160175155,9.091956672044233
1,3.0101278432674747,14.884358589999993,125.92763309518323,11.534915879234859
1,2.93209364104267,20.07657882999998,122.1133901820696,8.688637935008046
1,3.4036194587414914,13.15362074199999,130.34109241760774,15.936851809172609
1,2.862360949692844,24.23035405000001,122.63194284397328,8.700161327494826
1,3.1778183629420558,16.96124727999998,123.86494584005531,9.725743258815399
1,3.3355470695666614,18.691987344999998,130.283475455174,16.155796266420822
1,3.071559023742321,13.499768386000012,124.71767688407466,9.668126296381644
1,3.1894404781670267,17.30739534000006,122.59737266651302,8.999769532150268
1,3.0350323758924125,17.999691480000003,125.42060382576629,11.684719981562552
1,3.10808567159223,16.615099500000007,123.13897211339018,9.380041484212953
1,3.3089822347667277,17.999691710000008,132.9914726895598,18.806176538372895
1,2.664784990868338,16.61510317999999,122.58584927402627,8.861488822309283
1,3.0931429520172675,15.576656129999995,122.30928785434432,8.538833832680353
1,2.8175327909679564,16.26895208,131.19382346162712,17.515556579857133
1,3.1064253694172344,9.692141547999995,123.26572943074441,8.965199354690029
1,3.4218827826664455,16.615099929999985,122.88545747868172,9.875547361143106
1,2.555205047318612,20.422726659999984,121.8253053699009,7.720672966121228
1,3.4152415739664623,18.345839400000013,125.05185526619036,11.753860336483044
1,3.2475510542918813,13.153620628000004,133.4178382115695,19.728047937312752
1,2.9022082018927446,22.15346612600001,122.56280248905279,8.45817008527311
1,2.9005478997177487,17.30739570999999,128.91219174925098,15.452869324729207
1,3.0167690519674584,12.461324730000007,122.1133901820696,8.942152569716512
1,3.3305661630416736,17.307395700000004,127.41415072597373,13.032956902512097
1,2.679727710443301,12.807472680000002,124.78681723899516,10.762848582622723
1,2.9802424041175497,19.38428293000001,121.83682876238764,7.720672966121228
1,3.4252033870164373,19.730431040000003,129.1541829914727,15.383728969808743
1,3.2176656151419563,20.42272714000001,122.34385803180456,8.331412767918863
1,3.450107919641375,13.499768790000005,127.41415072597373,12.883152800184362
1,3.166196247717085,15.922804020000006,122.36690481677806,8.55035722516709
1,2.9603187780175992,19.038135139999977,124.10693708227703,10.693708227702245
1,3.979744313465051,19.730430950999992,124.12998386725052,10.117538603364821
1,3.02008965631745,31.153311399999964,122.74717676884075,9.472228624106947
1,2.9902042171675247,13.845916689999987,125.75478220788202,12.053468541138514
1,3.4301842935414246,18.345839550000008,125.51279096566029,11.949758008757783
1,3.3139631412917154,13.499768469999989,123.06983175846969,9.368518091726187
1,3.139631412917151,13.845918379999967,122.9776446185757,9.230237381885217
1,2.9171509214677074,13.153620673999992,122.74717676884075,8.746254897441801
1,2.689689523493276,15.92280389999999,122.07882000460937,8.515787047706866
1,2.922131827992695,14.884360499999998,123.10440193592993,8.965199354690014
1,3.1894404781670267,15.230508269999994,122.9776446185757,8.550357225167076
1,3.4866345674912838,26.653389599999993,135.10025351463472,21.364369670430975
1,3.0018263323924956,13.845916709999978,123.76123530767458,9.495275409080449
1,3.4019591565664955,14.884360270000004,126.73427056925559,13.401705462088032
1,3.395317947866512,20.422726796000003,124.68310670661442,10.5899976953215
1,3.1064253694172344,15.576656929999974,127.86356303295689,14.185296151186904
1,3.3338867673916655,21.807318259999974,125.68564185296151,11.938234616271032
1,3.0931429520172675,17.30739557,122.89698087116847,9.057386494584009
1,2.830815208367923,13.499768552999994,123.00069140354921,8.930629177229775
1,2.6265980408434335,7.961401962999995,121.52569716524543,7.835906890988696
1,2.9254524323426865,15.922803970000011,122.55127909656602,8.953675962203263
1,3.28407770214179,16.268951717999993,128.3244987324268,14.265959898594119
1,3.2209862194919476,16.268951693999995,123.6460013828071,9.403088269186455
1,2.9188112236427033,12.807472969999989,121.96358607974187,7.640009218713999
1,2.986883612817533,16.61509995,121.64093109011293,8.250749020511634
1,3.074879628092313,31.499459849999994,121.09933164323576,7.628485826227234
1,2.764403121368089,17.653543060000015,121.64093109011293,7.801336713528471
1,2.8939066910177655,17.65354351,123.08135515095644,9.725743258815385
1,3.448447617466379,13.153620781999999,123.09287854344319,9.195667204424993
1,2.8142121866179646,15.922803928,122.52823231159253,8.308365982945375
1,3.129669599867176,12.807472685999995,123.68057156026735,9.403088269186455
1,3.3554706956666114,19.384283300000053,124.45263885687947,10.278866098179321
1,3.294039515191765,23.538058036,130.94030882691865,17.815164784512575
1,3.338867673916653,31.15331209,123.88799262502882,9.691173081355146
1,3.3156234434667113,17.653543910000018,122.94307444111547,9.645079511408156
1,3.2193259173169517,18.345839040000005,122.82784051624797,9.045863102097243
1,3.0483147932923793,10.730585273000004,122.81631712376124,8.988246139663502
1,3.10808567159223,18.69198714,123.85342244756856,9.518322194053923
1,3.0151087497924625,11.076733010000009,121.47960359529846,8.665591150034572
1,3.3123028391167195,13.845916378000004,122.45909195667204,8.665591150034558
1,3.4202224804914496,19.384283099999987,122.56280248905279,9.138050241991237
1,2.6930101278432677,15.576655817999994,121.22608896058999,7.4441115464392595
1,3.5198406109912006,11.422880699999988,124.62548974418068,10.728278405162484
1,3.0997841607172507,13.845917050000038,124.24521779211798,9.852500576169618
1,3.239249543416902,20.076579032999998,125.27079972343857,12.030421756164998
1,3.4301842935414246,19.730430927999997,123.41553353307214,8.73473150495505
1,2.689689523493276,20.76887367000013,129.31551048628717,15.671813781977434
1,2.6166362277934585,12.115176994999983,122.29776446185755,8.193132058077879
1,2.9071891084177324,10.038289479999996,123.41553353307214,9.656602903894907
1,3.17615806076706,12.461325279999983,125.1555657985711,11.258354459552905
1,2.968620288892579,18.69198682999999,124.6024429592072,10.83198893754323
1,3.3770546239415578,19.038135269999998,125.99677345010372,11.465775524314353
1,3.259173169516852,15.5766561,126.18114772989169,11.972804793731285
1,3.6460235762908852,19.038135099999977,130.41023277252825,16.386264116155814
1,2.7129337539432177,18.345839040000005,126.29638165475916,12.295459783360215
1,3.0250705628424375,17.653543559999996,122.10186678958286,8.757778289928567
1,2.973601195417566,13.499769130000047,125.81239917031574,12.088038718598753
1,3.2276274281919313,14.538212294999997,124.80986402396866,10.808942152569713
1,3.3787149261165537,15.23050821999999,124.11846047476378,10.601521087808251
1,3.1213680889921966,16.26895128000001,123.39248674809863,9.587462548974415
1,3.6642869002158394,23.191909810000002,125.68564185296151,11.811477298916799
1,3.1047650672422384,20.422726810000007,123.55381424291312,10.45171698548053
1,2.7179146604682054,11.769029220000002,121.80225858492739,7.7321963586079505
1,3.142952017267143,15.922804140000093,131.06706614427287,17.688407467158328
1,3.1811389672920476,13.499768150000007,130.50241991242223,16.58216178843051
1,2.75610161049311,12.461325022000008,121.4680802028117,7.663056003687487
1,3.4102606674414746,21.115022290000006,123.9801797649228,9.287854344318959
1,2.9503569649676242,16.961247630000003,120.90343397096106,8.296842590458638
1,3.0001660302174997,20.07657888000001,126.6651302143351,12.39917031574096
1,3.149593225967126,17.307395549,122.19405392947684,8.561880617653827
1,2.857380043167857,13.499768362999989,124.49873242682645,9.771836828762389
1,3.142952017267143,21.115022810000003,124.46416224936621,11.050933394791429
1,3.0084675410924793,12.115176653999978,122.77022355381423,8.550357225167076
1,3.0798605346173007,25.268797629000005,125.45517400322655,10.935699469923946
1,3.254192262991865,11.076733370000008,122.689559806407,8.435123300299594
1,3.395317947866512,18.34583947000001,124.78681723899516,10.613044480295002
1,2.930433338867674,34.61479088999991,133.5676423138972,19.324729200276565
1,2.930433338867674,15.922805190000005,125.54736114312053,10.970269647384185
1,3.0931429520172675,23.191910189999994,122.62041945148651,8.642544365061056
1,2.8158724887929605,17.307395578000005,121.30675270799725,7.513251901359766
1,2.66810559521833,11.769028804,120.63839594376584,6.683567642313903
1,3.1097459737672257,20.07657879,123.38096335561188,9.44918183913343
1,2.9038685040677406,14.884360339999999,122.83936390873474,8.93062917722979
1,2.742819193093143,13.499768680000043,122.27471767688407,8.988246139663502
1,3.172837456417068,15.23050806,123.94560958746254,10.048398248444343
1,3.2176656151419563,16.268951970000003,126.06591380502421,12.145655681032494
1,3.3189440478167027,18.345839171999987,123.48467388799263,9.725743258815399
1,2.6315789473684212,10.730585248999997,128.2899285549666,14.657755243143583
1,3.242570147766894,20.076578740000002,125.82392256280248,12.779442267803631
1,3.3770546239415578,13.845916476000001,124.30283475455175,10.486287162940783
1,3.5264818196911842,16.96124754,123.20811246831067,9.760313436275638
1,2.5734683712435666,15.57665575999999,121.50265038027194,8.193132058077893
1,2.942055454092645,19.03813537,129.52293155104863,16.294076976261806
1,3.406940063091483,19.384282799999994,123.96865637243604,10.555427517861261
1,3.5215009131661965,11.769028810000025,128.42820926480755,14.289006683567635
1,3.0051469367424875,45.34537735999995,124.18760082968426,10.025351463470841
1,3.207703802091981,10.03828933600001,126.25028808481218,12.410693708227726
1,3.3554706956666114,18.69198677,123.26572943074441,9.598985941461166
1,3.275776191266811,17.307395556999992,123.0237381885227,8.654067757547821
1,3.4999169848912506,22.845761899999992,128.1977414150726,13.770454021663994
1,3.0914826498422716,22.845762259999997,122.52823231159253,8.965199354690029
1,3.3156234434667113,17.30739539999998,125.65107167550127,11.477298916801118
1,2.985223310642537,25.614945189999982,130.3065222401475,17.181378197741424
1,3.1280092976921803,24.576501549000003,122.81631712376124,9.034339709610506
1,3.0997841607172507,15.576655996999994,125.70868863793501,11.385111776907138
1,2.9951851236925124,10.038289480000005,121.76768840746716,8.469693477759847
1,3.2359289390669104,16.961247900000014,122.67803641392025,9.172620419451476
1,3.7971110742155076,30.461016050000005,129.3500806637474,14.807559345471319
1,3.141291715092147,18.69198721,132.91080894215256,18.46047476377045
1,2.996845425867508,13.84591652899999,125.66259506798802,11.788430513943311
1,2.9254524323426865,17.307395657999997,121.83682876238764,8.031804563263421
1,3.119707786817201,16.615099490000002,122.94307444111547,9.725743258815413
1,2.9188112236427033,21.115022706,123.61143120534686,9.368518091726216
1,3.463390337041342,21.461167700000114,133.1988937543213,19.88937543212724
1,3.571309978416072,42.57619277999995,129.47683798110162,15.003457017746001
1,3.4982566827162547,13.153620219999995,122.85088730122149,9.06890988707076
1,2.842437323592894,13.499768566999998,121.08780825074903,8.100944918183927
1,3.4982566827162547,14.538211879999984,133.45240838902973,18.737036183452403
1,3.4019591565664955,20.076578798,125.09794883613736,11.281401244526393
1,2.9387348497426533,24.57650157000002,124.30283475455175,10.88960589997697
1,2.877303669267807,33.57634597999995,123.86494584005531,9.668126296381644
1,2.7062925452432345,13.15362068000001,121.60636091265269,7.812860106015208
1,3.3554706956666114,11.769028890000008,125.30536990089882,10.26734270569257
1,2.656483479993359,18.345839260000005,123.32334639317814,9.737266651302136
1,2.9105097127677237,17.30739581,122.75870016132751,8.723208112468328
1,2.9470363606176324,11.076733134999998,122.62041945148651,9.29937773680571
1,3.0798605346173007,14.192063300000056,125.50126757317355,11.477298916801118
1,3.252531960816869,16.961247559999997,124.62548974418068,10.762848582622723
1,3.187780175992031,15.922803950000011,122.19405392947684,8.654067757547821
1,3.5082184957662297,15.576656080000006,127.06844895137128,12.779442267803631
1,3.2126847086169685,21.115022740000043,134.2590458631021,19.55519705001153
1,2.6265980408434335,13.153620729999954,121.42198663286472,7.35192440654528
1,3.229287730366927,15.576655993,123.4040101405854,9.1265268495045
1,3.151253528142122,13.153620602999998,123.4040101405854,9.41461166167322
1,3.0698987215673257,16.615099660000006,124.32588153952524,11.143120534685423
1,3.35215009131662,11.076733010000009,123.46162710301914,9.241760774371983
1,2.6946704300182636,13.153620747999991,124.2221710071445,10.68218483521548
1,3.274115889091815,41.53774953999998,123.06983175846969,9.241760774371954
1,3.063257512867342,21.461170420000002,130.91726204194515,17.077667665360693
1,3.3040013282417404,19.03813522999999,129.77644618575707,15.545056464623173
1,3.259173169516852,14.538211990000015,129.67273565337635,15.971421986632848
1,3.0798605346173007,10.384437490000009,123.3579165706384,9.310901129292475
1,3.1014444628922466,11.769028970000008,126.60751325190137,12.790965660290396
1,3.229287730366927,18.691987879999974,127.8866098179304,12.825535837750635
1,3.066578117217334,25.268797169999985,121.21456556810324,7.766766536068204
1,3.2209862194919476,20.076579454999973,123.21963586079742,10.25581931320582
1,2.8607006475178482,15.922804009999977,130.37566259506798,16.305600368748543
1,3.152913830317118,20.422726794,130.89421525697165,17.29661212260889
1,3.461730034866346,12.11517772999996,123.5999078128601,9.875547361143106
1,2.9835630084675415,24.922649410000002,122.689559806407,8.06637474072366
1,2.676407106093309,8.307549830999985,119.84328186218023,6.9486056695091065
1,3.362111904366595,56.42210883000015,128.1516478451256,14.611661673196593
1,3.1678565498920808,24.92264957999998,123.55381424291312,9.864023968656383
1,2.7378382865681554,22.499614405,120.74210647614659,8.031804563263435
1,3.2043831977419894,13.84591674,124.62548974418068,10.77437197510946
1,2.9819027062925456,15.922803510000005,126.14657755243144,12.87162940769764
1,3.584592395816039,15.92280389999999,122.41299838672506,8.79234846738882
1,3.166196247717085,14.538212450000003,126.38856879465314,12.825535837750635
1,3.171177154242072,13.845916429999997,123.56533763539986,9.529845586540674
1,2.9470363606176324,14.192064260000018,122.42452177921179,8.377506337865867
1,3.0366926780674084,11.769028820000004,123.50772067296612,9.5874625489744
1,3.159555039017101,22.153466232000003,123.17354229085042,9.26480755934547
1,3.098123858542255,34.26864345,131.70085273104402,18.610278866098184
1,3.1695168520670762,20.07657880999999,130.62917722977645,17.42336943996311
1,2.867341856217832,13.153620623000002,122.38995160175155,8.435123300299608
1,3.2326083347169186,17.65354313999998,123.05830836598295,9.391564876699704
1,3.2923792130167695,15.576656000000007,125.61650149804102,12.226319428439723
1,3.368753113066578,18.69198722299999,125.3975570407928,11.846047476377052
1,3.4882948696662797,11.769029210000006,124.68310670661442,10.290389490666058
1,3.9249543416901878,19.730431010000007,126.13505415994469,11.788430513943297
1,2.877303669267807,10.730584379999991,127.92117999539063,13.528462779442265
1,3.3206043499916986,16.615099639999997,125.37451025581932,11.16616731965891
1,3.0483147932923793,16.268951721999997,124.98271491126988,11.523392486748108
1,3.19608168686701,15.576655999999991,121.80225858492739,8.239225628024883
1,3.3787149261165537,11.76902956999997,125.66259506798802,11.327494814473383
1,3.6974929437157567,16.268951835000003,133.36022124913575,19.820235077206732
1,2.766063423543085,10.38443739,121.52569716524543,7.720672966121214
1,2.5884110908185294,12.115176750000003,123.12744872090344,10.474763770454018
1,3.748962311140628,12.461324719999986,125.42060382576629,11.788430513943283
1,2.9237921301676906,12.807472754,123.16201889836367,9.3454713067527
1,2.8374564170679064,18.34583916999999,122.22862410693709,7.755243143581467
1,3.252531960816869,15.576655850000003,124.2682645770915,9.956211108550363
1,3.5430848414411424,22.845761780000018,136.16040562341553,21.064761465775504
1,2.986883612817533,15.92280385999999,125.65107167550127,10.993316432357688
1,3.4235430848414414,15.576656149999986,125.91610970269646,12.168702466005982
1,2.9802424041175497,16.615099569999984,124.25674118460475,10.39410002304679
1,3.0350323758924125,19.38428310999999,127.25282323115925,13.42475224706152
1,3.4019591565664955,24.23035389000001,123.57686102788661,9.633556118921405
1,2.553544745143616,16.615099149999995,128.4166858723208,15.303065222401472
1,2.855719740992861,12.461324620000003,122.21710071445034,8.953675962203278
1,2.8939066910177655,16.961247668000002,122.7126065913805,8.999769532150282
1,3.1927610825170185,19.03813548,123.51924406545287,9.287854344318973
1,2.8391167192429023,12.807472850000005,121.65245448259967,7.962664208342929
1,2.578449277768554,17.999691374,127.29891680110626,14.450334178382136
1,3.056616304167359,15.230508074999998,121.45655681032497,7.801336713528471
1,3.3355470695666614,26.653388980000003,123.12744872090344,9.633556118921433
1,2.9802424041175497,9.692141670000002,123.01221479603595,9.103480064530999
1,3.240909845591898,28.037980939999983,122.19405392947684,8.35445955289238
1,2.9005478997177487,15.576655858000002,121.30675270799725,7.905047245909216
1,2.9802424041175497,15.576655823999994,123.80732887762159,10.613044480295017
1,3.5098787979412256,21.807318445999993,124.14150725973727,10.175155565798576
1,2.7162543582932095,17.307395549999992,121.12237842820926,7.202120304217544
1,2.9171509214677074,13.499768568999999,122.00967964968888,8.216178843051395
1,3.8618628590403454,17.99969125000002,131.00944918183913,17.861258354459537
1,3.078200232442305,18.691987194999992,121.90596911730813,8.803871859875542
1,2.6913498256682717,12.807473499999999,125.91610970269646,11.972804793731257
1,3.3006807238917486,13.153620660000001,122.93155104862872,9.322424521779212
1,3.4882948696662797,21.115022349999997,123.71514173772759,9.610509333947917
1,3.030051469367425,15.230508146,119.97003917953447,7.709149573634491
1,3.2907189108417736,9.345993589999994,124.33740493201198,10.44019359299378
1,3.3338867673916655,15.23050772000001,124.57939617423371,10.901129292463722
1,3.272455586916819,23.538058029999984,122.64346623646001,9.529845586540674
1,3.074879628092313,13.15362077000004,123.79580548513482,9.172620419451476
1,3.2674746803918318,14.192064190000005,125.13251901359762,10.935699469923946
1,3.778847750290553,16.615099718000003,126.65360682184834,12.433740493201185
1,3.1927610825170185,30.461016290000003,132.0811246831067,18.057156026734276
1,2.8258343018429355,11.07673305,121.47960359529846,8.250749020511634
1,2.9918645193425206,19.730431230000004,121.90596911730813,9.138050241991237
1,2.956998173667608,23.191911859999912,130.96335561189215,18.322194053929493
1,2.8042503735679896,22.845761970999995,128.2438349850196,14.922793270338786
1,2.9902042171675247,10.384437358,122.65498962894677,8.365982945379116
1,2.448945708118878,10.730585271,121.17999539064301,7.398017976492284
1,2.9603187780175992,29.07642485000002,125.00576169624338,11.200737497119164
1,2.8191930931429523,16.615099565999994,122.1133901820696,8.688637935008046
1,3.294039515191765,15.576656063999993,124.17607743719752,9.645079511408156
1,3.4102606674414746,22.499614029999996,124.38349850195898,10.394100023046803
1,3.064917815042338,14.192064350000004,123.03526158100946,8.953675962203292
1,3.0084675410924793,20.07657872599999,123.39248674809863,9.610509333947903
1,3.475012452266313,16.615099540000017,124.33740493201198,10.785895367596225
1,3.1114062759422216,10.384437189999987,122.52823231159253,8.216178843051395
1,3.0815208367922966,13.153620391999995,122.85088730122149,10.324959668126297
1,3.2990204217167527,12.80747238999999,123.05830836598295,8.619497580087582
1,2.930433338867674,13.845916453999996,123.87646923254205,9.52984558654066
1,3.5464054457911343,21.807318359999996,127.13758930629177,14.058538833832671
1,2.852399136642869,11.422881250000007,122.27471767688407,9.20719059691173
1,2.8075709779179814,11.076733229999983,129.09656602903894,16.247983406314816
1,3.252531960816869,14.192064430000013,126.34247522470616,12.122608896059006
1,3.1479329237921303,15.922803849000005,121.8253053699009,7.8820004609357
1,3.08816204549228,9.692141522000002,122.49366213413228,8.227702235538146
1,2.961979080192595,21.80731616999998,130.329569025121,16.271030191288318
1,2.7195749626432013,12.115176906999993,129.38465084120764,15.740954136897912
1,3.9066910177652336,19.384282980000055,135.91841438119383,21.364369670430975
1,2.965299684542587,16.26895172400001,123.23115925328416,9.195667204424979
1,2.9271127345176824,23.19191017999999,124.0262733348698,10.07144503341786
1,3.285738004316786,16.615099879999995,126.60751325190137,12.998386725051859
1,2.6847086169682886,9.692141490000001,123.42705692555889,10.163632173311825
1,3.182799269467043,10.730585279999996,123.63447799032035,9.82945379119613
1,3.1047650672422384,13.499768475999998,123.3348697856649,9.518322194053937
1,3.0815208367922966,13.845916565999989,124.39502189444573,10.1290619958516
1,2.9071891084177324,21.807318219999992,124.52177921179994,10.68218483521548
1,3.3372073717416573,20.422726970000006,123.06983175846969,9.149573634477974
1,3.3123028391167195,14.192064449999979,129.81101636321733,15.602673427056928
1,3.0898223476672757,19.038135211999986,133.9940078359069,20.212030421756168
1,3.989706126515026,13.153620640000002,125.75478220788202,12.330029960820468
1,3.242570147766894,25.614945428000002,123.06983175846969,9.483752016593684
1,2.659804084343351,16.961247643,121.31827610048398,8.089421525697162
1,3.4351652000664123,18.345839303,127.96727356533763,14.473380963355623
1,3.0898223476672757,18.345839180000013,122.781746946301,9.241760774371983
1,3.375394321766562,12.461324763999997,123.79580548513482,10.359529845586536
1,3.1047650672422384,17.307395746999994,122.27471767688407,8.377506337865867
1,3.348829486966628,14.192064639999991,123.30029960820465,9.460705231620196
1,3.0798605346173007,22.15346675999999,123.03526158100946,8.769301682415332
1,3.084841441142288,13.499768469999989,125.91610970269646,12.456787278174687
1,3.119707786817201,12.807472240000013,123.87646923254205,10.451716985480502
1,3.0034866345674915,11.076733800000037,129.69578243834985,15.67181378197742
1,2.774364934418064,21.807318382000002,123.13897211339018,9.9677345010371
1,3.2176656151419563,16.961247800000013,122.74717676884075,8.58492740262733
1,3.074879628092313,18.345839490000007,122.72412998386726,9.276330951832222
1,3.1230283911671926,19.730430959999985,122.1594837520166,8.688637935008074
1,3.360451602191599,24.230353540000014,122.60889605899976,8.654067757547821
1,3.1678565498920808,18.345839910000013,124.07236690481677,10.106015210878084
1,3.240909845591898,13.15362060000002,127.95575017285088,14.726895598064061
1,3.3189440478167027,16.615099702,124.49873242682645,10.048398248444343
1,3.1578947368421053,15.922803570000013,123.23115925328416,9.368518091726202
1,2.942055454092645,17.307395638,122.32081124683107,8.780825074902054
1,3.0366926780674084,16.961247599999997,122.34385803180456,8.631020972574333
1,3.172837456417068,20.42272664999999,124.49873242682645,10.889605899976942
1,3.3222646521666945,13.153620969999995,124.90205116386264,11.24683106706614
1,3.2326083347169186,15.230507009999991,132.0350311131597,17.699930859645065
1,3.2342686368919145,26.9995381500001,123.76123530767458,9.864023968656383
1,3.2342686368919145,16.961247658999994,125.70868863793501,11.799953906430062
1,2.976921799767558,17.99969104,123.32334639317814,9.195667204424964
1,3.1346505063921635,13.153620670000006,123.13897211339018,9.43765844664668
1,3.5281421218661797,26.99953716999997,122.51670891910578,8.63102097257432
1,2.9237921301676906,19.384283245,122.781746946301,9.29937773680571
1,2.8075709779179814,16.961247689999993,121.75616501498041,8.561880617653841
1,3.044994188942388,14.88436026,127.37958054851349,13.586079741876006
1,2.968620288892579,14.192063659999933,129.92625028808482,16.144272873934085
1,2.847418230117882,11.07673307,121.04171468080203,8.043327955750186
1,2.945376058442637,16.61509971,121.50265038027194,7.305830836598275
1,3.074879628092313,13.499768719999983,127.03387877391104,13.309518322194052
1,3.061597210692346,16.961246179999915,130.17976492279325,16.17884305139431
1,2.7013116387182468,10.038289641999997,121.5833141276792,7.951140815856192
1,3.1994022912170017,15.576655979999998,128.42820926480755,15.694860566950894
1,3.35215009131662,15.922804199999996,124.48720903433971,10.278866098179307
1,2.8374564170679064,9.692141200000007,122.35538142429132,8.700161327494826
1,3.1114062759422216,19.730430839999986,123.65752477529384,10.44019359299378
1,2.427361779843932,14.884360148,121.47960359529846,7.490205116386278
1,3.4202224804914496,20.422726999999966,128.3705923023738,14.24291311362063
1,2.973601195417566,14.192064364999998,127.6676653606822,13.851117769071223
1,3.5082184957662297,26.653389339999986,124.90205116386264,10.728278405162484
1,2.9835630084675415,19.38428322,121.31827610048398,8.008757778289933
1,2.724555869168189,14.192064379999996,120.50011523392487,7.444111546439274
1,3.5215009131661965,22.153466209999987,124.76377045402167,10.843512330029952
1,3.3089822347667277,19.038134809999992,123.66904816778059,9.82945379119613
1,3.1329902042171676,11.76902887,123.23115925328416,8.907582392256288
1,3.5464054457911343,16.961247587000003,124.46416224936621,10.613044480294988
1,3.365432508716587,17.999691240000015,124.27978796957824,10.451716985480502
1,3.5464054457911343,15.230507819999975,127.2873934086195,12.710301912883153
1,3.305661630416736,21.807318469999995,123.05830836598295,9.218713989398495
1,2.8507388344678732,15.230508320000007,123.32334639317814,9.633556118921405
1,3.26415407604184,19.038135030000017,126.36552200967965,11.892141046324028
1,2.867341856217832,14.19206361000007,122.22862410693709,8.573404010140592
1,3.461730034866346,18.34583926000003,127.54090804332796,14.047015441345948
1,3.3139631412917154,23.538057730000002,125.02880848121687,10.30191288315281
1,3.4301842935414246,13.845916690000005,122.32081124683107,9.414611661673206
1,3.4467873152913833,21.46117046000001,129.20027656141968,15.256971652454482
1,2.9586584758426038,17.65354361,124.6024429592072,10.970269647384185
1,2.4755105429188116,17.999691595999995,120.63839594376584,6.9831758469693455
1,3.2342686368919145,23.88420589,124.16455404471077,9.864023968656383
1,2.93209364104267,26.99953699,126.48075593454713,12.618114772989173
1,2.9902042171675247,21.115022359999983,124.04932011984329,10.094491818391347
1,3.0582766063423543,14.538212329999995,123.80732887762159,9.230237381885246
1,3.049975095467375,14.538215539999996,127.20672966121226,13.19428439732657
1,2.930433338867674,16.615099660000023,123.1159253284167,8.527310440193602
1,3.1363108085671594,15.576655969999978,124.78681723899516,10.509333947914257
1,2.633239249543417,16.615099600000015,125.80087577782899,12.595067988015657
1,3.39199734351652,15.576655999999998,123.3348697856649,9.380041484212967
1,2.9287730366926783,14.538212479999983,123.5999078128601,9.887070753629871
1,2.84409762576789,15.922804170000001,120.56925558884535,7.294307444111553
1,3.262493773866844,18.691987305999987,123.45010371053237,9.115003457017735
1,3.098123858542255,14.192064140000001,123.78428209264807,9.43765844664668
1,3.071559023742321,13.845917666000032,126.74579396174235,13.044480294998849
1,3.3886767391665287,15.230507919999992,125.78935238534224,11.604056234155337
1,3.061597210692346,16.961247659999998,122.20557732196357,8.780825074902026
1,3.4202224804914496,26.999537005999994,131.04401935929937,17.52707997234384
1,3.1213680889921966,37.037826479999964,128.635630329569,13.689790274256737
1,3.086501743317284,16.961247669999985,122.82784051624797,9.034339709610492
1,3.2326083347169186,15.922803868999992,122.03272643466237,8.59645079511408
1,2.988543914992529,16.961247648000008,122.57432588153951,8.492740262733335
1,2.875643367092811,20.76887448000001,123.45010371053237,9.645079511408156
1,3.3438485804416405,15.576655939999982,124.85595759391566,10.935699469923946
1,3.37207371741657,12.461324509999999,124.76377045402167,10.566950910347998
1,3.581271791466047,13.499768950000021,126.73427056925559,12.687255127909665
1,3.1794786651170517,12.807472780000001,123.41553353307214,10.082968425904582
1,3.28407770214179,17.653543387999985,123.42705692555889,9.691173081355146
1,2.953677569317616,10.384436939999999,123.12744872090344,9.138050241991266
1,3.151253528142122,11.769029330000006,124.87900437888915,11.281401244526393
1,3.6260999501909352,22.84576244999999,126.14657755243144,12.583544595528934
1,3.239249543416902,16.268951759999997,123.89951601751557,10.440193592993793
1,3.3903370413415246,16.268951709999985,124.23369439963126,10.129061995851586
1,2.877303669267807,17.653543484,122.30928785434432,8.44664669278636
1,3.2143450107919644,25.961093520000013,132.00046093569946,17.573173542290846
1,3.365432508716587,14.192064369999995,123.99170315740955,10.129061995851586
1,2.877303669267807,20.7688747,123.4040101405854,9.864023968656383
1,3.370413415241574,21.461170510000006,123.19658907582391,9.149573634477989
1,2.93209364104267,22.15346658,123.77275870016133,10.555427517861276
1,3.0151087497924625,13.845916719999991,122.689559806407,8.76930168241529
1,3.3372073717416573,15.922803900000007,124.04932011984329,10.094491818391347
1,2.862360949692844,12.80747246999999,123.19658907582391,9.610509333947903
1,3.269134982566827,18.69198721,124.63701313666743,11.292924637013144
1,2.8125518844429687,9.692141557999996,122.14796035952983,7.789813321041706
1,3.35215009131662,12.461324815000001,124.46416224936621,10.255819313205805
1,3.465050639216338,12.807472721999991,123.9110394100023,9.898594146116608
1,3.1927610825170185,13.499768569999997,123.96865637243604,10.382576630560038
1,3.2043831977419894,22.153466089999963,121.89444572482138,8.700161327494811
1,3.4235430848414414,16.268951745999995,125.59345471306753,12.122608896059006
1,2.6265980408434335,9.34599359000001,122.95459783360221,8.930629177229775
1,3.3272455586916823,24.922649490000005,130.77898133210417,16.997003917953435
1,3.835298024240412,11.76902869000001,125.78935238534224,11.419681954367363
1,3.581271791466047,13.499768525999897,124.48720903433971,10.497810555427534
1,3.363772206541591,15.230508080000034,125.93915648766998,11.823000691403564
1,3.1329902042171676,18.34583903,123.84189905508181,10.394100023046775
1,3.074879628092313,16.615099849999975,122.74717676884075,9.115003457017735
1,3.3670928108915827,14.88436005000003,123.93408619497579,10.693708227702217
1,3.3372073717416573,14.538212106000007,123.93408619497579,10.209725743258801
1,3.0184293541424543,14.884359879999993,124.16455404471077,9.598985941461166
1,3.3255852565166863,22.499614270000002,124.45263885687947,10.866559115003469
1,4.017931263489955,26.99953726000003,127.11454252131828,12.572021203042198
1,3.3969782500415078,30.4610171700001,125.43212721825306,12.260889605899976
1,3.0682384193923298,18.345839539999993,122.4475685641853,8.723208112468313
1,3.139631412917151,23.884205809999994,123.04678497349619,8.654067757547821
1,2.659804084343351,14.192064219999992,122.90850426365523,8.965199354690029
1,3.0134484476174666,18.691987340000004,123.01221479603595,9.552892371514176
1,3.3438485804416405,10.384437230000001,122.96612122608896,9.138050241991223
1,3.164535945542089,11.769028875000002,123.55381424291312,8.861488822309283
1,3.031711771542421,16.961247598,121.37589306291771,8.250749020511634
1,3.1329902042171676,11.076733182999996,122.29776446185755,8.792348467388777
1,3.1462726216171344,11.769028947999994,121.73311823000692,7.513251901359766
1,3.294039515191765,16.268952019999997,124.39502189444573,10.20972574325883
1,2.9055288062427365,14.884360229999995,123.19658907582391,10.117538603364807
1,3.239249543416902,11.769028992,131.0785895367596,18.402857801336694
1,3.3189440478167027,22.499613800000002,124.66005992164094,10.324959668126297
1,2.8407770214178982,8.999845920000006,121.7100714450334,8.20465545056463
1,3.2226465216669435,19.038135409999988,122.96612122608896,9.195667204424993
1,2.97194089324257,12.115176906999999,123.0237381885227,9.403088269186455
1,3.494936078366263,25.26879684000005,131.18230006914035,17.930398709380043
1,2.789307653993027,14.192064368,121.74464162249366,8.354459552892365
1,3.2043831977419894,14.538212359999974,124.44111546439271,10.762848582622723
1,2.8025900713929937,19.38428316800001,122.87393408619498,9.322424521779226
1,3.229287730366927,21.115022610000004,123.99170315740955,10.01382807098409
1,3.269134982566827,18.34583941,122.38995160175155,8.896058999769537
1,3.051635397642371,24.57650145999999,123.53076745793963,9.045863102097272
1,3.086501743317284,15.576656050000002,122.06729661212262,7.340401014058557
1,3.262493773866844,8.999845675000003,124.2221710071445,10.106015210878084
1,2.898887597542753,17.307395619999987,121.66397787508643,7.974187600829694
1,2.920471525817699,17.30739581,125.12099562111085,10.705231620188968
1,3.1811389672920476,12.461325359999982,125.75478220788202,11.753860336483072
1,2.8922463888427696,12.461324749999998,122.47061534915879,9.045863102097243
1,2.8839448779677905,17.653543500000012,122.26319428439734,8.31988937543214
1,2.5950522995185126,12.46132444499998,122.95459783360221,9.29937773680571
1,2.852399136642869,16.26895146999985,128.4858262272413,15.337635399861696
1,3.3870164369915328,32.88405155,122.53975570407928,8.919105784743039
1,3.1064253694172344,16.961247409999995,126.96473841899054,13.25190135976031
1,3.174497758592064,17.999691305,122.86241069370823,7.78981332104172
1,3.700813548065748,21.807318520000017,133.11823000691402,19.25558884535606
1,3.1147268802922135,16.615099659999995,124.2682645770915,10.152108780825088
1,3.197741989042006,18.345839279999968,125.31689329338558,11.235307674579403
1,2.9802424041175497,11.076733286,122.64346623646001,8.515787047706837
1,2.6979910343682554,14.192064799999972,122.85088730122149,9.541368979027439
1,2.789307653993027,15.576655789999986,121.79073519244066,8.907582392256288
1,3.259173169516852,14.88436018,129.98386725051856,16.08665591150036
1,3.783828656815541,23.191910360000016,123.9801797649228,10.278866098179293
1,3.1246886933421885,13.499768359999994,125.7317354229085,11.327494814473368
1,3.2575128673418563,19.03813498000002,122.82784051624797,9.633556118921405
1,3.7506226133156235,19.730431170000006,126.00829684259045,11.730813551509556
1,3.0914826498422716,16.961247560000025,123.6460013828071,9.03433970961052
1,2.845757927942886,13.499768538000003,123.30029960820465,9.414611661673192
1,2.9387348497426533,10.730585088999986,122.07882000460937,8.71168471998159
1,2.885605180142786,23.884205899999998,121.62940769762618,8.239225628024883
1,3.7157562676407108,24.922649980000013,122.70108319889374,8.654067757547821
1,3.1163871824672094,12.461324571999997,122.13643696704311,9.11500345701775
1,3.073219325917317,11.76902871000001,123.03526158100946,9.011292924637033
1,3.342188278266645,15.230508249999998,122.38995160175155,8.826918644849044
1,2.4887929603187784,12.46132466999999,125.846969347776,11.961281401244534
1,3.2193259173169517,20.076578909999988,122.72412998386726,8.573404010140592
1,3.4102606674414746,22.49961394999998,124.63701313666743,10.762848582622723
1,3.1479329237921303,23.19191029000001,129.93777368057155,15.833141276791878
1,3.044994188942388,20.076578860000005,123.39248674809863,9.598985941461152
1,3.0400132824174,16.268952069999983,122.92002765614197,9.17262041945149
1,3.2043831977419894,12.11517670899994,123.41553353307214,9.380041484212953
1,3.2890586086667777,31.499459360000078,127.87508642544366,13.793500806637482
1,3.164535945542089,14.884361029999965,123.38096335561188,9.598985941461152
1,2.9354142453926615,22.84576247,123.89951601751557,10.532380732887788
1,2.9470363606176324,22.499614440000016,122.27471767688407,8.792348467388777
1,3.448447617466379,20.07657884000001,123.92256280248905,9.990781286010602
1,3.5082184957662297,22.153466649999995,124.2682645770915,9.852500576169618
1,3.1794786651170517,15.23050625000001,122.83936390873474,9.057386494584009
1,3.3870164369915328,25.614945576,123.51924406545287,9.21871398939848
1,3.6974929437157567,20.76887457999999,125.09794883613736,10.728278405162484
1,2.968620288892579,12.461324710000007,124.24521779211798,10.62456787278174
1,3.207703802091981,28.037980894000004,123.19658907582391,9.5874625489744
1,3.096463556367259,11.769028964999993,123.68057156026735,9.287854344318987
1,3.166196247717085,16.61509955999999,124.03779672735654,8.469693477759861
1,3.4036194587414914,23.53805793999998,131.33210417146807,17.630790504724573
1,3.348829486966628,18.69198709,123.43858031804564,9.172620419451505
1,3.4301842935414246,14.884359969999988,124.00322654989628,9.391564876699704
1,3.1329902042171676,17.999691269999992,123.12744872090344,9.483752016593712
1,3.3040013282417404,22.499614190000003,122.05577321963585,7.755243143581467
1,3.1811389672920476,15.230508230000028,125.05185526619036,10.705231620188968
1,2.966959986717583,13.84591636,121.76768840746716,8.250749020511634
1,3.285738004316786,14.884360179999982,121.8713989398479,9.045863102097258
1,3.4252033870164373,15.922803894000001,124.61396635169393,10.82046554505645
1,3.0914826498422716,10.038289550000009,123.10440193592993,9.091956672044233
1,3.2923792130167695,20.076578920000003,123.26572943074441,9.495275409080449
1,3.0914826498422716,17.307395566999993,121.56026734270569,8.873012214796034
1,3.049975095467375,20.42272682000001,126.93016824153031,13.309518322194066
1,2.8025900713929937,14.884360198000001,128.3129753399401,14.058538833832685
1,3.564668769716089,21.46117053399999,124.17607743719752,9.253284166858734
1,3.1180474846422053,15.230508599999979,127.12606591380502,13.032956902512097
1,3.0151087497924625,14.192064649999978,123.3348697856649,9.080433279557496
1,2.968620288892579,16.961247710000002,123.36943996312515,9.967734501037114
1,3.144612319442139,13.15362094,122.58584927402627,8.377506337865867
1,3.3189440478167027,15.576655880000008,124.19912422217101,9.714219866328648
1,2.86402125186784,10.73058526200002,122.41299838672506,8.538833832680353
1,3.6294205545409266,25.268797749999973,123.49619728047938,9.748790043788901
1,3.3139631412917154,14.53821303000001,124.54482599677345,10.417146808020277
1,3.3969782500415078,10.38443644000006,128.57801336713527,14.726895598064047
1,2.7976091648680064,9.692141240000007,120.92648075593455,7.236690481677812
1,2.875643367092811,19.038134580000015,125.78935238534224,11.339018206960134
1,3.458409430516354,25.96109366999999,130.14519474533304,16.386264116155814
1,2.570147766893575,10.73058523099999,124.29131136206499,11.027886609817926
1,3.242570147766894,20.07657868000001,132.47292002765613,19.10578474302835
1,3.280757097791798,24.57650169,127.310440193593,14.093109011292938
1,3.031711771542421,13.499769859999962,130.46784973496196,16.501498041023268
1,3.564668769716089,14.884360229999986,124.80986402396866,10.624567872781753
1,3.451768221816371,18.691987058000006,124.40654528693247,10.659138050241992
1,2.956998173667608,15.230508479999989,121.59483752016594,8.250749020511648
1,3.0798605346173007,14.884360049999996,122.47061534915879,8.227702235538146
1,3.2043831977419894,26.653389070999996,125.846969347776,12.191749250979498
1,3.37207371741657,16.96124767000001,122.47061534915879,8.53883383268034
1,3.0167690519674584,13.153620702000024,124.70615349158794,9.679649688868409
1,2.9271127345176824,16.268951929999993,121.88292233233464,7.720672966121228
1,3.2359289390669104,25.614945496999994,123.48467388799263,9.64507951140817
1,3.083181138967292,14.884360206000006,124.23369439963126,10.958746254897463
1,3.3222646521666945,23.538057891999987,124.32588153952524,9.933164323576875
1,3.4268636891914332,26.999537389999997,125.44365061073981,12.226319428439751
1,3.3986385522165037,19.730431149999998,124.19912422217101,10.566950910347998
1,2.986883612817533,21.461170509,126.83798110163633,13.286471537220578
1,3.0117881454424706,13.845916650000005,121.99815625720211,8.377506337865867
1,3.6244396480159393,18.345839299999994,123.58838442037336,8.930629177229775
1,2.6913498256682717,17.999691289999983,121.12237842820926,6.591380502419895
1,3.3089822347667277,17.65354359,127.13758930629177,13.171237612353082
1,3.453428523991367,13.499768420000011,122.9776446185757,9.14957363447796
1,2.7511207039681222,13.153620619999998,123.03526158100946,9.356994699239479
1,4.313465050639216,22.15346719999997,125.83544595528923,11.707766766536054
1,3.1811389672920476,11.422881212000005,123.27725282323117,9.1265268495045
1,3.483313963141292,12.46132514000001,122.80479373127449,9.184143811938242
1,2.978582101942554,19.730431099999993,121.64093109011293,8.469693477759847
1,2.842437323592894,9.692141369999998,122.41299838672506,9.02281631712377
1,2.9819027062925456,19.730431199999984,130.42175616501498,16.48997464853653
1,3.4335048978914164,27.691832910000013,124.99423830375662,10.647614657755227
1,2.885605180142786,14.884360328000007,124.34892832449873,9.1265268495045
1,3.3372073717416573,20.768875040000008,126.96473841899054,12.80248905277712
1,3.5082184957662297,22.15346649000001,127.12606591380502,13.493892601982012
1,3.0898223476672757,18.691987089999966,126.94169163401705,13.563032956902504
1,2.68802922131828,9.692141270000002,128.02489052777136,13.793500806637468
1,3.0051469367424875,13.845916290000023,124.5333026042867,8.94215256971654
1,2.787647351818031,22.499613660000026,125.1555657985711,10.993316432357688
1,3.1695168520670762,27.691832840000004,123.49619728047938,9.172620419451505
1,3.0217499584924457,14.538212287000004,124.39502189444573,10.405623415533555
1,3.3023410260667445,15.230507989999987,124.51025581931322,11.07398017976493
1,2.8241739996679396,17.65354347,122.98916801106246,8.481216870246598
1,2.86402125186784,9.345993570999992,121.84835215487439,8.342936160405614
1,2.6996513365432513,15.922803519999965,122.59737266651302,9.080433279557496
1,3.3156234434667113,14.538213069999959,133.67135284627793,18.65637243604516
1,2.6282583430184294,17.653543417999998,121.272182530537,7.455634938926025
1,2.7843267474680395,20.768874855000004,122.58584927402627,8.769301682415303
1,2.976921799767558,18.691987389999998,122.4014749942383,9.03433970961052
1,2.888925784492778,11.076733260000005,122.72412998386726,8.688637935008074
1,3.051635397642371,13.845916369999989,122.93155104862872,9.817930398709379
1,3.282417399966794,20.076577980000025,128.18621802258585,13.274948144733813
1,3.0483147932923793,17.653543830000007,121.59483752016594,7.455634938926025
1,3.207703802091981,12.461324870000006,124.19912422217101,10.901129292463693
1,2.867341856217832,11.769029160000002,123.49619728047938,9.529845586540688
1,3.0184293541424543,22.845762119999982,121.92901590228162,8.273795805485122
1,3.1097459737672257,18.345839630000032,123.20811246831067,9.73726665130215
1,2.9370745475676574,10.038289290000002,122.20557732196357,8.619497580087568
1,3.141291715092147,13.499768479999984,124.57939617423371,10.855035722516718
1,2.8706624605678237,17.30739516,121.05323807328878,7.582392256280258
1,3.2790967956168027,15.576656196000007,130.8135515095644,17.411846047476374
1,3.171177154242072,14.53821212000001,122.32081124683107,7.893523853422451
1,3.577951187116055,16.961249649999967,130.3526158100945,16.19036644388109
1,3.4335048978914164,19.038135129999983,124.21064761465776,10.140585388338323
1,3.4002988543914996,18.691987079999997,125.52431435814704,12.030421756165026
1,3.6061763240909848,13.499768567000002,125.04033187370362,11.120073749711906
1,3.282417399966794,21.807318438000003,124.69463009910118,10.68218483521548
1,3.1213680889921966,13.845917030000063,128.43973265729431,14.945840055312303
1,3.0051469367424875,23.53805819,126.42313897211339,12.675731735422914
1,3.0167690519674584,17.999691100000007,122.59737266651302,8.861488822309283
1,3.17615806076706,18.345839530000006,127.54090804332796,14.023968656372432
1,3.4799933587913,22.153466209999987,123.17354229085042,8.76930168241529
1,3.571309978416072,20.768874540000002,124.06084351233002,9.956211108550349
1,3.3886767391665287,17.99969153999995,124.78681723899516,10.520857340401022
1,3.2774364934418068,20.07657878999998,131.41276791887532,18.114772989168003
1,2.878963971442803,14.884360159000002,129.30398709380043,15.233924867480994
1,2.546903536443633,18.345838724999965,122.41299838672506,9.068909887070774
1,3.063257512867342,12.11517698999999,122.45909195667204,8.331412767918863
1,2.832475510542919,23.538057804000005,121.17999539064301,7.732196358607979
1,3.6344014610659143,20.07657869,125.72021203042176,11.200737497119164
1,2.940395151917649,18.69198721,129.9032035031113,16.69739571329798
1,3.453428523991367,22.4996142,129.09656602903894,15.568103249596675
1,3.307321932591732,17.653543559999978,125.9737266651302,11.995851578704745
1,3.2143450107919644,15.576656149999986,123.76123530767458,10.35952984558655
1,3.473352150091317,20.076578729999998,121.97510947222862,8.838442037335795
1,3.186119873817035,20.076578920000003,124.68310670661442,10.198202350772064
1,3.563008467541093,14.538212070000014,130.09910117538604,15.7640009218714
1,3.4799933587913,13.153620597999996,124.99423830375662,11.166167319658882
1,2.7710443300680727,10.384437336999996,121.09933164323576,7.663056003687473
1,3.4252033870164373,17.999691524999985,129.96082046554505,16.098179303987095
1,3.174497758592064,14.884360200999994,123.39248674809863,9.426135054159943
1,3.262493773866844,27.691832769999998,123.27725282323117,10.059921640931108
1,3.1363108085671594,16.615099960000013,128.3244987324268,14.012445263885667
1,2.852399136642869,15.230507930000012,121.38741645540448,7.536298686333254
1,3.083181138967292,17.653543260000014,123.6460013828071,8.988246139663516
1,2.9918645193425206,17.653543579999997,123.36943996312515,9.714219866328648
1,3.2790967956168027,15.922804210000036,123.2887762157179,9.449181839133445
1,2.711273451768222,11.769028947999994,120.68448951371285,7.2021203042175586
1,3.186119873817035,20.768874239999978,130.20281170776678,16.1673196589076
1,3.782168354640545,34.61479080000003,128.2668817699931,13.436275639548285
1,3.1346505063921635,12.115176749999982,121.68702466005992,8.054851348236909
1,3.0383529802424043,22.15346614,121.89444572482138,8.988246139663516
1,2.762742819193093,10.730585261000007,122.83936390873474,8.688637935008074
1,3.041673584592396,22.845762097999994,124.23369439963126,10.278866098179321
1,3.15623443466711,18.345838889999992,125.30536990089882,11.834524083890301
1,2.945376058442637,14.192064409999995,122.65498962894677,8.665591150034587
1,3.4866345674912838,14.192064559999974,124.30283475455175,9.714219866328662
1,3.187780175992031,17.99969128799999,122.56280248905279,9.184143811938242
1,3.1147268802922135,10.730585309999983,124.5333026042867,10.278866098179293
1,3.073219325917317,14.88436006000001,123.51924406545287,9.552892371514176
1,3.577951187116055,15.922803919999998,123.30029960820465,9.552892371514176
1,3.465050639216338,20.42272688999999,124.54482599677345,10.497810555427534
1,3.0217499584924457,20.076578929999997,132.15026503802721,17.99953906430055
1,2.887265482317782,30.114868250000004,122.10186678958286,8.67711454252131
1,4.175659970114562,21.11502270500001,132.30006914035494,18.13781977414152
1,3.70413415241574,20.768874620000002,129.23484673887992,15.187831297534004
1,3.493275776191267,21.807318410000004,123.01221479603595,9.610509333947917
1,3.4152415739664623,14.538212257999941,123.94560958746254,10.140585388338323
1,3.5331230283911674,23.88420554,122.98916801106246,8.907582392256288
1,2.656483479993359,13.845916351999998,123.18506568333719,8.757778289928567
1,3.4351652000664123,20.768874750000005,123.68057156026735,9.230237381885246
1,3.4086003652664787,11.769028983999998,123.48467388799263,10.278866098179293
1,3.1379711107421553,19.384282879999994,122.67803641392025,8.965199354690029
1,3.3272455586916823,12.461325299999992,123.73818852270108,9.737266651302136
1,3.02008965631745,12.461325180000001,122.781746946301,8.365982945379116
1,3.064917815042338,22.49961425299999,129.41922101866788,15.798571099331639
1,2.988543914992529,14.538212510000003,121.61788430513943,7.801336713528457
1,3.0599369085173502,11.76902873000001,122.70108319889374,8.619497580087568
1,2.9188112236427033,17.30739535000001,121.52569716524543,7.6745793961742095
1,3.538103934916155,21.807318403,123.45010371053237,9.045863102097243
1,3.152913830317118,19.730430659999996,124.86748098640238,11.120073749711906
1,3.475012452266313,15.922803900000007,123.63447799032035,9.956211108550363
1,3.066578117217334,10.730585140000004,123.32334639317814,9.691173081355132
1,3.3272455586916823,28.73027693999999,124.31435814703849,11.419681954367363
1,3.152913830317118,18.345839180000013,122.32081124683107,8.181608665591156
1,3.2907189108417736,50.537593630000096,127.17215948375203,13.712837059230253
1,3.1778183629420558,11.076732769999992,123.66904816778059,10.336483060613034
1,3.0400132824174,17.65354347,125.21318276100484,11.12007374971192
1,3.470031545741325,16.26895179000001,124.04932011984329,10.059921640931108
1,3.475012452266313,10.384437119999998,124.76377045402167,10.659138050241992
1,3.4368255022414083,15.230507909999995,128.90066835676424,15.003457017746044
1,2.664784990868338,15.230507909999995,121.8713989398479,8.377506337865881
1,3.186119873817035,25.614945579999993,131.78151647845127,18.19543673657526
1,3.468371243566329,21.461170699999947,130.9057386494584,16.939386955519723
1,2.933753943217666,16.615099742000005,124.32588153952524,9.656602903894921
1,3.4999169848912506,18.691987269999974,127.78289928554966,13.263424752247062
1,2.8822845757927946,10.384437540000013,122.89698087116847,9.045863102097243
1,3.494936078366263,23.538057979999998,123.96865637243604,9.87554736114312
1,3.4185621783164537,20.768874770000004,130.13367135284628,15.591150034570191
1,2.77602523659306,10.384437479999987,121.37589306291771,7.778289928554955
1,3.6111572306159725,15.230508460000006,124.56787278174694,11.177690712145647
1,3.194421384692014,14.88436057000001,123.00069140354921,8.97672274717678
1,3.4567491283413583,15.576654080000015,131.14772989168011,17.020050702926937
1,3.4451270131163874,21.461170279999983,123.30029960820465,9.057386494584009
1,3.7290386850406776,16.615099739999938,133.440884996543,19.981562572021218
1,3.086501743317284,13.845916569999988,124.2682645770915,10.175155565798576
1,2.9088494105927283,15.922803970000002,122.57432588153951,7.928094030882676
1,2.855719740992861,14.884360120000009,120.83429361604057,6.729661212260893
1,2.9603187780175992,16.61509977000001,128.78543443189676,15.141737727587028
1,3.049975095467375,16.615099720000032,126.58446646692786,12.790965660290382
1,2.747800099618131,10.730585099999988,121.05323807328878,7.962664208342943
1,3.0084675410924793,19.03813526399999,122.62041945148651,9.080433279557496
1,2.9902042171675247,11.769028966000004,122.89698087116847,8.342936160405614
1,3.1329902042171676,13.499768289999999,122.00967964968888,8.020281170776698
1,2.9935248215175165,14.538211610000042,122.93155104862872,8.631020972574333
1,3.2375892412419063,16.615099867999984,123.65752477529384,9.5874625489744
1,2.996845425867508,14.53821230000013,127.71375893062917,13.355611892141042
1,3.579611489291051,10.384437780000011,125.66259506798802,10.463240377967281
1,2.7859870496430355,24.922649849999992,130.17976492279325,15.683337174464143
1,3.4119209696164705,15.576655982,128.88914496427748,15.164784512560487
1,3.3571309978416073,23.88420591000001,122.92002765614197,9.575939156487678
1,3.0117881454424706,22.49961378999998,122.85088730122149,8.458170085273125
1,3.1047650672422384,11.422881239999993,121.96358607974187,8.365982945379116
1,2.865681554042836,6.230662614999972,121.49112698778521,7.893523853422451
1,3.539764237091151,15.922803785000001,124.2221710071445,10.440193592993765
1,2.95201726714262,24.922649539999988,122.86241069370823,8.953675962203278
1,3.26415407604184,15.922804050000002,124.2221710071445,10.313436275639546
1,2.8191930931429523,19.038135171999997,121.94053929476839,9.045863102097258
1,2.978582101942554,19.730430639999987,127.95575017285088,14.33510025351464
1,3.0267308650174334,22.84576197999998,128.61258354459554,14.899746485365313
1,2.678067408268305,13.153620718000004,122.4475685641853,8.44664669278636
1,3.4185621783164537,19.38428318199999,124.33740493201198,10.68218483521548
1,3.274115889091815,17.653543651,123.31182300069142,9.875547361143134
1,3.2890586086667777,17.307395370000002,126.74579396174235,12.618114772989173
1,3.558027561016105,15.230508349999942,123.13897211339018,10.221249135745566
1,2.7942885605180146,16.268951879999996,122.89698087116847,9.518322194053923
1,3.5298024240411756,20.42272653,127.41415072597373,13.34408849965429
1,2.961979080192595,13.84591638,123.43858031804564,8.89605899976955
1,3.066578117217334,11.076732369999995,123.16201889836367,9.552892371514162
1,3.0001660302174997,12.80747270000001,122.12491357455634,8.849965429822547
1,2.754441308318114,17.65354309000001,123.24268264577091,9.898594146116622
1,3.131329902042172,23.884205929999975,131.34362756395484,17.826688176999312
1,2.945376058442637,28.384128420000003,124.19912422217101,10.92417607743721
1,3.651004482815873,25.614945060000014,123.79580548513482,10.071445033417831
1,2.7013116387182468,16.615099762999996,122.92002765614197,9.08043327955751
1,2.656483479993359,15.576655984,123.89951601751557,10.947222862410698
1,3.043333886767392,11.769028739999996,124.0262733348698,10.324959668126297
1,3.282417399966794,17.30739558999999,124.61396635169393,10.44019359299378
1,3.0898223476672757,14.53821265999999,124.23369439963126,11.12007374971192
1,3.262493773866844,26.30724123,128.38211569486057,14.703848813090588
1,2.8922463888427696,13.499769100000034,123.34639317815166,9.714219866328648
1,2.875643367092811,20.07657777000009,127.49481447338096,13.66674348928322
1,2.44396480159389,13.153619645000017,127.218253053699,12.733348697856641
1,2.8357961148929105,14.884360649999977,133.86725051855265,20.649919336252594
1,3.353810393491616,14.884359920000001,130.98640239686563,17.665360682184826
1,2.9105097127677237,11.769029040000003,122.781746946301,8.757778289928567
1,2.985223310642537,14.884360039999974,122.77022355381423,8.68863793500806
1,3.1014444628922466,14.884360290000012,122.42452177921179,8.873012214796034
1,3.493275776191267,15.922804410000017,125.48974418068678,11.25835445955289
1,3.3986385522165037,11.769028990000034,123.26572943074441,9.322424521779212
1,3.3338867673916655,11.769029019999943,123.06983175846969,8.757778289928552
1,3.053295699817367,12.807471667999996,123.18506568333719,9.045863102097272
1,3.4999169848912506,13.153620850000005,124.44111546439271,10.739801797649207
1,3.35215009131662,19.730430849999987,122.38995160175155,9.057386494583994
1,2.945376058442637,14.538212599999982,122.50518552661904,8.607974187600846
1,3.1911007803420226,15.92280389999999,125.69716524544825,12.272412998386699
1,3.0184293541424543,69.22958455000003,121.4680802028117,7.455634938926011
1,3.174497758592064,16.96124785000001,124.30283475455175,9.161097026964754
1,3.02008965631745,22.84576195999999,124.37197510947222,11.212260889605886
1,2.7926282583430186,25.961093400000014,123.32334639317814,9.518322194053923
1,3.1811389672920476,14.538212959999997,123.31182300069142,9.990781286010616
1,3.3787149261165537,10.730586779999982,125.66259506798802,11.177690712145662
1,3.0350323758924125,18.345839288,123.87646923254205,9.979257893523851
1,3.3272455586916823,24.230355000000035,131.1246831067066,16.962433740493196
1,3.0134484476174666,16.615099830000002,123.58838442037336,9.817930398709393
1,3.1097459737672257,13.499768421999999,124.54482599677345,10.808942152569713
1,2.6515025734683713,16.268951399999974,120.55773219635861,6.914035492048882
1,2.6315789473684212,15.57665617000001,120.28117077667666,6.925558884535604
1,2.8955669931927615,19.038135120000007,121.49112698778521,7.640009218713985
1,3.2143450107919644,23.191909690000003,127.61004839824845,13.49389260198204
1,2.8374564170679064,21.80731834000001,125.65107167550127,11.258354459552905
1,3.2010625933919976,13.499768559999993,123.23115925328416,8.976722747176751
1,3.0250705628424375,15.9228013700001,129.49988476607513,15.671813781977391
1,3.2093641042669767,19.038135180000012,128.64715372205578,14.04701544134592
1,2.9819027062925456,11.42288133,123.9110394100023,10.117538603364821
1,3.360451602191599,11.769028977000003,123.80732887762159,9.73726665130215
1,2.9935248215175165,22.49961416,130.08757778289927,15.913805024199121
1,3.0383529802424043,24.922649529999994,123.9801797649228,10.129061995851572
1,3.1363108085671594,37.037826599999946,125.85849274026273,11.846047476377038
1,2.885605180142786,13.153621910000009,127.8866098179304,14.335100253514653
1,3.239249543416902,16.961247789999984,124.69463009910118,11.062456787278165
1,3.5347833305661633,16.615099793999992,125.88153952523622,11.926711223784281
1,3.35215009131662,37.03782636,123.89951601751557,9.564415764000927
1,2.978582101942554,15.576655823999998,123.70361834524084,9.472228624106947
1,2.9470363606176324,22.153466089999995,123.9110394100023,8.849965429822532
1,3.19608168686701,17.30739569000001,122.4014749942383,8.873012214796034
1,3.385356134816537,25.61494558999998,124.62548974418068,10.209725743258801
1,3.5281421218661797,11.076733130000008,123.18506568333719,9.668126296381658
1,3.2243068238419395,11.769029080000003,123.61143120534686,9.610509333947917
1,3.7257180806906858,23.53805779999999,134.61627103019129,20.684489513712833
1,3.4401461065914,22.499614465000004,126.23876469232542,12.214796035952986
1,3.265814378216836,14.884360140000009,123.3579165706384,9.610509333947917
1,2.8158724887929605,13.153620579999993,123.95713297994931,10.659138050241992
1,2.968620288892579,13.845916489999988,123.04678497349619,9.115003457017735
1,3.4418064087663955,19.730431184999993,132.49596681262963,19.03664438810786
1,3.2375892412419063,16.961247940000003,132.33463931781517,18.725512790965666
1,3.129669599867176,23.538058100000015,124.09541368979026,9.725743258815385
1,3.679229619790802,19.384286039999946,133.78658677114544,20.488591841438122
1,3.250871658641873,15.922804049999984,122.30928785434432,9.022816317123755
1,2.945376058442637,18.691986769999982,125.52431435814704,10.693708227702231
1,2.953677569317616,17.65354341,127.95575017285088,14.450334178382107
1,3.380375228291549,15.576656008999995,125.00576169624338,10.88960589997697
1,3.3770546239415578,19.038135099999995,129.70730583083662,16.075132519013607
1,2.986883612817533,15.230508040000016,122.17100714450335,8.792348467388805
1,3.0948032541922634,19.730431270000015,127.13758930629177,13.689790274256737
1,3.461730034866346,14.88436001,124.79834063148192,10.728278405162484
1,2.8059106757429855,14.884360329999986,126.0889605899977,11.696243374049331
1,3.0151087497924625,13.499768700000018,122.28624106937083,8.308365982945375
1,3.1578947368421053,15.922803850000003,122.13643696704311,8.734731504955079
1,2.9802424041175497,22.845762230000002,122.07882000460937,7.628485826227262
1,3.274115889091815,20.768874749999988,130.9518322194054,16.939386955519694
1,2.930433338867674,15.576655949999994,121.32979949297074,8.043327955750172
1,3.187780175992031,17.307395839999995,127.32196358607975,13.482369209495289
1,2.6415407604183962,15.230507977999984,124.82138741645541,10.186678958285327
1,3.1097459737672257,11.076734469999995,122.62041945148651,8.896058999769522
1,2.810891582267973,13.153621329999986,121.68702466005992,8.67711454252131
1,3.438485804416404,24.922649709999966,131.09011292924637,17.03157409541369
1,3.4418064087663955,14.538211970000006,122.74717676884075,9.011292924637004
1,2.940395151917649,15.576656480000024,125.99677345010372,12.34155335330722
1,3.26415407604184,14.192064530000003,123.2887762157179,9.575939156487678
1,3.662626598040844,25.614945325999997,124.03779672735654,9.840977183682867
1,3.19608168686701,16.615099449999978,132.20788200046093,18.322194053929465
1,3.295699817366761,12.461325119999993,123.50772067296612,9.426135054159943
1,3.2907189108417736,13.499768190000006,123.3348697856649,8.561880617653841
1,3.0018263323924956,15.576656227999996,128.46277944226782,14.346623646001404
1,2.6930101278432677,19.730430979999994,129.86863332565107,15.660290389490669
1,3.053295699817367,57.46055656999954,129.2809403088269,15.280018437427955
1,3.10808567159223,17.30739577,133.07213643696704,18.829223323346397
1,2.852399136642869,19.038135325000006,121.52569716524543,7.812860106015208
1,3.259173169516852,24.922649989999982,130.9518322194054,16.501498041023282
1,3.141291715092147,15.922804109999985,122.20557732196357,8.481216870246584
1,3.539764237091151,21.461170509999995,123.71514173772759,9.864023968656369
1,3.131329902042172,19.038135099999977,122.25167089191058,7.858953675962212
1,2.746139797443135,13.49976876,122.07882000460937,7.951140815856192
1,2.956998173667608,26.653389350000005,122.26319428439734,8.965199354690029
1,3.086501743317284,19.73043065999998,127.6676653606822,13.712837059230253
1,3.667607504565831,19.03813526000001,124.46416224936621,10.221249135745566
1,2.4887929603187784,14.192064499999999,120.37335791657064,6.9946992394560965
1,3.0117881454424706,11.769029360000001,122.62041945148651,8.849965429822547
1,2.9171509214677074,15.230508062,122.00967964968888,7.985710993316445
1,3.582932093641043,22.153466400000006,126.13505415994469,12.237842820926488
1,3.90004980906525,20.768874690000004,126.99930859645079,13.597603134362757
1,2.933753943217666,37.73012224999999,124.98271491126988,10.532380732887773
1,3.063257512867342,18.691987380000004,122.64346623646001,9.068909887070745
1,3.2110244064419726,14.192064109999988,123.3579165706384,9.483752016593684
1,3.305661630416736,12.115176490000009,124.37197510947222,9.875547361143106
1,3.272455586916819,27.69183300000001,123.31182300069142,9.391564876699704
1,3.0001660302174997,9.345993609999967,124.61396635169393,10.981793039870922
1,3.259173169516852,14.884359409999963,124.69463009910118,10.993316432357673
1,3.672588411090819,19.384283090000007,128.34754551740033,14.33510025351464
1,3.9083513199402296,16.26895166,129.49988476607513,15.268495044941233
1,2.845757927942886,17.999691450000018,129.22332334639316,15.107167550126746
1,3.08816204549228,15.92280425,123.25420603825765,9.172620419451476
1,3.2442304499418895,15.576656094999997,123.00069140354921,9.5067988015672
1,3.186119873817035,16.615099320000034,128.75086425443652,14.02396865637246
1,3.2193259173169517,21.807318215000006,121.81378197741415,8.40055312283937
1,3.1894404781670267,16.96124753,123.47315049550586,10.082968425904568
1,2.8009297692179977,10.038289199999946,122.47061534915879,8.896058999769522
1,2.8955669931927615,16.961247979999996,129.22332334639316,16.305600368748543
1,3.207703802091981,12.461324701999992,121.04171468080203,7.962664208342929
1,3.1462726216171344,13.153620468,122.32081124683107,8.965199354690014
1,3.0267308650174334,17.99969206,123.58838442037336,9.1265268495045
1,3.265814378216836,14.192064611000012,122.79327033878774,9.541368979027425
1,2.8374564170679064,16.615100080000012,130.76745793961743,16.674348928324505
1,3.651004482815873,16.61509934,125.48974418068678,11.454252131827602
1,2.968620288892579,17.999691340000005,128.0018437427979,14.173772758700153
1,2.460567823343849,9.345993638999982,120.44249827149112,6.591380502419895
1,3.0798605346173007,28.38412877000002,123.49619728047938,9.310901129292475
1,3.0815208367922966,12.115176270000061,127.64461857570868,13.57455634938924
1,3.5264818196911842,20.76887464,124.66005992164094,9.506798801567186
1,3.054956001992363,12.807472690000006,122.98916801106246,8.527310440193602
1,2.6315789473684212,14.538212249999996,120.69601290619958,7.3404010140585285
1,3.579611489291051,19.384283016999994,125.43212721825306,12.053468541138514
1,2.965299684542587,8.307549637000012,121.75616501498041,7.432588153952537
1,3.240909845591898,13.499769409999994,123.78428209264807,9.541368979027425
1,3.5231612153411924,18.345839318,127.81746946300991,13.643696704309761
1,2.7311970778681722,18.69198732000002,132.83014519474534,20.03917953445496
1,3.230948032541923,14.192064089999997,122.83936390873474,8.054851348236923
1,3.582932093641043,22.49961431999999,129.21179995390645,15.706383959437673
1,3.3040013282417404,14.192064449999979,130.87116847199815,17.12376123530767
1,3.184459571642039,10.384437468000003,122.57432588153951,8.527310440193588
1,3.10808567159223,19.384283089999997,123.36943996312515,10.348006453099785
1,3.2442304499418895,13.499766379999958,133.7520165936852,19.94699239456098
1,3.463390337041342,22.153466489999996,123.89951601751557,9.622032726434668
1,3.5414245392661465,27.34568500999999,124.21064761465776,9.82945379119613
1,3.5464054457911343,14.538212270000013,131.4819082737958,16.88176999308594
1,2.8955669931927615,16.268951629999993,121.49112698778521,7.962664208342943
1,3.2458907521168854,34.26864313999997,131.11315971421988,16.96243374049321
1,3.0184293541424543,24.23035364,122.10186678958286,8.089421525697162
1,2.7859870496430355,11.076733150999999,121.2030421756165,6.69509103480064
1,2.8972272953677574,14.538212320000008,122.1594837520166,8.35445955289238
1,2.8291549061929273,14.192064560000007,122.74717676884075,9.21871398939848
1,3.647683878465881,18.345839250000008,132.16178843051395,19.117308135515103
1,3.1329902042171676,18.345839270000003,125.87001613274948,12.272412998386727
1,3.051635397642371,25.96109311999998,126.6420834293616,12.81401244526387
1,3.250871658641873,13.153620475999995,122.3323346393178,8.896058999769522
1,2.8706624605678237,18.345839273999996,121.8253053699009,8.18160866559117
1,3.0101278432674747,11.076733400000004,130.39870938004148,16.720442498271495
1,3.3272455586916823,16.961247630000003,124.00322654989628,9.460705231620196
1,3.4401461065914,15.57665585999999,125.35146347084583,10.9702696473842
1,3.186119873817035,23.884205510000047,123.81885227010831,10.15210878082506
1,3.17615806076706,16.268952009999996,122.58584927402627,9.633556118921405
1,3.1462726216171344,15.576655840000026,124.44111546439271,9.760313436275624
1,3.066578117217334,17.99969122000001,122.89698087116847,8.76930168241529
1,3.3455088826166364,14.538212430000012,123.23115925328416,9.126526849504486
1,2.842437323592894,16.961248080000004,125.66259506798802,12.306983175846966
1,3.141291715092147,19.03813471,123.36943996312515,9.368518091726202
1,3.0283911671924293,14.88435988,122.66651302143352,8.469693477759847
1,2.943715756267641,13.499768419999967,133.61373588384419,19.439963125144033
1,3.579611489291051,25.26879781,127.25282323115925,13.413228854574797
1,2.9603187780175992,11.076733270000007,123.41553353307214,9.068909887070745
1,3.0217499584924457,38.422418339999986,122.83936390873474,9.253284166858734
1,2.955337871492612,11.769029540000009,128.85457478681724,15.141737727587014
1,3.2043831977419894,13.845916396000007,125.93915648766998,12.744872090343407
1,3.602855719740993,20.422726804,128.11707766766537,13.851117769071237
1,3.2442304499418895,15.576655961999991,121.89444572482138,8.40055312283937
1,2.95201726714262,22.15346626,122.98916801106246,8.757778289928567
1,3.078200232442305,37.38397561000008,123.57686102788661,8.988246139663516
1,3.0034866345674915,13.499768129999964,125.29384650841206,11.742336943996307
1,3.0366926780674084,25.268797340000024,124.8444342014289,11.408158561880612
1,2.8142121866179646,19.03813517,124.7752938465084,11.315971421986632
1,2.8939066910177655,14.884360159999991,121.91749250979488,8.5042636552201
1,3.285738004316786,27.691832730000005,128.85457478681724,14.692325420603822
1,3.5231612153411924,21.115022750000012,124.2221710071445,10.186678958285313
1,3.2160053129669603,12.115176840000013,123.03526158100946,9.230237381885246
1,3.0134484476174666,17.65354324999999,131.74694630099103,18.218483521548762
1,3.294039515191765,16.615099420000007,122.735653376354,8.90758239225626
1,2.8258343018429355,17.653543696,123.30029960820465,9.933164323576875
1,3.6244396480159393,25.268797689999992,124.09541368979026,10.371053238073273
1,3.358791300016603,23.884206149999958,123.32334639317814,9.264807559345456
1,2.711273451768222,16.96124783000002,122.58584927402627,9.103480064530984
1,3.2442304499418895,21.115022279999977,124.27978796957824,10.267342705692542
1,3.1578947368421053,12.11517732000001,124.39502189444573,10.35952984558655
1,3.056616304167359,14.884360470000011,122.64346623646001,8.907582392256273
1,3.259173169516852,15.92280377999999,123.86494584005531,10.209725743258815
1,3.473352150091317,50.88374286999993,124.39502189444573,10.371053238073301
1,3.0250705628424375,15.92280399999998,122.735653376354,8.803871859875542
1,2.6913498256682717,13.153620359999994,121.62940769762618,8.389029730352604
1,3.338867673916653,23.191910076,125.85849274026273,11.5925328416686
1,2.9154906192927115,13.845916000000003,124.08389029730354,9.817930398709407
1,2.9271127345176824,14.884359959999975,122.781746946301,9.068909887070774
1,3.4999169848912506,27.691832749999996,123.20811246831067,9.103480064530999
1,3.428523991366429,17.99969088,124.01474994238303,9.78336022124914
1,2.6913498256682717,19.730430340000048,129.36160405623417,15.890758239225647
1,3.373734019591566,12.115176899999994,126.89559806407007,13.263424752247062
1,2.759422214843102,21.115022807,121.21456556810324,8.123991703157401
1,3.5862526979910347,20.768875,125.13251901359762,10.92417607743721
1,2.965299684542587,21.11502275000003,125.74325881539525,12.053468541138514
1,3.6427029719408934,16.26895179,127.78289928554966,13.747407236690478
1,3.0483147932923793,17.999691368999997,122.56280248905279,8.803871859875557
1,3.1246886933421885,18.691987290000018,122.52823231159253,9.161097026964754
1,3.166196247717085,17.307395700000004,123.84189905508181,10.013828070984076
1,2.976921799767558,12.46132518000001,122.30928785434432,8.2622724129984
1,3.174497758592064,35.653234609999934,124.06084351233002,10.163632173311825
1,2.9835630084675415,16.961247563999983,124.40654528693247,10.417146808020291
1,3.572970280591068,14.884360959999883,131.15925328416688,16.985480525466727
1,3.098123858542255,16.268951940000015,131.29753399400784,17.11223784282093
1,3.3006807238917486,14.192064850000012,123.08135515095644,8.965199354690029
1,3.3355470695666614,20.07657880999998,123.87646923254205,10.221249135745552
1,2.9171509214677074,18.345839205999987,122.42452177921179,7.755243143581467
1,3.2873983064917818,17.307395689999996,123.86494584005531,9.887070753629857
1,3.0798605346173007,16.96124702,123.53076745793963,9.287854344318987
1,3.0466544911173834,10.384437470999998,125.82392256280248,12.018898363678261
1,3.0250705628424375,13.499768190000006,123.20811246831067,9.506798801567172
1,2.6315789473684212,13.499768575000003,123.1159253284167,10.013828070984104
1,3.02008965631745,16.615099939999997,123.03526158100946,8.769301682415332
1,3.307321932591732,19.038135419999975,130.49089651993546,16.46692786356303
1,3.5131994022912174,25.961093359999985,130.72136436967043,17.15833141276792
1,2.7411588909181472,10.730585159999988,122.58584927402627,8.64254436506107
1,3.504897891416238,19.730430910000017,124.90205116386264,10.5899976953215
1,3.2243068238419395,17.307395280000016,132.5074902051164,18.84074671583315
1,3.26415407604184,17.307395229999976,129.9032035031113,15.268495044941233
1,3.1811389672920476,16.615099990000008,125.25927633095183,11.488822309287869
1,3.3670928108915827,14.884360350000003,123.48467388799263,9.979257893523851
1,3.2259671260169354,19.730431219999993,122.52823231159253,8.965199354690029
1,3.043333886767392,43.2684895999999,123.72666513021433,10.843512330029952
1,2.624937738668438,11.769028800000005,121.76768840746716,7.962664208342943
1,3.2342686368919145,17.65354377000001,124.69463009910118,10.86655911500344
1,3.061597210692346,18.691987243000042,122.689559806407,9.702696473841897
1,3.4119209696164705,24.57650161,122.75870016132751,9.310901129292475
1,3.187780175992031,13.845916949999994,130.96335561189215,16.66282553583777
1,2.9935248215175165,13.153620710000014,123.3348697856649,9.541368979027425
1,3.4467873152913833,16.268951850000008,124.03779672735654,10.082968425904596
1,3.1147268802922135,15.922804219999989,121.8253053699009,8.400553122839355
1,2.978582101942554,13.845916302000003,123.78428209264807,9.20719059691173
1,2.746139797443135,9.692141090000003,128.33602212491357,14.66927863563032
1,3.074879628092313,17.307395561,122.55127909656602,8.76930168241529
1,3.174497758592064,21.115022727999953,123.80732887762159,9.82945379119613
1,2.8822845757927946,13.153620519999993,122.32081124683107,8.873012214796034
1,3.084841441142288,20.076578704000006,122.41299838672506,8.481216870246612
1,3.171177154242072,11.769029140000002,122.13643696704311,9.241760774371983
1,3.4318445957164205,13.845916440000009,122.9776446185757,8.377506337865839
1,3.073219325917317,21.461170628,122.24014749942383,8.746254897441816
1,3.2873983064917818,20.422726920000002,124.85595759391566,10.843512330029967
1,3.504897891416238,22.153466440000006,123.9110394100023,10.244295920719054
1,3.5298024240411756,17.653543069999984,130.3065222401475,16.697395713297993
1,3.382035530466545,15.922802390000017,129.5920719059691,15.314588614888208
1,3.7091150589407276,14.884360089999987,124.33740493201198,9.990781286010588
1,3.54806574796613,16.615099949999994,132.70338787739112,19.29015902281634
1,3.064917815042338,16.26895205999999,124.21064761465776,10.244295920719068
1,3.3787149261165537,11.422881000000004,123.30029960820465,9.16109702696474
1,3.242570147766894,17.65354349999998,123.50772067296612,9.022816317123755
1,3.4185621783164537,34.96093883999998,124.31435814703849,9.852500576169632
1,3.4982566827162547,21.461170699999983,124.16455404471077,10.601521087808266
1,3.3322264652166695,19.384282810000016,125.21318276100484,11.396635169393875
1,3.255852565166861,20.07657907999999,122.93155104862872,9.161097026964754
1,3.380375228291549,11.769029269999997,124.42959207190596,10.497810555427506
1,3.1695168520670762,18.691987393999995,124.67158331412769,10.970269647384185
1,2.832475510542919,13.499768630000005,121.61788430513943,7.3288776215717775
1,3.674248713265815,22.845761929999995,130.5715602673427,16.443881078589527
1,3.448447617466379,15.576655840000008,130.61765383728968,16.397787508642523
1,3.7439814046156403,22.499614409999992,126.22724129983867,11.788430513943297
1,2.769384027893077,28.38412941099995,122.70108319889374,8.273795805485122
1,3.3355470695666614,14.538212139999992,122.59737266651302,8.654067757547821
1,2.8939066910177655,13.845916420000002,121.68702466005992,8.250749020511634
1,3.3206043499916986,20.768874400000012,123.49619728047938,9.091956672044248
1,3.8303171177154245,30.114868230000003,127.29891680110626,13.286471537220564
1,3.2359289390669104,19.384283209999964,124.6024429592072,10.5899976953215
1,3.0483147932923793,16.96124737000001,124.68310670661442,10.5899976953215
1,3.362111904366595,18.691987380000022,122.62041945148651,8.561880617653827
1,3.305661630416736,22.49961417999999,122.43604517169855,8.35445955289238
1,3.558027561016105,19.03813493000001,125.92763309518323,11.903664438810793
1,2.747800099618131,12.115176889999999,123.00069140354921,8.769301682415318
1,3.2890586086667777,18.691987070000017,122.80479373127449,8.965199354690029
1,2.7394985887431513,9.692141508999994,121.28370592302373,7.686102788660975
1,3.030051469367425,14.538211739999994,123.95713297994931,10.186678958285341
1,3.3455088826166364,16.96124740000001,123.42705692555889,9.760313436275638
1,2.8374564170679064,19.730429819999962,126.46923254206037,12.606591380502408
1,3.1794786651170517,14.538212360000008,126.48075593454713,12.62963816547591
1,3.054956001992363,25.268797779999986,124.54482599677345,10.35952984558655
1,3.242570147766894,15.230508309999994,122.42452177921179,9.264807559345456
1,2.9603187780175992,21.461170505,125.12099562111085,11.15464392717216
1,3.35215009131662,12.807472970000013,122.58584927402627,9.3454713067527
1,3.1363108085671594,14.538212109999996,122.93155104862872,8.723208112468313
1,2.787647351818031,13.49976860000001,128.01336713528462,14.65775524314357
1,3.274115889091815,16.961248040000005,122.05577321963585,8.757778289928538
1,3.4451270131163874,21.46117022999998,124.52177921179994,10.808942152569713
1,3.0383529802424043,16.268951920000003,121.90596911730813,7.824383498501959
1,3.0366926780674084,13.499768507999999,121.75616501498041,8.481216870246612
1,2.548563838618629,21.11502236,122.689559806407,9.045863102097272
1,3.2990204217167527,12.115177079999976,121.90596911730813,8.538833832680353
1,3.3870164369915328,23.88420603000001,124.38349850195898,10.866559115003454
1,3.0599369085173502,19.730430630000008,123.24268264577091,9.403088269186455
1,2.9702805910675747,22.845762060000016,128.3936390873473,15.164784512560487
1,3.5978748132160057,15.230508460000006,124.64853652915417,10.670661442728715
1,2.7179146604682054,12.807472974000026,124.47568564185296,11.235307674579389
1,3.2276274281919313,18.691987000999987,122.93155104862872,9.080433279557496
1,3.2674746803918318,17.307395469999985,125.23622954597833,10.716755012675733
1,3.2160053129669603,18.691987319999996,123.06983175846969,9.241760774371954
1,3.255852565166861,19.038135309999998,123.77275870016133,9.575939156487664
1,3.353810393491616,11.422881099999985,128.10555427517863,14.196819543673683
1,2.6000332060435003,17.99969118699996,121.91749250979488,7.858953675962198
1,3.041673584592396,28.384128930000003,122.22862410693709,8.250749020511634
1,2.7145940561182136,12.461325039999984,125.7778289928555,12.272412998386727
1,2.779345840943052,12.461325169999988,124.00322654989628,9.391564876699704
1,2.968620288892579,11.422881150000007,123.39248674809863,9.022816317123755
1,3.1031047650672425,14.19206444,121.8713989398479,8.30836598294539
1,3.1213680889921966,14.884360160000025,121.80225858492739,8.527310440193588
1,2.986883612817533,12.807472140000039,121.42198663286472,7.478681723899513
1,2.8142121866179646,12.115177939999999,123.24268264577091,9.35699469923945
1,3.358791300016603,19.73043076999999,124.5333026042867,10.566950910348012
1,3.1346505063921635,16.61509957199999,122.66651302143352,7.905047245909216
1,3.405279760916487,23.884205919999996,123.3348697856649,9.622032726434682
1,3.240909845591898,20.076578850000008,124.46416224936621,11.004839824844439
1,3.2342686368919145,22.845762100000016,122.14796035952983,8.67711454252131
1,3.2027228955669935,12.115177049999998,123.57686102788661,9.518322194053923
1,3.152913830317118,14.53821198999998,124.03779672735654,9.564415764000913
1,3.7954507720405117,24.57650183000001,130.67527079972342,16.847199815625686
1,3.260833471691848,12.807472790000006,123.77275870016133,9.633556118921419
1,2.9138303171177156,10.384437579999977,122.21710071445034,9.184143811938242
1,2.955337871492612,16.615099743000002,129.3270338787739,15.29154182991472
1,3.194421384692014,15.230508259999999,124.21064761465776,10.613044480295002
1,2.9287730366926783,25.614945644999995,122.49366213413228,9.575939156487664
1,3.5995351153910016,18.69198721,128.1286010601521,14.208342936160392
1,2.8607006475178482,13.153620551999987,121.50265038027194,8.054851348236909
1,2.9154906192927115,12.807473100000017,123.3579165706384,9.057386494584009
1,2.624937738668438,18.69198709000001,121.43351002535145,7.16755012675732
1,2.9470363606176324,19.730430790000018,125.14404240608434,11.846047476377024
1,3.033372073717417,16.268951838000003,122.95459783360221,8.435123300299608
1,2.976921799767558,13.845916520000001,123.24268264577091,9.633556118921405
1,3.5862526979910347,16.615099718000003,125.36298686333257,11.834524083890301
1,3.481653660966296,28.730276839999995,122.38995160175155,9.184143811938213
1,3.1578947368421053,20.76887476000001,122.4014749942383,9.20719059691173
1,3.1479329237921303,23.19190992,127.17215948375203,13.228854574786823
1,2.5967126016935085,9.692141640000004,121.39893984789123,7.835906890988724
1,3.5364436327411592,13.499768525999999,124.91357455634939,10.589997695321514
1,3.3571309978416073,16.26895221000001,122.9776446185757,9.67964968886838
1,3.3886767391665287,18.691987130000008,122.4475685641853,8.458170085273125
1,2.7394985887431513,13.153620654000004,125.70868863793501,12.29545978336023
1,2.6963307321932595,15.230508429999984,121.64093109011293,7.97418760082968
1,3.28407770214179,13.49976874,124.74072366904817,10.613044480294988
1,2.859040345342853,10.730585266999995,120.30421756165015,6.960129061995858
1,3.0931429520172675,11.42288082999994,125.05185526619036,10.77437197510946
1,2.744479495268139,16.61509990999999,121.23761235307676,8.342936160405628
1,3.0599369085173502,37.730122359999996,133.7289698087117,19.866328647153736
1,3.39199734351652,19.03813514,123.83037566259507,10.048398248444343
1,2.643201062593392,17.999691414000004,122.28624106937083,9.011292924637033
1,3.558027561016105,22.499614039999983,123.93408619497579,10.797418760082962
1,2.6979910343682554,18.691987179999987,122.03272643466237,8.769301682415303
1,3.893408600365267,23.538057680000016,125.57040792809404,11.327494814473397
1,3.0350323758924125,9.692141030000004,121.83682876238764,7.962664208342929
1,3.1778183629420558,18.34583939,125.54736114312053,11.615579626642074
1,2.9902042171675247,30.80716408399995,123.18506568333719,9.668126296381658
1,3.174497758592064,20.07657878999998,123.74971191518782,10.129061995851572
1,2.7096131495932263,14.538212510000003,121.2030421756165,7.179073519244071
1,2.869002158392828,21.461170749999994,122.05577321963585,8.365982945379116
1,2.7843267474680395,16.268951669999986,125.32841668587231,11.719290159022805
1,2.9819027062925456,11.076733949999944,123.51924406545287,9.368518091726202
1,3.1147268802922135,12.115176779999995,123.12744872090344,9.967734501037114
1,3.5530466544911175,17.99969142999999,131.13620649919335,17.18137819774141
1,3.3139631412917154,15.230507660000045,125.1555657985711,10.290389490666058
1,3.342188278266645,31.845607820000023,124.87900437888915,11.050933394791414
1,2.6813880126182967,25.268797393999993,121.69854805254667,8.170085273104405
1,3.5879130001660307,27.34568506999997,122.92002765614197,9.31090112929246
1,3.3006807238917486,22.153466527,131.35515095644158,17.538603364830607
1,2.822513697492944,16.961247639999996,126.00829684259045,12.191749250979484
1,2.8955669931927615,22.499614370000003,121.8253053699009,7.78981332104172
1,2.722895566993193,38.076270349999966,131.0785895367596,16.731965890758218
1,3.473352150091317,16.96124778999999,129.78796957824383,15.810094491818376
1,3.240909845591898,17.307393959999985,133.394791426596,19.313205807789814
1,3.17615806076706,15.230508190000029,124.00322654989628,9.990781286010588
1,3.1280092976921803,24.922649259999996,123.66904816778059,9.910117538603359
1,2.877303669267807,14.884360369999994,123.96865637243604,10.025351463470841
1,3.1911007803420226,13.153620530000007,122.34385803180456,8.296842590458638
1,2.9918645193425206,11.422881019999995,124.11846047476378,10.405623415533555
1,3.342188278266645,20.768874400000012,123.85342244756856,9.44918183913343
1,3.5082184957662297,17.99969171,123.81885227010831,9.714219866328634
1,3.5862526979910347,16.26895191000002,124.46416224936621,10.106015210878084
1,3.3089822347667277,19.038135132999994,123.70361834524084,10.129061995851572
1,3.0948032541922634,23.538058169999992,124.68310670661442,10.76284858262271
1,3.0815208367922966,13.845916520000001,123.45010371053237,9.633556118921405
1,3.187780175992031,14.884360089999978,123.62295459783361,9.933164323576875
1,2.887265482317782,13.153620638999998,123.1159253284167,9.518322194053937
1,3.2093641042669767,17.999691332000005,122.98916801106246,9.449181839133445
1,2.460567823343849,11.769029270000015,122.74717676884075,8.942152569716527
1,3.4086003652664787,16.961247780000004,125.54736114312053,11.120073749711906
1,3.1927610825170185,14.538212284000004,122.06729661212262,8.631020972574333
1,3.448447617466379,23.53805774,123.4040101405854,8.838442037335795
1,3.2458907521168854,15.576656269999985,124.16455404471077,9.748790043788887
1,3.083181138967292,19.038134880000005,123.10440193592993,10.278866098179293
1,3.1678565498920808,25.961093220000006,121.51417377275871,8.734731504955079
1,2.8241739996679396,15.922803985999998,124.51025581931322,10.647614657755256
1,2.9188112236427033,12.807472608000001,123.9801797649228,9.840977183682881
1,3.405279760916487,14.538212410000003,124.41806867941922,9.840977183682881
1,3.7356798937406612,19.038135290000042,124.82138741645541,11.569486056695098
1,3.172837456417068,16.268951817,123.49619728047938,9.368518091726202
1,2.9171509214677074,20.76887462000001,123.70361834524084,9.495275409080435
1,3.382035530466545,18.345839429999998,125.61650149804102,12.088038718598753
1,3.5298024240411756,21.80731857999999,124.33740493201198,10.486287162940755
1,2.842437323592894,12.46132476800001,121.79073519244066,7.144503341783832
1,3.0018263323924956,22.499614749999992,121.21456556810324,7.444111546439274
1,3.1163871824672094,17.653543480000003,124.71767688407466,9.898594146116622
1,2.9802424041175497,13.153620500000011,120.98409771836829,8.435123300299608
1,3.26415407604184,13.845916440000018,123.53076745793963,9.64507951140817
1,3.071559023742321,10.038289895999974,121.8713989398479,8.204655450564644
1,3.1927610825170185,18.69198717999997,121.90596911730813,8.815395252362293
1,2.832475510542919,10.730585354999967,122.21710071445034,8.873012214796049
1,3.348829486966628,35.30708680000001,128.71629407697625,14.991933625259264
1,2.6016935082184958,17.30739549,129.7994929707306,16.063609126526856
1,3.3471691847916323,26.653388899999985,126.44618575708688,12.560497810555418
1,3.4368255022414083,16.268951999999988,123.36943996312515,9.806407006222642
1,3.049975095467375,14.884359990000005,125.29384650841206,11.546439271721582
1,3.265814378216836,10.384437130000002,123.63447799032035,10.106015210878084
1,3.4119209696164705,12.807472489999999,123.50772067296612,9.52984558654066
1,3.5248215175161883,16.61509966,123.71514173772759,10.002304678497367
1,3.19608168686701,18.69198727000001,122.41299838672506,8.746254897441816
1,2.7710443300680727,26.653388879999994,122.7126065913805,8.538833832680353
1,2.8374564170679064,10.730585374000004,127.18368287623876,13.344088499654305
1,3.4268636891914332,33.230199367000004,124.90205116386264,9.933164323576847
1,3.7290386850406776,11.769031399999976,127.01083198893754,12.514404240608428
1,3.144612319442139,14.8843601,128.09403088269187,14.300530076054386
1,2.842437323592894,8.307549947999988,121.8253053699009,8.400553122839355
1,2.842437323592894,14.192064259999992,122.18253053699009,8.41207651532612
1,2.9154906192927115,11.422881039999995,121.272182530537,7.2943074441115385
1,3.2276274281919313,15.576656280000023,125.19013597603134,10.555427517861261
1,3.1479329237921303,15.922803829999976,123.84189905508181,10.071445033417845
1,3.0698987215673257,19.384283260000004,123.06983175846969,8.907582392256273
1,3.6078366262659807,17.653543500000012,124.27978796957824,10.474763770454018
1,3.071559023742321,15.922804910000059,125.52431435814704,12.191749250979484
1,3.159555039017101,23.538058033999995,125.38603364830607,10.820465545056464
1,3.1263489955171844,16.961248450000006,125.28232311592534,11.892141046324042
1,3.4401461065914,12.115176920000012,124.55634938926019,10.394100023046775
1,3.197741989042006,14.884359950000006,123.71514173772759,10.589997695321514
1,3.044994188942388,23.538057929999976,127.2873934086195,12.940769762618103
1,3.1130665781172175,15.92280387000003,129.96082046554505,16.466927863563043
1,2.9819027062925456,21.461170681,123.26572943074441,8.792348467388791
1,2.9586584758426038,15.23050812,122.3323346393178,9.103480064530984
1,3.2226465216669435,22.499614110000003,123.56533763539986,10.163632173311825
1,2.885605180142786,32.19175567399999,122.58584927402627,9.045863102097258
1,2.986883612817533,11.076733163999998,123.08135515095644,9.195667204424979
1,3.2143450107919644,14.538212220000009,129.96082046554505,15.85618806176538
1,3.1064253694172344,22.499614330000004,124.46416224936621,10.705231620188982
1,2.679727710443301,13.153620426000003,121.90596911730813,8.02028117077667
1,3.2126847086169685,14.19206426199999,124.34892832449873,10.221249135745552
1,3.182799269467043,16.61510034999999,124.71767688407466,11.004839824844439
1,4.047816702639881,29.076424660000026,131.3666743489283,17.112237842820903
1,3.1678565498920808,19.384282861999992,122.56280248905279,8.861488822309283
1,3.0234102606674416,17.653543550000002,123.6460013828071,10.54390412537451
1,3.7390004980906526,28.037980469999997,134.90435584236,20.488591841438108
1,2.779345840943052,13.499768340000003,122.32081124683107,8.27379580548515
1,3.056616304167359,19.730431170000013,122.59737266651302,9.437658446646694
1,2.7311970778681722,12.115177120000002,123.15049550587693,9.1265268495045
1,3.0914826498422716,17.999691455999987,124.30283475455175,10.84351233002998
1,3.255852565166861,13.4997689,123.92256280248905,9.253284166858734
1,2.976921799767558,10.038289300000015,121.88292233233464,8.631020972574333
1,3.2226465216669435,12.115176750000007,122.67803641392025,8.20465545056463
1,3.139631412917151,17.999691549999987,131.41276791887532,16.96243374049321
1,3.073219325917317,17.30739529000001,123.86494584005531,10.140585388338323
1,2.6614643865183467,11.422880909999991,120.09679649688869,6.072827840516254
1,3.144612319442139,23.19191003,122.98916801106246,8.826918644849044
1,2.820853395317948,11.769029188000001,122.3323346393178,9.598985941461152
1,2.8291549061929273,28.03798131999997,129.0389490666052,15.164784512560487
1,3.3089822347667277,14.88436017699999,129.53445494353537,15.740954136897884
1,2.9171509214677074,25.61494533000001,122.82784051624797,9.184143811938242
1,3.2060434999169853,14.884360480000007,123.69209495275409,9.944687716063612
1,3.1911007803420226,16.268951687999998,123.76123530767458,10.152108780825074
1,3.1147268802922135,21.115022389999996,121.98663286471539,9.138050241991266
1,3.1147268802922135,15.5766561,122.72412998386726,8.631020972574333
1,2.8357961148929105,12.115176887000002,120.9149573634478,7.582392256280244
1,3.2326083347169186,18.691987430000008,129.77644618575707,15.752477529384635
1,3.274115889091815,21.115022399999983,123.72666513021433,9.760313436275638
1,2.658143782168355,31.15331181999994,121.88292233233464,8.273795805485136
1,2.7959488626930105,12.11517654999999,121.74464162249366,8.158561880617654
1,3.1363108085671594,11.769028982999995,123.66904816778059,9.287854344318959
1,3.4766727544413087,19.73043086,124.00322654989628,9.714219866328634
1,3.2176656151419563,13.15362077000004,127.10301912883153,13.908734731504964
1,3.393657645691516,16.268951840000007,127.09149573634477,12.283936390873464
1,2.945376058442637,10.038289349999992,121.03019128831527,7.501728508873001
1,3.0018263323924956,19.38428300999999,121.90596911730813,8.043327955750172
1,3.1031047650672425,12.807472419999995,123.4040101405854,9.575939156487664
1,3.2043831977419894,25.614945359999986,122.82784051624797,9.126526849504472
1,3.2093641042669767,16.961247619999998,123.04678497349619,9.149573634477989
1,3.2027228955669935,13.499769000000008,123.38096335561188,9.92164093109011
1,2.9271127345176824,14.884360269999986,125.81239917031574,12.064991933625265
1,2.9935248215175165,16.615099713999992,122.0903433970961,8.49274026273335
1,2.93209364104267,9.345993619000003,121.83682876238764,8.193132058077907
1,3.1114062759422216,19.03813514,123.93408619497579,10.071445033417831
1,2.9370745475676574,11.07673344999999,121.90596911730813,8.239225628024883
1,3.637722065415906,19.038135060000013,126.15810094491819,12.744872090343407
1,3.2143450107919644,16.96124862999998,122.93155104862872,8.873012214796034
1,2.985223310642537,12.807472780000001,121.74464162249366,8.170085273104391
1,3.297360119541757,19.730430813999988,123.61143120534686,9.368518091726216
1,3.033372073717417,11.07673344000002,123.19658907582391,9.172620419451476
1,2.998505728042504,17.653543439999996,125.50126757317355,12.433740493201213
1,2.9935248215175165,14.884359590000006,133.51002535146347,19.76261811477299
1,3.043333886767392,15.92280348999997,129.64968886840288,15.153261120073765
1,3.1479329237921303,31.15331197,123.3348697856649,8.757778289928567
1,3.3123028391167195,11.769028330000028,125.28232311592534,11.511869094261371
1,2.86402125186784,14.884360171999997,127.62157179073519,14.48490435584236
1,3.4152415739664623,20.076578950000005,124.24521779211798,11.350541599446856
1,3.1014444628922466,20.42272666999998,121.74464162249366,7.870477068448949
1,3.0898223476672757,17.653543360000022,124.0262733348698,10.013828070984104
1,2.878963971442803,19.730431076000006,124.61396635169393,10.10601521087807
1,3.162875643367093,14.53821237999999,124.7752938465084,11.903664438810793
1,2.97194089324257,10.038289420000014,122.35538142429132,8.631020972574333
1,3.3338867673916655,14.88436023999999,123.57686102788661,9.840977183682867
1,2.996845425867508,15.230508189999986,121.5833141276792,7.720672966121242
1,2.8839448779677905,15.92280389999999,123.2887762157179,10.186678958285313
1,2.8490785322928773,17.307395590000002,122.50518552661904,9.057386494584009
1,2.84409762576789,13.499768829999995,122.689559806407,8.815395252362293
1,3.0167690519674584,17.999691579999997,121.79073519244066,7.755243143581481
1,3.1363108085671594,21.461170119999977,126.10048398248443,11.765383728969795
1,3.02008965631745,19.038134410000044,123.1159253284167,9.333947914265963
1,3.416901876141458,21.115022310000008,123.20811246831067,8.873012214796034
1,2.7843267474680395,13.845916399999984,129.78796957824383,15.99446877160635
1,3.6227793458409434,20.42272657,125.12099562111085,10.578474302834763
1,2.8125518844429687,10.038289445999997,121.41046324037796,7.755243143581467
1,2.9918645193425206,13.499768570000006,132.4383498501959,18.898363678266875
1,3.1246886933421885,15.922803570000005,121.60636091265269,7.847430283475461
1,3.031711771542421,15.576655981,123.23115925328416,8.976722747176751
1,3.368753113066578,23.884206060000004,125.09794883613736,11.085503572251667
1,3.3471691847916323,26.30724150000001,123.2887762157179,10.129061995851572
1,3.1047650672422384,15.576655969999987,122.30928785434432,8.181608665591142
1,3.3670928108915827,23.19191022000004,127.64461857570868,13.367135284627778
1,3.1246886933421885,10.038289100000007,123.54229085042635,9.944687716063598
1,2.7826664452930436,24.576501534000002,124.29131136206499,10.62456787278174
1,3.269134982566827,17.307395598,122.56280248905279,7.997234385803182
1,2.985223310642537,20.076578979999983,122.67803641392025,8.953675962203263
1,3.2259671260169354,23.538058169999985,125.38603364830607,10.716755012675748
1,3.0101278432674747,21.461169959999943,124.18760082968426,11.085503572251667
1,3.285738004316786,10.38443741000001,123.34639317815166,9.345471306752714
1,3.275776191266811,16.268951744999995,125.00576169624338,11.097026964738433
1,2.820853395317948,14.538212220000009,123.01221479603595,9.64507951140817
1,3.1230283911671926,13.499768969999979,122.45909195667204,8.573404010140578
1,3.667607504565831,25.614945659999986,133.02604286702004,19.324729200276536
1,3.0051469367424875,17.999690579999957,128.3129753399401,14.63470845817011
1,3.481653660966296,25.961093460000054,127.73680571560266,14.28900668356762
1,3.149593225967126,22.49961404,130.0184374279788,16.47845125604978
1,3.030051469367425,15.922803987999988,131.2168702466006,17.03157409541369
1,3.9415573634401464,17.999691410000008,124.38349850195898,10.463240377967267
1,2.875643367092811,19.384283169999986,122.1133901820696,9.161097026964725
1,2.996845425867508,17.307395740000022,126.11200737497118,11.903664438810779
1,2.9138303171177156,15.576656200000015,122.41299838672506,8.27379580548515
1,3.154574132492114,16.268951519999998,123.27725282323117,9.29937773680571
1,3.1097459737672257,19.038135156,123.0237381885227,9.633556118921405
1,2.8607006475178482,28.037980830000002,121.84835215487439,8.469693477759847
1,2.854059438817865,16.615100060000003,124.39502189444573,9.771836828762389
1,3.692512037190769,15.576656400000006,124.54482599677345,9.587462548974429
1,2.961979080192595,19.730431047000007,122.58584927402627,8.435123300299608
1,2.767723725718081,12.80747256499997,122.64346623646001,8.354459552892365
1,2.8723227627428196,11.769028769999982,123.93408619497579,10.53238073288776
1,2.930433338867674,19.730429159999993,122.79327033878774,8.515787047706837
1,2.830815208367923,9.692141591999999,122.85088730122149,8.227702235538146
1,3.043333886767392,18.691987180000005,128.20926480755935,14.945840055312289
1,3.149593225967126,12.46132476999999,122.98916801106246,8.631020972574333
1,3.1329902042171676,15.23050827800001,128.5088730122148,14.39271721594838
1,3.1778183629420558,10.38443701499997,122.86241069370823,8.930629177229775
1,3.689191432840777,20.768874681999993,125.19013597603134,11.96128140124452
1,2.978582101942554,19.038135098,126.80341092417609,13.897211339018227
1,3.239249543416902,17.307395561999986,122.20557732196357,8.82691864484903
1,2.8241739996679396,13.845916423000002,122.689559806407,8.665591150034572
1,3.307321932591732,17.999691281000004,123.6460013828071,10.348006453099785
1,3.8618628590403454,15.230508239999999,130.69831758469695,16.328647153722073
1,3.1346505063921635,18.691987180000005,122.88545747868172,8.446646692786345
1,3.5215009131661965,33.922495039999944,136.22954597833603,22.332334639317835
1,2.9935248215175165,10.730585257999998,124.93662134132289,11.07398017976493
1,2.7494604017931263,14.192064368000008,125.08642544365061,12.39917031574096
1,3.074879628092313,15.230508150000004,123.10440193592993,9.126526849504472
1,3.030051469367425,15.922803911000006,121.79073519244066,8.607974187600846
1,2.7909679561680227,20.076578839999993,131.3090573864946,17.884305139433053
1,2.8042503735679896,14.538212239999982,123.39248674809863,9.944687716063598
1,2.865681554042836,17.653543259999996,121.84835215487439,8.861488822309283
1,3.282417399966794,14.538212080000001,124.16455404471077,10.451716985480545
1,3.2442304499418895,12.461324627999932,123.83037566259507,9.241760774371983
1,3.297360119541757,18.345839490000042,127.93270338787738,13.240377967273545
1,3.3986385522165037,20.422726419999993,128.71629407697625,14.62318506568333
1,2.9470363606176324,21.807318374999998,121.94053929476839,8.481216870246612
1,3.340527976091649,18.345839132,126.19267112237841,12.203272643466235
1,3.2143450107919644,18.691987242,122.41299838672506,8.365982945379145
1,3.3172837456417072,12.807472729000004,124.82138741645541,10.785895367596225
1,3.154574132492114,16.615099629999992,125.1555657985711,11.753860336483072
1,3.197741989042006,22.49961445999999,126.30790504724591,11.984328186218036
1,2.774364934418064,15.230508078000003,121.96358607974187,8.665591150034558
1,2.869002158392828,13.499768459999993,122.74717676884075,8.573404010140592
1,3.1363108085671594,12.46132480399998,122.22862410693709,8.458170085273125
1,3.2375892412419063,32.19175480999994,125.80087577782899,11.926711223784281
1,3.098123858542255,12.115176630000025,122.59737266651302,8.930629177229775
1,2.9171509214677074,18.69198704000001,127.47176768840747,13.436275639548285
1,3.2143450107919644,18.691987219999987,122.57432588153951,8.838442037335767
1,3.5215009131661965,23.88420531000003,125.65107167550127,11.742336943996321
1,3.161215341192097,19.038135359999917,132.3231159253284,18.206960129061997
1,3.0068072389174834,11.769029689999988,122.28624106937083,9.161097026964754
1,2.6099950190934753,26.99953711,122.72412998386726,8.815395252362308
1,3.5447451436161383,29.768721009999982,124.71767688407466,10.313436275639532
1,3.0234102606674416,12.115176949999999,123.09287854344319,8.953675962203278
1,3.0167690519674584,16.96124777000001,123.69209495275409,9.760313436275638
1,2.8191930931429523,24.576501718,123.24268264577091,9.115003457017735
1,3.5762908849410597,17.999691140000007,123.09287854344319,10.48628716294077
1,3.0283911671924293,13.153620475999995,123.83037566259507,9.575939156487664
1,2.6315789473684212,11.076733165000002,121.43351002535145,7.755243143581467
1,3.2342686368919145,17.30739576500001,126.45770914957365,12.606591380502422
1,2.453926614643865,17.307395572999994,121.34132288545747,7.0984097718368275
1,3.043333886767392,20.42272702000001,128.10555427517863,13.551509564415781
1,2.953677569317616,20.422726764999997,122.93155104862872,9.287854344318987
1,2.9287730366926783,18.345839300000005,122.55127909656602,8.884535607282771
1,3.2143450107919644,20.76887327000003,124.95966812629638,11.269877852039642
1,3.0931429520172675,17.999691500000004,123.26572943074441,9.760313436275638
1,3.0483147932923793,16.268951780000016,122.89698087116847,9.910117538603359
1,2.8391167192429023,15.230508153000008,123.00069140354921,9.794883613735877
1,2.986883612817533,13.499768531000004,122.92002765614197,8.826918644849044
1,3.0948032541922634,17.307395709999955,122.80479373127449,8.769301682415303
1,2.986883612817533,25.961093359999985,132.21940539294766,18.057156026734248
1,3.365432508716587,12.115176860000004,126.46923254206037,12.71030191288314
1,3.8253362111904368,17.307395510000003,125.27079972343857,11.027886609817926
1,2.8905860866677737,15.576656016000005,124.08389029730354,10.520857340401037
1,4.082683048314793,24.576501450000105,126.7112237842821,11.915187831297544
1,3.172837456417068,14.192064350000004,123.15049550587693,9.287854344318973
1,2.9038685040677406,14.884360105999992,122.27471767688407,8.031804563263421
1,3.3123028391167195,24.92264963999999,130.77898133210417,17.043097487900425
1,2.942055454092645,14.538211839999967,125.58193132058078,11.661673196589064
1,3.0599369085173502,19.73043096999999,123.85342244756856,10.106015210878084
1,3.1678565498920808,18.69198715000001,131.15925328416688,16.997003917953464
1,3.2276274281919313,19.73043103,123.89951601751557,9.587462548974429
1,3.1578947368421053,17.99969125,127.24129983867249,13.33256510716754
1,2.555205047318612,13.499769479999971,120.68448951371285,7.409541368979049
1,3.074879628092313,16.61509981,121.81378197741415,8.458170085273096
1,3.056616304167359,23.884205790000003,122.51670891910578,8.873012214796049
1,3.0134484476174666,16.961247969999974,131.70085273104402,17.953445494353545
1,2.9171509214677074,14.192064632000053,124.66005992164094,10.566950910348012
1,3.2359289390669104,20.076578580000003,124.17607743719752,10.059921640931108
1,3.2774364934418068,15.922803770000012,122.04424982714912,8.389029730352618
1,3.1994022912170017,28.037981289999976,129.69578243834985,16.340170546208796
1,3.131329902042172,14.538212360000008,123.62295459783361,10.244295920719068
1,3.041673584592396,18.691987540000003,128.98133210417146,15.268495044941233
1,2.8822845757927946,47.76840973999982,132.6803410924176,19.013597603134343
1,3.2143450107919644,15.576655999999998,123.53076745793963,9.702696473841897
1,2.754441308318114,12.115177189999997,121.75616501498041,7.928094030882676
1,2.711273451768222,16.961247671,121.38741645540448,7.686102788660975
1,2.8905860866677737,32.53790335000001,124.59091956672043,11.177690712145647
1,3.1163871824672094,16.615099745,124.93662134132289,10.11753860336485
1,3.229287730366927,15.576656370000011,123.86494584005531,9.172620419451476
1,2.66810559521833,12.461324758000005,121.1569486056695,7.778289928554955
1,2.985223310642537,15.922803940000007,123.13897211339018,9.691173081355146
1,3.053295699817367,15.922803955999994,124.71767688407466,11.177690712145647
1,3.0931429520172675,17.65354351,124.23369439963126,9.967734501037128
1,3.0466544911173834,16.615099741999998,124.85595759391566,10.394100023046803
1,3.142952017267143,28.730276410000005,128.3244987324268,14.450334178382093
1,2.8806242736177987,13.845916450000004,126.8840746715833,13.28647153722055
1,3.096463556367259,12.115176780000004,124.14150725973727,9.875547361143134
1,2.95201726714262,18.69198741399999,121.2030421756165,7.547822078820005
1,2.679727710443301,15.576656000999998,120.4079280940309,7.490205116386278
1,2.873983064917815,17.999691291999994,124.14150725973727,10.497810555427534
1,3.044994188942388,13.845916099999993,122.9776446185757,9.43765844664668
1,3.5547069566661134,14.884360540000007,123.26572943074441,9.483752016593684
1,3.353810393491616,16.268951721999997,122.77022355381423,9.39156487669969
1,3.197741989042006,23.538058105,126.93016824153031,12.860106015210874
1,3.4982566827162547,17.307395199999963,133.46393178151646,19.958515787047688
1,3.328905860866678,15.230508420000007,125.80087577782899,11.972804793731257
1,3.3338867673916655,13.153620648000004,123.58838442037336,9.806407006222628
1,2.933753943217666,11.07673331,123.34639317815166,9.03433970961052
1,2.9188112236427033,20.422726766000004,122.0903433970961,8.561880617653841
1,3.10808567159223,23.884205800000014,122.45909195667204,8.250749020511634
1,3.044994188942388,16.96124938000001,126.93016824153031,13.355611892141042
1,2.862360949692844,22.153466206000004,120.54620880387186,7.363447799032045
1,3.0383529802424043,14.884360369999994,123.43858031804564,9.552892371514176
1,3.171177154242072,20.07657896999998,125.19013597603134,10.371053238073301
1,3.3903370413415246,20.768874540000002,124.01474994238303,9.92164093109011
1,3.139631412917151,14.192064430000004,124.83291080894215,11.06245678727818
1,3.17615806076706,19.730431081999992,125.69716524544825,11.177690712145647
1,2.9287730366926783,16.615099721000032,121.97510947222862,8.423599907812871
1,3.129669599867176,16.26895146,123.16201889836367,9.011292924637004
1,3.129669599867176,14.884360150000004,121.66397787508643,8.158561880617654
1,3.0250705628424375,16.961247820000004,124.07236690481677,11.177690712145647
1,3.3040013282417404,20.42272657599998,123.46162710301914,9.979257893523851
1,3.229287730366927,15.57665571999999,122.735653376354,8.619497580087582
1,2.5718080690685707,15.922804019999997,127.46024429592072,14.646231850656832
1,3.1695168520670762,37.73012201999999,131.75846969347776,17.861258354459565
1,2.9005478997177487,22.499614189999996,123.92256280248905,9.979257893523851
1,2.985223310642537,12.115176719999996,123.05830836598295,8.700161327494826
1,3.030051469367425,15.576656240000007,130.38718598755474,16.363217331182312
1,3.4119209696164705,13.84591685999999,123.55381424291312,10.175155565798576
1,3.141291715092147,16.961247550000003,127.75985250057617,14.784512560497816
1,3.2674746803918318,23.53805807800001,126.91864484904356,14.404240608435131
1,2.9005478997177487,25.614945479999996,129.09656602903894,15.740954136897884
1,3.2043831977419894,18.691987235000003,123.5999078128601,9.702696473841897
1,3.4135812717914664,22.845762009999994,123.16201889836367,9.103480064530984
1,3.0283911671924293,12.461324974000036,122.3323346393178,8.158561880617654
1,3.0018263323924956,16.26895220999999,124.66005992164094,10.543904125374524
1,2.8357961148929105,13.153620700000028,124.44111546439271,10.739801797649207
1,2.5950522995185126,14.192064509000001,121.54874395021895,7.421064761465772
1,2.9154906192927115,13.153620654,121.61788430513943,8.123991703157415
1,2.7727046322430686,23.538057916000007,123.80732887762159,9.956211108550363
1,3.748962311140628,18.345839100000006,123.5999078128601,9.62203272643464
1,3.0400132824174,14.53821249,128.5319197971883,14.634708458170095
1,2.633239249543417,13.153620680000001,121.81378197741415,7.236690481677812
1,3.0283911671924293,16.268951750000003,127.218253053699,14.242913113620645
1,3.2342686368919145,18.34583958000001,124.153030652224,9.668126296381644
1,2.6730865017433176,9.345993940000005,121.14542521318276,7.317354229085026
1,3.3305661630416736,15.230508093999997,123.12744872090344,9.575939156487692
1,2.873983064917815,13.845916299999992,125.6395482830145,11.834524083890287
1,3.152913830317118,13.845916299999992,122.94307444111547,9.03433970961052
1,2.985223310642537,14.192064549999996,125.47822078820006,10.566950910348027
1,2.663124688693342,12.461325040000002,121.56026734270569,7.305830836598275
1,3.2475510542918813,15.230508439999998,123.36943996312515,9.656602903894921
1,2.7511207039681222,20.422726753,122.80479373127449,9.022816317123755
1,3.0682384193923298,16.26895195,126.37704540216639,12.698778520396402
1,3.6194587414909516,22.15346659999999,129.3500806637474,14.611661673196593
1,3.657645691515856,17.653543474999996,127.24129983867249,13.60912652684948
1,2.455586916818861,12.807472907000005,122.03272643466237,7.663056003687487
1,2.7378382865681554,13.499769240000042,126.31942843973265,12.848582622724123
1,3.098123858542255,15.230508096000005,122.45909195667204,9.184143811938242
1,3.5082184957662297,16.961247629999992,123.38096335561188,9.322424521779197
1,3.142952017267143,17.30739568000001,123.73818852270108,9.241760774371969
1,3.2209862194919476,15.230508260000008,131.20534685411386,17.354229085042633
1,2.8905860866677737,17.653543455999994,128.85457478681724,15.303065222401486
1,2.9603187780175992,13.499768579999984,123.86494584005531,9.979257893523851
1,3.5264818196911842,12.807472608000001,129.30398709380043,14.87669970039181
1,3.186119873817035,13.845916468999993,123.65752477529384,10.186678958285313
1,3.0383529802424043,14.192064139999992,123.25420603825765,8.446646692786345
1,3.461730034866346,15.230507949999978,134.9274026273335,22.009679649688877
1,3.4202224804914496,16.26895166,124.11846047476378,9.59898594146118
1,3.061597210692346,16.615099742000005,121.91749250979488,8.481216870246598
1,3.051635397642371,14.884359819999984,123.12744872090344,9.748790043788901
1,3.450107919641375,20.768874750000013,124.07236690481677,11.131597142198672
1,2.9586584758426038,24.576501740000005,127.35653376353999,13.19428439732657
1,3.4351652000664123,14.538212380000008,130.73288776215716,16.55911500345701
1,3.174497758592064,13.499768430000007,123.94560958746254,10.198202350772064
1,3.242570147766894,20.768874770000014,122.60889605899976,9.391564876699704
1,3.0250705628424375,11.42288098999999,122.81631712376124,8.988246139663502
1,3.4434667109413915,25.961096879999893,128.58953675962204,14.369670430974878
1,3.0051469367424875,23.538057839999997,122.28624106937083,8.631020972574333
1,3.252531960816869,19.038134940000013,123.3579165706384,9.35699469923945
1,3.1047650672422384,16.268951630000004,122.36690481677806,9.598985941461166
1,3.2143450107919644,14.192064249999996,124.18760082968426,10.324959668126297
1,3.1047650672422384,14.884360119999974,123.92256280248905,9.552892371514176
1,3.275776191266811,16.268951549999986,124.63701313666743,10.255819313205805
1,3.0466544911173834,11.76902881,123.68057156026735,9.82945379119613
1,3.6526647849908684,17.30739567599999,123.58838442037336,10.301912883152795
1,2.6066744147434835,14.884360010000005,121.57179073519244,7.939617423369427
1,2.9951851236925124,13.845916570000005,127.50633786586772,13.53998617192903
1,2.8092312800929773,13.84591634999998,128.91219174925098,15.233924867480994
1,3.172837456417068,20.076579110000004,125.6395482830145,11.027886609817926
1,3.2990204217167527,13.153620570000006,123.63447799032035,9.184143811938242
1,2.887265482317782,6.576810341999989,121.67550126757318,7.778289928554983
1,3.7124356632907194,17.999691377,125.44365061073981,11.373588384420373
1,3.207703802091981,14.538212142999992,124.41806867941922,9.875547361143134
1,2.898887597542753,9.692141619999997,122.0903433970961,9.068909887070745
1,3.1031047650672425,23.88420561999997,124.04932011984329,9.345471306752714
1,3.484974265316288,19.384283197999988,123.6460013828071,9.414611661673206
1,3.3870164369915328,25.96109341,124.23369439963126,9.956211108550363
1,3.049975095467375,16.268951816999998,124.21064761465776,10.278866098179307
1,2.865681554042836,17.307395620000005,122.37842820926481,8.481216870246612
1,3.363772206541591,11.076733160999995,122.83936390873474,9.091956672044262
1,3.174497758592064,14.538212209999987,122.24014749942383,8.285319197971887
1,3.295699817366761,23.19191001999998,123.36943996312515,8.838442037335781
1,3.064917815042338,17.653543637999995,124.99423830375662,11.48882230928784
1,2.721235264818197,16.61509974799999,124.40654528693247,10.797418760082962
1,3.1280092976921803,13.845916459999993,123.89951601751557,9.979257893523851
1,2.888925784492778,11.422881309999998,123.21963586079742,9.253284166858734
1,2.7926282583430186,19.038135080000004,124.06084351233002,10.405623415533526
1,3.1213680889921966,14.538212272999996,123.4040101405854,9.840977183682895
1,3.4965963805412588,19.384283510000024,124.95966812629638,11.004839824844439
1,3.0914826498422716,8.999846600000021,122.94307444111547,8.826918644849059
1,3.1230283911671926,25.268797130000003,121.8713989398479,7.709149573634477
1,3.307321932591732,14.884358940000022,123.9801797649228,10.20972574325883
1,3.360451602191599,25.961093079999998,124.21064761465776,10.232772528232303
1,3.2259671260169354,19.038135139999994,128.20926480755935,14.899746485365299
1,3.659305993690852,28.73027629,124.8444342014289,10.417146808020277
1,2.9918645193425206,18.345839260000012,121.67550126757318,8.573404010140592
1,2.6166362277934585,14.538212679999999,124.08389029730354,10.35952984558655
1,2.9287730366926783,23.19191068000003,131.64323576861028,17.457939617423378
1,2.75610161049311,13.845916830000082,132.54206038257664,18.737036183452418
1,3.041673584592396,14.53821249999999,122.55127909656602,8.607974187600817
1,3.564668769716089,17.65354319,126.44618575708688,11.949758008757769
1,3.3123028391167195,12.461325149999997,123.3348697856649,9.714219866328662
1,3.086501743317284,17.999691439999996,129.8801567181378,15.706383959437659
1,3.0117881454424706,9.345993370000011,122.28624106937083,8.561880617653841
1,3.2359289390669104,12.807472707000002,123.94560958746254,9.794883613735877
1,3.041673584592396,17.999691279999997,122.47061534915879,8.53883383268034
1,3.2160053129669603,14.884360184999958,123.39248674809863,9.817930398709365
1,2.6930101278432677,12.807472770000006,121.94053929476839,8.054851348236923
1,3.1147268802922135,10.03828921000002,123.4040101405854,10.117538603364835
1,3.0582766063423543,13.845916350000032,123.61143120534686,9.87554736114312
1,2.7959488626930105,15.230508429999976,122.47061534915879,8.400553122839355
1,2.7494604017931263,13.499768421999999,122.95459783360221,8.711684719981562
1,2.975261497592562,15.576656091999988,122.90850426365523,9.230237381885246
1,3.2160053129669603,25.61494532999999,122.85088730122149,9.022816317123755
1,2.933753943217666,21.807318321999997,126.00829684259045,12.249366213413225
1,3.131329902042172,17.307395790000008,124.00322654989628,9.933164323576847
1,3.0101278432674747,12.461325135000033,127.16063609126526,13.032956902512083
1,3.448447617466379,33.922495349999984,123.58838442037336,10.555427517861261
1,3.152913830317118,14.538211369999956,126.74579396174235,12.641161557962675
1,2.711273451768222,16.268953020000254,132.09264807559344,19.163401705462064
1,3.1379711107421553,13.845916509999979,123.32334639317814,9.287854344318959
1,3.3372073717416573,14.538211969999997,124.34892832449873,11.120073749711906
1,2.7096131495932263,8.653697813999994,121.24913574556348,7.755243143581467
1,3.066578117217334,19.730431018000004,128.95828531919798,15.130214335100248
1,3.1479329237921303,14.538212220000009,124.10693708227703,10.474763770454018
1,3.1064253694172344,17.30739586999999,124.18760082968426,10.555427517861247
1,3.064917815042338,9.345993606000002,121.61788430513943,8.296842590458624
1,2.7727046322430686,16.96124758,122.14796035952983,8.76930168241529
1,3.4119209696164705,19.038135059999995,123.17354229085042,10.39410002304679
1,2.955337871492612,13.153620514000002,124.62548974418068,11.281401244526393
1,4.057778515689856,18.691987260000012,128.70477068448952,14.86517630790506
1,2.873983064917815,24.230353649999994,123.57686102788661,10.382576630560038
1,3.230948032541923,28.38412842999998,124.55634938926019,10.106015210878084
1,3.033372073717417,15.576655360000045,128.03641392025813,14.577091495736354
1,3.2990204217167527,17.653543469999992,123.05830836598295,8.458170085273096
1,3.368753113066578,14.192064371999997,124.5333026042867,11.085503572251667
1,3.3006807238917486,16.961247608000004,122.19405392947684,8.619497580087568
1,3.1263489955171844,16.268952149999983,123.23115925328416,9.230237381885217
1,2.873983064917815,12.115176998999978,121.85987554736116,8.435123300299608
1,3.152913830317118,16.615099380000025,124.04932011984329,10.636091265268504
1,3.484974265316288,15.92280419000001,123.92256280248905,9.656602903894921
1,3.4667109413913333,18.691987160000014,130.11062456787278,17.158331412767907
1,3.295699817366761,22.153466330000004,124.09541368979026,9.483752016593684
1,3.031711771542421,12.807473829999985,129.11961281401244,15.452869324729193
1,3.1230283911671926,12.80747292000001,121.91749250979488,8.665591150034572
1,3.2458907521168854,10.384437500000004,127.218253053699,12.929246370131352
1,2.9038685040677406,15.922803799999999,122.70108319889374,8.96519935469
1,3.1794786651170517,26.99953751000003,129.9032035031113,16.271030191288304
1,3.171177154242072,12.115177018999987,122.94307444111547,9.16109702696474
1,3.4185621783164537,36.345529199999916,122.90850426365523,8.838442037335795
1,2.93209364104267,25.96109350999999,123.32334639317814,9.5874625489744
1,3.063257512867342,20.422726770000004,126.28485826227241,12.260889605899976
1,3.053295699817367,23.538057818000006,122.88545747868172,9.11500345701775
1,3.6227793458409434,21.461170949999985,123.68057156026735,9.529845586540688
1,2.93209364104267,17.307395580000005,124.08389029730354,9.426135054159957
1,2.664784990868338,13.153621050000003,120.9610509333948,8.077898133210425
1,3.363772206541591,13.499768410000007,121.47960359529846,7.582392256280258
1,3.1246886933421885,15.230507963000031,122.0903433970961,9.080433279557496
1,3.1346505063921635,15.922803849999985,126.18114772989169,12.134132288545771
1,2.956998173667608,16.961247490000044,128.14012445263884,14.219866328647129
1,3.2342686368919145,15.230508067999997,123.31182300069142,9.380041484212967
1,3.073219325917317,17.307395579999998,124.63701313666743,10.152108780825074
1,3.08816204549228,12.115176880000007,123.81885227010831,11.166167319658882
1,2.764403121368089,21.115022527,121.80225858492739,7.7321963586079505
1,3.5347833305661633,18.691987377999997,124.3604517169855,10.11753860336485
1,3.458409430516354,21.80731842000001,123.26572943074441,9.333947914265963
1,2.9370745475676574,16.268951929999986,130.9748790043789,17.19290159022816
1,3.1280092976921803,22.499614269999995,122.30928785434432,8.67711454252131
1,3.1097459737672257,12.115176709999991,123.25420603825765,9.817930398709365
1,3.2575128673418563,19.038135279999985,124.66005992164094,10.739801797649221
1,2.847418230117882,12.807472599999993,123.04678497349619,8.838442037335781
1,3.714095965465715,28.037980980000007,125.01728508873012,10.232772528232303
1,2.996845425867508,12.115176619999987,122.87393408619498,8.769301682415303
1,3.02008965631745,12.115176850999998,123.89951601751557,10.682184835215509
1,2.9138303171177156,8.999845510000004,122.07882000460937,8.27379580548515
1,3.6659472023908353,23.538057994999996,123.85342244756856,10.520857340401008
1,3.1114062759422216,15.922803419999992,123.71514173772759,9.610509333947917
1,2.898887597542753,21.46117084000001,128.58953675962204,14.48490435584236
1,3.481653660966296,15.922803926000004,124.153030652224,9.05738649458398
1,3.0698987215673257,16.615099718,123.10440193592993,9.564415764000913
1,3.6310808567159225,18.691987579999985,132.4844434201429,17.746024429592083
1,3.139631412917151,23.88420594999999,122.45909195667204,8.458170085273096
1,3.1180474846422053,15.230508189999986,126.45770914957365,12.364600138280721
1,3.1230283911671926,19.384283080000003,123.0237381885227,9.184143811938242
1,2.7394985887431513,17.99969123799999,122.1133901820696,7.962664208342929
1,3.348829486966628,15.230508100000009,127.96727356533763,13.632173311822996
1,2.555205047318612,13.499768619999992,125.59345471306753,11.373588384420373
1,3.1114062759422216,15.230507299999994,122.95459783360221,8.988246139663516
1,3.131329902042172,14.53821218000001,124.82138741645541,10.935699469923946
1,2.7959488626930105,13.499768840000009,122.10186678958286,8.435123300299608
1,2.878963971442803,16.961247609999994,122.82784051624797,8.573404010140564
1,2.9254524323426865,15.230507599999983,122.03272643466237,9.045863102097258
1,3.3554706956666114,16.268952089999992,124.25674118460475,10.048398248444343
1,2.8274946040179314,16.61510039000006,124.2221710071445,10.348006453099785
1,3.0234102606674416,15.23050782,123.54229085042635,10.313436275639532
1,3.071559023742321,13.499768510000006,122.43604517169855,8.204655450564658
1,3.0034866345674915,15.922803996999967,122.87393408619498,8.942152569716527
1,3.0250705628424375,25.614945120000005,122.85088730122149,9.783360221249154
1,2.7394985887431513,14.538212277999998,123.31182300069142,9.633556118921433
1,3.358791300016603,15.576656290000011,128.25535837750635,14.404240608435131
1,2.933753943217666,16.615099440000016,122.20557732196357,8.469693477759833
1,2.820853395317948,15.922803867000033,123.04678497349619,8.331412767918863
1,3.2010625933919976,10.730585279999996,126.25028808481218,12.07651532611203
1,3.294039515191765,13.845917180000006,131.11315971421988,17.05462088038719
1,3.172837456417068,16.26895148000001,123.15049550587693,9.172620419451476
1,2.986883612817533,23.538057840000008,122.27471767688407,9.115003457017735
1,2.64818196911838,14.538212075000008,120.4079280940309,7.317354229085055
1,2.5618462560185957,13.499768849999995,122.67803641392025,8.170085273104391
1,3.3322264652166695,15.230507998000002,124.40654528693247,10.117538603364821
1,3.272455586916819,19.03813512999999,125.14404240608434,11.073980179764902
1,2.869002158392828,22.153467029999913,122.98916801106246,9.529845586540688
1,3.878465880790304,20.422726967,125.87001613274948,10.843512330029952
1,2.8025900713929937,15.230508309999994,123.04678497349619,9.195667204424964
1,3.594554208866014,17.999691530000007,123.61143120534686,9.910117538603359
1,2.764403121368089,17.307395680000013,122.42452177921179,8.561880617653827
1,3.159555039017101,19.384283420000017,123.15049550587693,9.529845586540688
1,3.0283911671924293,13.49976872,123.58838442037336,10.290389490666044
1,3.2990204217167527,22.84576216,125.76630560036874,12.088038718598753
1,3.249211356466877,10.730585186000006,128.33602212491357,14.600138280709828
1,3.2093641042669767,19.730430679999987,124.42959207190596,10.025351463470827
1,2.996845425867508,13.499768751999985,122.74717676884075,9.506798801567172
1,3.3123028391167195,15.576655670000013,122.55127909656602,8.930629177229775
1,3.558027561016105,15.922803880000016,123.9110394100023,10.232772528232317
1,2.5518844429686203,10.038288819999991,120.36183452408389,7.35192440654528
1,2.9105097127677237,18.345839120000004,124.99423830375662,11.431205346854114
1,3.1213680889921966,17.65354365000001,122.27471767688407,8.642544365061056
1,3.4002988543914996,16.268951681999997,122.81631712376124,8.97672274717678
1,3.305661630416736,13.499768479999993,124.57939617423371,10.163632173311825
1,2.7411588909181472,17.653543251999995,122.81631712376124,9.737266651302136
1,3.083181138967292,17.30739539999998,124.2221710071445,10.440193592993765
1,2.9038685040677406,10.038289420000005,122.25167089191058,7.985710993316445
1,2.9802424041175497,13.499768520000002,123.76123530767458,9.921640931090124
1,2.996845425867508,20.7688748,122.64346623646001,9.011292924637004
1,3.0068072389174834,13.499768399999994,122.53975570407928,8.884535607282785
1,3.465050639216338,17.307395519999996,122.3323346393178,9.218713989398466
1,3.561348165366097,24.23035362,124.70615349158794,10.613044480295017
1,3.358791300016603,15.922803994000002,122.37842820926481,8.550357225167076
1,3.4999169848912506,13.845917350000027,127.05692555888453,13.00991011753861
1,2.764403121368089,20.422726880000017,122.51670891910578,8.365982945379116
1,2.973601195417566,23.191909859999992,123.9110394100023,10.324959668126297
1,3.5364436327411592,19.730430700000028,128.56648997464853,14.703848813090573
1,3.229287730366927,18.345839010000002,122.59737266651302,8.873012214796034
1,3.260833471691848,17.653543570000007,126.60751325190137,12.618114772989188
1,2.869002158392828,11.076733201999984,122.05577321963585,8.170085273104391
1,3.275776191266811,17.653543469999985,127.01083198893754,12.883152800184362
1,3.4252033870164373,29.422572319999922,134.5010371053238,20.108319889375437
1,3.149593225967126,15.230508839999995,125.95067988015671,12.088038718598753
1,2.8158724887929605,16.61510012000001,128.58953675962204,14.796035952984553
1,3.1911007803420226,12.461324619999994,124.78681723899516,10.912652684950444
1,3.1130665781172175,24.23035369999998,123.55381424291312,9.59898594146118
1,3.064917815042338,11.76902892999999,123.46162710301914,8.84996542982256
1,3.194421384692014,14.538212300000009,124.39502189444573,10.405623415533555
1,2.9370745475676574,19.384282919999993,124.12998386725052,10.474763770454018
1,2.943715756267641,18.345839099999996,122.43604517169855,8.746254897441816
1,2.764403121368089,17.653543484999997,123.39248674809863,10.209725743258815
1,2.9802424041175497,13.499768498,122.50518552661904,9.091956672044262
1,3.342188278266645,20.768874849999996,124.87900437888915,9.633556118921405
1,3.1180474846422053,20.76887471999994,122.19405392947684,8.239225628024897
1,3.1114062759422216,17.99969125,122.7126065913805,9.691173081355146
1,2.764403121368089,15.23050804,126.8840746715833,13.897211339018199
1,3.0034866345674915,13.499768511,123.32334639317814,9.172620419451476
1,3.594554208866014,13.153620770000002,125.27079972343857,10.878082507490205
1,3.3106425369417236,17.999691209999973,123.73818852270108,9.195667204424993
1,3.790469865515524,16.961247685000004,124.19912422217101,10.106015210878084
1,3.0400132824174,16.96124832000004,123.04678497349619,9.506798801567172
1,3.3305661630416736,19.384282950000006,124.37197510947222,9.518322194053923
1,3.660966295865848,22.153466279999982,124.80986402396866,10.163632173311825
1,3.305661630416736,10.730585179999997,123.86494584005531,9.264807559345456
1,2.9603187780175992,16.961247509999986,123.39248674809863,9.725743258815385
1,2.8357961148929105,18.691987380000008,124.94814473380964,11.396635169393889
1,3.0582766063423543,15.922803847000006,123.79580548513482,9.691173081355146
1,3.1213680889921966,20.42272710000001,124.2682645770915,10.290389490666044
1,3.084841441142288,13.153620589999997,123.73818852270108,9.460705231620182
1,3.0001660302174997,18.345839380000005,122.47061534915879,9.760313436275638
1,2.9387348497426533,16.26895193000001,123.30029960820465,10.232772528232317
1,3.0350323758924125,15.230508126999998,122.52823231159253,9.022816317123755
1,2.973601195417566,16.615099800000007,122.52823231159253,8.2622724129984
1,3.5065581935912338,23.191910000000007,123.08135515095644,8.780825074902054
1,3.066578117217334,9.345993609999985,121.89444572482138,9.218713989398466
1,3.3239249543416904,15.922803890000008,123.70361834524084,9.587462548974429
1,3.516520006641209,31.499459905999988,124.18760082968426,9.748790043788887
1,3.3455088826166364,22.499614129999987,132.53053699008987,19.03664438810786
1,3.700813548065748,22.49961401999998,123.87646923254205,10.77437197510946
1,3.0001660302174997,21.46117036399999,120.86886379350081,7.570868863793493
1,3.1014444628922466,12.461324979999958,124.8905277713759,10.785895367596225
1,3.083181138967292,19.730431150000005,123.16201889836367,8.919105784743024
1,2.779345840943052,16.615099859999972,122.45909195667204,8.158561880617654
1,3.5298024240411756,17.999691699999996,130.62917722977645,16.962433740493196
1,3.5131994022912174,16.268951869999995,128.23231159253282,14.565568103249575
1,2.973601195417566,24.57650132,122.30928785434432,8.239225628024883
1,2.9188112236427033,12.115178130000029,124.39502189444573,10.774371975109489
1,2.649842271293376,14.192063959999976,120.90343397096106,7.444111546439288
1,3.383695832641541,16.615099895000004,125.66259506798802,11.892141046324056
1,3.4550888261663624,15.230507939999974,123.79580548513482,9.852500576169618
1,2.968620288892579,13.153620830999996,123.72666513021433,10.35952984558655
1,3.4799933587913,15.230508090000004,128.1977414150726,14.415764000921882
1,3.1578947368421053,28.384128470000007,121.96358607974187,8.792348467388791
1,3.0466544911173834,13.499768589999988,121.92901590228162,8.711684719981562
1,3.164535945542089,21.461170880000008,124.23369439963126,10.11753860336485
1,3.6427029719408934,16.961247799999995,124.18760082968426,9.714219866328634
1,3.416901876141458,20.422726949999927,128.54344318967503,14.680802028117071
1,3.197741989042006,16.615099949999976,129.54597833602213,16.167319658907587
1,3.2193259173169517,16.615098339999996,128.3244987324268,14.392717215948352
1,3.187780175992031,13.845916387,124.45263885687947,10.601521087808251
1,2.86402125186784,16.615099926,122.0903433970961,8.815395252362308
1,3.493275776191267,39.460861689999994,125.05185526619036,11.097026964738419
1,3.0034866345674915,12.807472590000007,122.38995160175155,8.435123300299608
1,3.6360617632409102,22.49961417999999,126.13505415994469,11.742336943996321
1,3.473352150091317,14.19206446,124.09541368979026,10.24429592071904
1,3.986385522165034,31.153312159999995,124.33740493201198,9.887070753629871
1,3.3670928108915827,20.076578869,124.25674118460475,10.831988937543201
1,3.4335048978914164,12.807472999999957,129.84558654067757,16.167319658907587
1,3.2475510542918813,19.384282920000004,128.01336713528462,14.208342936160406
1,2.9237921301676906,21.461170657999993,128.27840516247983,14.47338096335561
1,2.8922463888427696,16.61509957999999,123.47315049550586,9.656602903894893
1,3.350489789141624,20.76887483999999,126.23876469232542,11.972804793731285
1,2.963639382367591,12.11517686000002,121.67550126757318,8.147038488130917
1,3.174497758592064,8.653697550000013,122.20557732196357,8.435123300299608
1,3.2160053129669603,22.49961453999999,124.04932011984329,10.30191288315281
1,3.2475510542918813,32.191757299999956,124.66005992164094,10.98179303987095
1,3.0217499584924457,15.23050804,122.72412998386726,8.792348467388805
1,3.0084675410924793,13.15362070000001,127.03387877391104,13.2979949297073
1,3.1014444628922466,17.653543559999996,122.98916801106246,8.861488822309283
1,3.0234102606674416,15.230508340000007,122.18253053699009,8.550357225167076
1,3.084841441142288,12.807472728999999,122.17100714450335,8.861488822309298
1,3.0283911671924293,15.230507809999995,129.1080894215257,16.029038949066603
1,3.1794786651170517,23.538058184000004,122.53975570407928,9.184143811938227
1,3.0798605346173007,13.845916352000003,123.23115925328416,9.184143811938242
1,3.161215341192097,13.84591638,122.41299838672506,8.677114542521323
1,2.764403121368089,21.807318260000027,129.74187600829686,15.959898594146125
1,2.953677569317616,17.653543379999995,122.18253053699009,8.527310440193588
1,3.076539930267309,17.307395830000008,127.80594607052316,13.355611892141056
1,3.0034866345674915,14.538212429999994,122.85088730122149,9.414611661673206
1,3.2342686368919145,17.653543500000012,123.06983175846969,8.942152569716512
1,3.096463556367259,8.65369788699999,122.56280248905279,8.94215256971654
1,3.0234102606674416,27.345684845999994,124.12998386725052,9.414611661673192
1,3.383695832641541,18.69198723000001,122.96612122608896,9.933164323576861
1,3.280757097791798,11.076733007000012,122.43604517169855,8.35445955289238
1,2.9005478997177487,22.49961424,124.66005992164094,11.177690712145647
1,2.878963971442803,20.422727000000034,123.27725282323117,10.463240377967281
1,3.0084675410924793,19.730430900000012,122.13643696704311,7.570868863793507
1,3.4418064087663955,17.653543540000005,123.31182300069142,9.633556118921433
1,3.184459571642039,27.691833080000002,131.5280018437428,17.434892832449876
1,2.953677569317616,11.769028700000012,129.00437888914496,15.326112007374974
1,3.5281421218661797,24.92264949000001,123.49619728047938,9.59898594146118
1,2.7311970778681722,17.653543299999995,122.50518552661904,9.287854344318987
1,2.84409762576789,23.884206210000016,131.0785895367596,16.778059460705222
1,2.759422214843102,10.73058539600001,123.70361834524084,9.253284166858734
1,3.3172837456417072,17.307395420000006,125.21318276100484,11.569486056695112
1,2.478831147268803,11.422880900000004,119.64738418990551,6.326342475224706
1,2.986883612817533,16.26895215000001,121.05323807328878,7.593915648767009
1,3.2243068238419395,14.884360379999999,122.67803641392025,8.873012214796034
1,2.5884110908185294,17.999689739999976,132.66881769993086,19.405392947683794
1,2.8042503735679896,9.692141343000012,121.80225858492739,8.089421525697162
1,3.3123028391167195,16.26895197000001,122.62041945148651,8.561880617653827
1,2.8955669931927615,18.345838940000007,124.00322654989628,10.417146808020277
1,3.0914826498422716,16.61509987999999,122.0903433970961,9.310901129292475
1,3.1811389672920476,14.884360178000001,124.42959207190596,10.44019359299378
1,3.4202224804914496,16.96124777000001,121.89444572482138,8.942152569716512
1,2.9918645193425206,15.922803849999985,122.58584927402627,8.965199354690029
1,3.8402789307653995,30.461016060000006,130.7098409771837,16.927863563032957
1,3.3139631412917154,24.230353859999997,122.75870016132751,9.218713989398495
1,3.4135812717914664,16.615099440000016,129.00437888914496,15.787047706844902
1,2.996845425867508,15.23050829000002,135.31919797188291,21.675501267573182
1,3.1014444628922466,16.268951817,123.93408619497579,9.564415764000913
1,2.9188112236427033,11.769028740000014,123.04678497349619,9.287854344318959
1,3.186119873817035,14.192064389999988,125.01728508873012,10.76284858262271
1,3.0997841607172507,14.884360349999985,122.60889605899976,8.365982945379116
1,3.149593225967126,17.307395705999994,122.62041945148651,8.469693477759847
1,3.043333886767392,12.115176717999997,122.47061534915879,8.826918644849059
1,3.348829486966628,23.19190978,132.00046093569946,17.653837289698075
1,3.416901876141458,17.65354357999998,123.10440193592993,9.426135054159943
1,3.6277602523659307,19.384282879999994,124.34892832449873,10.106015210878084
1,2.953677569317616,16.615099779999998,122.94307444111547,8.907582392256288
1,3.6526647849908684,14.538212330000004,124.09541368979026,10.30191288315278
1,3.3206043499916986,16.61510043999996,125.61650149804102,12.837059230237386
1,3.2890586086667777,13.499768449999989,122.20557732196357,9.022816317123755
1,2.920471525817699,18.69198754999999,123.12744872090344,9.230237381885246
1,3.259173169516852,10.384437480000004,122.10186678958286,8.481216870246612
1,3.0018263323924956,16.961247350000004,128.03641392025813,14.888223092878533
1,3.063257512867342,16.96124781000001,124.19912422217101,9.979257893523851
1,3.1811389672920476,19.03813519,129.3961742336944,15.591150034570191
1,2.9254524323426865,27.691833230000015,128.03641392025813,14.542521318276115
1,3.255852565166861,24.576500709999962,127.74832910808942,13.032956902512097
1,3.053295699817367,21.11502344999995,127.36805715602672,13.781977414150717
1,3.3222646521666945,40.1531578299999,124.92509794883613,9.887070753629871
1,2.875643367092811,11.769027540000053,126.23876469232542,12.468310670661452
1,3.7439814046156403,14.884359919999993,125.92763309518323,12.134132288545743
1,2.746139797443135,8.653697960000006,121.74464162249366,8.11246831067065
1,3.5248215175161883,25.614945462000005,130.00691403549206,15.418299147268968
1,3.438485804416404,19.03813497000001,123.83037566259507,10.405623415533526
1,2.766063423543085,10.730585062000003,122.38995160175155,9.17262041945149
1,3.856881952515358,18.34583953999998,125.12099562111085,11.07398017976493
1,2.7278764735181804,19.03813475,123.34639317815166,8.861488822309298
1,3.139631412917151,21.461170670000005,123.95713297994931,10.152108780825088
1,3.1911007803420226,17.30739592999998,127.25282323115925,12.986863332565122
1,3.1263489955171844,25.26879729999999,124.27978796957824,10.394100023046775
1,2.9470363606176324,16.96124769,127.13758930629177,13.044480294998849
1,3.3886767391665287,11.076733290000007,122.12491357455634,8.711684719981562
1,3.4799933587913,29.4225729,124.51025581931322,10.912652684950459
1,3.363772206541591,13.499768840000009,123.78428209264807,9.956211108550335
1,3.3571309978416073,22.153466299999998,126.69970039179535,12.295459783360215
1,2.865681554042836,13.153620775999993,122.51670891910578,8.792348467388791
1,3.4899551718412756,21.461170210000006,130.11062456787278,16.593685180917248
1,2.943715756267641,15.230508270000003,123.34639317815166,9.391564876699718
1,2.8723227627428196,14.192064169999997,121.83682876238764,8.792348467388791
1,3.0582766063423543,16.961247653999997,123.4040101405854,9.794883613735891
1,3.5331230283911674,16.615099558,123.99170315740955,10.48628716294077
1,3.0383529802424043,20.76887420999999,122.4014749942383,9.045863102097243
1,3.2475510542918813,27.345684879999993,124.94814473380964,10.751325190135972
1,3.044994188942388,31.15331217999999,122.4014749942383,8.873012214796034
1,3.061597210692346,19.384281090000023,129.9032035031113,15.752477529384649
1,3.0948032541922634,11.769029010000008,131.27448720903433,16.778059460705222
1,3.280757097791798,20.768874920000002,124.29131136206499,10.290389490666044
1,2.978582101942554,32.19175542,128.40516247983408,14.542521318276115
1,3.2226465216669435,15.576656420000015,123.71514173772759,9.92164093109011
1,3.182799269467043,23.884206280000083,128.49734961972806,15.303065222401486
1,3.4318445957164205,21.115022280000012,130.46784973496196,16.81262963816546
1,2.9387348497426533,15.230507929999987,121.19151878312975,8.100944918183913
1,3.3089822347667277,15.230508250000003,127.89813321041714,13.34408849965429
1,3.3222646521666945,18.691987282,122.53975570407928,8.68863793500806
1,3.19608168686701,20.422726750999995,125.48974418068678,11.581009449181835
1,3.1147268802922135,17.999691557000034,121.54874395021895,7.536298686333254
1,3.051635397642371,12.80747239,123.71514173772759,10.22124913574558
1,3.161215341192097,23.191910036999992,121.62940769762618,8.02028117077667
1,3.5978748132160057,16.96124727999999,129.93777368057155,15.936851809172609
1,3.0997841607172507,16.961247525,123.83037566259507,10.094491818391333
1,2.5004150755437493,10.730585509000043,125.31689329338558,11.972804793731285
1,3.448447617466379,19.038135339999993,123.41553353307214,9.299377736805724
1,3.0151087497924625,12.461324997999995,120.99562111085504,7.916570638395939
1,2.7062925452432345,21.11502256,122.781746946301,8.838442037335795
1,2.9802424041175497,13.845916539999992,122.58584927402627,8.688637935008074
1,3.15623443466711,14.192064219999967,123.17354229085042,10.036874855957592
1,3.6443632741158893,19.384283280000002,125.05185526619036,10.394100023046775
1,3.3372073717416573,12.115176900000003,124.93662134132289,10.244295920719054
1,3.538103934916155,24.23035401,129.40769762618115,15.545056464623187
1,3.79213016769052,14.538212439999999,124.64853652915417,10.76284858262271
1,3.250871658641873,21.115022290000024,121.99815625720211,8.930629177229775
1,3.340527976091649,17.30739555999999,124.04932011984329,10.082968425904596
1,3.1462726216171344,13.845916349999992,123.5999078128601,9.633556118921405
1,3.1064253694172344,17.999691749999972,125.96220327264346,11.534915879234845
1,3.363772206541591,17.30739567999999,131.7699930859645,18.218483521548748
1,3.4982566827162547,12.46132482,124.3604517169855,10.324959668126311
1,3.6194587414909516,21.11502262000001,131.47038488130906,16.973957132979947
1,3.1911007803420226,13.499768729999996,124.42959207190596,10.497810555427506
1,3.1031047650672425,19.038134450000026,129.1541829914727,14.980410232772556
1,3.166196247717085,15.922803999999998,122.90850426365523,8.5042636552201
1,3.078200232442305,15.230508610000001,122.27471767688407,8.285319197971887
1,3.030051469367425,35.30708686,128.3705923023738,13.839594376584444
1,2.6265980408434335,10.38443724200002,121.07628485826227,7.501728508873001
1,2.945376058442637,13.15362084000001,121.22608896058999,7.559345471306742
1,3.0134484476174666,12.461325139999992,124.03779672735654,10.117538603364821
1,3.604516021915989,15.576656039999998,123.4040101405854,10.013828070984104
1,3.172837456417068,13.499768110000025,122.86241069370823,9.506798801567172
1,3.370413415241574,16.615099740000005,122.82784051624797,8.792348467388791
1,3.0599369085173502,15.230508179999985,124.91357455634939,11.315971421986632
1,2.9470363606176324,12.461324599999985,125.21318276100484,11.29292463701313
1,3.1180474846422053,12.461324807999997,121.89444572482138,8.919105784743024
1,3.0400132824174,18.691987084999997,122.12491357455634,8.193132058077893
1,3.084841441142288,10.384437399999987,126.89559806407007,12.560497810555432
1,2.996845425867508,18.69198701999999,122.28624106937083,8.665591150034587
1,3.2243068238419395,13.15362036000002,124.95966812629638,10.659138050241992
1,3.162875643367093,14.53821214,126.33095183221941,12.180225858492747
1,3.5115391001162215,20.076579014,123.94560958746254,10.186678958285313
1,2.9354142453926615,15.92280415999999,122.49366213413228,8.354459552892365
1,3.395317947866512,19.384282912,123.66904816778059,10.071445033417831
1,3.1578947368421053,13.153620650000006,122.65498962894677,8.8845356072828
1,2.613315623443467,15.92280364,125.80087577782899,12.433740493201213
1,3.0898223476672757,17.999691474000002,123.58838442037336,9.587462548974415
1,3.1014444628922466,12.115176839999995,122.77022355381423,9.264807559345456
1,3.368753113066578,19.730428880000012,126.65360682184834,12.14565568103248
1,2.822513697492944,13.499768709999996,122.62041945148651,8.308365982945375
1,3.3355470695666614,18.345839059999978,122.98916801106246,9.633556118921405
1,3.986385522165034,25.268797559999996,124.32588153952524,10.62456787278174
1,3.463390337041342,16.615099980000014,133.45240838902973,19.370822770223555
1,3.255852565166861,16.26895197000001,130.50241991242223,16.478451256049794
1,3.295699817366761,13.845916637000022,122.96612122608896,8.435123300299594
1,3.3338867673916655,17.999691500000004,122.07882000460937,8.780825074902054
1,2.9254524323426865,16.961247732000007,122.21710071445034,8.896058999769537
1,3.186119873817035,20.422726490000006,124.33740493201198,10.152108780825074
1,3.187780175992031,19.038135135999998,123.93408619497579,10.244295920719054
1,3.1927610825170185,11.76902905699999,122.87393408619498,8.35445955289238
1,3.6427029719408934,16.961247440000008,126.87255127909656,12.47983406314819
1,3.2243068238419395,11.769028930000017,123.17354229085042,9.287854344318959
1,2.985223310642537,13.49976828999999,122.32081124683107,8.815395252362293
1,3.0217499584924457,9.692141270000011,122.26319428439734,8.158561880617668
1,2.6515025734683713,16.268951749999992,120.90343397096106,7.939617423369455
1,3.280757097791798,17.653543279999987,124.10693708227703,10.912652684950459
1,3.3455088826166364,14.192064259999983,123.23115925328416,10.371053238073287
1,3.053295699817367,17.30739557,122.9776446185757,9.022816317123755
1,3.689191432840777,13.153620479999967,124.62548974418068,10.53238073288776
1,3.1329902042171676,20.422726716000003,122.689559806407,8.999769532150268
1,3.3222646521666945,22.49961396000002,129.16570638395945,15.406775754782217
1,2.764403121368089,10.384437280000006,122.63194284397328,9.02281631712377
1,2.8059106757429855,12.807472702,121.11085503572252,8.008757778289933
1,3.2193259173169517,16.615099766999997,124.29131136206499,9.414611661673177
1,3.503237589241242,13.15362092,124.37197510947222,9.956211108550335
1,3.4418064087663955,24.57650166000004,124.3604517169855,10.589997695321529
1,2.93209364104267,16.26895161999993,123.93408619497579,9.956211108550335
1,3.262493773866844,12.115177078000004,121.68702466005992,7.916570638395953
1,2.8274946040179314,12.11517685,122.96612122608896,9.506798801567186
1,2.8357961148929105,14.884359930000013,121.2030421756165,7.605439041253746
1,3.370413415241574,12.46132450999999,127.14911269877851,13.217331182300057
1,2.6415407604183962,14.538212519999998,121.75616501498041,7.893523853422451
1,2.832475510542919,29.422571919999974,124.07236690481677,10.474763770454018
1,3.2575128673418563,17.653543680000006,124.17607743719752,11.050933394791443
1,3.240909845591898,19.038134550000002,127.65614196819544,13.274948144733813
1,2.73617798439316,9.692141660000004,122.74717676884075,8.82691864484903
1,3.4152415739664623,17.307395480000007,123.45010371053237,9.241760774371969
1,3.1064253694172344,13.153621059999992,122.86241069370823,9.241760774371983
1,3.1894404781670267,13.845916820000008,124.78681723899516,10.267342705692556
1,3.353810393491616,21.46117006,124.76377045402167,10.92417607743721
1,3.2160053129669603,12.807472889999962,123.83037566259507,10.244295920719068
1,3.144612319442139,14.884360429999985,122.66651302143352,8.204655450564658
1,2.820853395317948,14.53821212,121.75616501498041,7.593915648766995
1,3.5447451436161383,25.268797567000004,125.25927633095183,11.465775524314353
1,2.9138303171177156,15.576656119999972,129.2463701313667,15.48743950218946
1,3.0350323758924125,19.384282885,121.4450334178382,8.170085273104405
1,2.933753943217666,17.653543189999994,121.43351002535145,8.077898133210397
1,2.654823177818363,18.691987043999994,122.75870016132751,8.008757778289933
1,2.7129337539432177,12.461324969999989,121.03019128831527,7.421064761465757
1,2.9138303171177156,13.845916139999977,124.92509794883613,10.24429592071904
1,3.28407770214179,20.0765786,122.83936390873474,9.541368979027425
1,3.044994188942388,9.692141089999977,122.32081124683107,7.928094030882704
1,2.747800099618131,20.76887459599999,122.75870016132751,8.5042636552201
1,2.8806242736177987,12.807472360000013,123.00069140354921,9.552892371514176
1,3.197741989042006,15.922804300000005,122.67803641392025,8.41207651532612
1,3.5447451436161383,17.65354353,125.47822078820006,11.131597142198672
1,2.7311970778681722,12.115177029999998,121.28370592302373,7.928094030882676
1,2.953677569317616,14.538212220000009,121.36436967043099,8.031804563263435
1,3.230948032541923,30.807163840000094,134.44342014289006,20.834293616040554
1,3.056616304167359,15.576656199999999,121.74464162249366,8.123991703157415
1,3.2160053129669603,19.038135060000002,123.0237381885227,9.702696473841897
1,3.1695168520670762,17.999691382999995,122.48213874164553,8.089421525697162
1,3.151253528142122,20.076579089999996,122.52823231159253,8.942152569716527
1,2.8175327909679564,12.461324836,121.43351002535145,8.331412767918863
1,3.0350323758924125,11.422881110000008,124.51025581931322,10.048398248444357
1,3.2342686368919145,22.153466328,123.20811246831067,9.794883613735891
1,2.8391167192429023,18.691987280000003,126.50380271952062,11.823000691403536
1,3.5248215175161883,15.576656299999998,123.05830836598295,9.956211108550363
1,3.3006807238917486,23.88420596599999,128.2668817699931,14.646231850656847
1,2.7926282583430186,22.15346647199999,122.66651302143352,8.342936160405642
1,2.9354142453926615,16.96124730999997,127.70223553814245,14.11615579626644
1,3.073219325917317,16.96124745999998,124.86748098640238,11.615579626642074
1,3.0283911671924293,12.115177230000006,122.07882000460937,8.077898133210425
1,3.3372073717416573,21.461170290000005,122.79327033878774,9.5874625489744
1,3.151253528142122,14.192064500000008,121.14542521318276,8.216178843051381
1,2.9088494105927283,11.07673335,127.34501037105323,13.72436045171699
1,3.5298024240411756,30.46101604,124.08389029730354,9.587462548974429
1,2.779345840943052,20.768874669999995,123.47315049550586,8.90758239225626
1,2.956998173667608,28.03798080999998,132.1963586079742,18.817699930859646
1,2.9902042171675247,16.26895221000001,127.25282323115925,13.390182069601295
1,3.242570147766894,20.422728849999878,133.37174464162248,19.486056695091023
1,3.0466544911173834,10.384437230000001,124.63701313666743,10.371053238073301
1,2.734517682218164,26.307241055000002,125.20165936851808,11.189214104632384
1,3.4235430848414414,22.845762549999993,123.54229085042635,10.059921640931066
1,3.1462726216171344,15.922803970000002,123.17354229085042,9.080433279557496
1,3.4202224804914496,19.038135040000004,123.34639317815166,8.8845356072828
1,3.5181803088162047,16.961247816,125.1094722286241,11.592532841668572
1,2.757761912668106,13.153620680000001,121.60636091265269,7.916570638395953
1,3.450107919641375,18.69198721000002,122.77022355381423,9.034339709610492
1,2.86402125186784,12.46132492999999,120.90343397096106,7.455634938926025
1,2.8191930931429523,24.230353840000006,124.42959207190596,11.419681954367348
1,3.1578947368421053,17.653543419999995,125.48974418068678,12.34155335330719
1,3.1064253694172344,13.153620529999998,123.06983175846969,9.414611661673192
1,2.8142121866179646,8.999845692000005,121.7100714450334,8.227702235538118
1,2.9486966627926283,17.307395150000012,121.84835215487439,8.550357225167076
1,2.834135812717915,22.49961429999999,127.9096566029039,14.461857570868858
1,3.3787149261165537,18.691987440000013,123.04678497349619,8.412076515326106
1,2.752781006143118,11.422881069999981,121.56026734270569,7.086886379350062
1,3.269134982566827,13.845916435000007,124.3604517169855,10.762848582622738
1,2.922131827992695,13.845916441,123.69209495275409,10.05992164093108
1,2.888925784492778,12.461324928999991,121.36436967043099,7.259737266651314
1,3.2010625933919976,11.076733078000007,122.00967964968888,8.527310440193588
1,2.965299684542587,22.49961447000001,123.19658907582391,10.10601521087807
1,2.6747468039183135,13.49976838000001,125.1555657985711,11.362064991933622
1,2.77602523659306,17.653543829999965,130.79050472459093,16.05208573404012
1,2.6282583430184294,16.961247574999994,123.32334639317814,9.702696473841897
1,3.3139631412917154,21.807318422999995,123.4040101405854,9.06890988707076
1,2.9586584758426038,8.653697881999996,124.08389029730354,9.840977183682895
1,3.174497758592064,15.922803904999991,122.22862410693709,8.49274026273335
1,3.197741989042006,11.422881119999994,124.51025581931322,10.11753860336485
1,2.8142121866179646,24.23035409000001,124.32588153952524,10.520857340401022
1,3.6011954175659975,21.115022598000003,123.3579165706384,9.668126296381658
1,2.5103768885937243,15.576655949999994,121.47960359529846,7.8820004609357
1,3.142952017267143,17.999690749999907,131.2629638165476,17.34270569255588
1,3.2873983064917818,28.384128509000007,124.19912422217101,10.002304678497339
1,3.2243068238419395,11.769028976999998,123.56533763539986,9.506798801567172
1,3.182799269467043,27.691832749999996,123.88799262502882,9.552892371514176
1,2.9387348497426533,10.384437155000004,123.00069140354921,8.907582392256288
1,3.3670928108915827,12.807472720000002,122.62041945148651,9.31090112929246
1,2.7859870496430355,19.384282929999994,119.85480525466696,5.992164093108997
1,3.6061763240909848,14.884360170999999,124.71767688407466,10.24429592071904
1,2.7942885605180146,18.691987290000007,123.51924406545287,9.380041484212953
1,3.340527976091649,14.884360290000004,122.689559806407,8.873012214796034
1,3.504897891416238,15.57665623999999,130.23738188522702,16.870246600599245
1,3.1894404781670267,12.461325080000002,122.47061534915879,8.73473150495505
1,3.2990204217167527,19.730430786000003,123.38096335561188,9.817930398709379
1,3.207703802091981,14.884359940000017,128.2438349850196,13.678266881769986
1,2.9918645193425206,17.307395420000002,124.00322654989628,9.990781286010588
1,2.724555869168189,11.422880870000009,122.13643696704311,8.043327955750186
1,2.75610161049311,10.384437500000004,121.47960359529846,7.939617423369441
1,3.1346505063921635,12.807472823999987,125.54736114312053,11.500345701774606
1,2.679727710443301,11.076733080000004,121.11085503572252,7.547822078820019
1,2.766063423543085,12.461324815000003,120.99562111085504,7.432588153952537
1,2.6813880126182967,24.92264955999997,130.9057386494584,16.778059460705236
1,2.762742819193093,13.845916687999997,126.20419451486518,12.15717907351926
1,2.752781006143118,10.384437579999995,121.26065913805024,7.16755012675732
1,3.162875643367093,16.268951910000037,125.42060382576629,10.993316432357673
1,2.9702805910675747,31.15331195000001,124.27978796957824,10.221249135745552
1,3.152913830317118,13.845916447,122.77022355381423,8.331412767918863
1,2.7311970778681722,9.692141520999996,122.48213874164553,8.262272412998371
1,2.953677569317616,13.845916323999992,122.27471767688407,8.58492740262733
1,3.1180474846422053,26.999537250000014,124.40654528693247,10.025351463470841
1,3.4235430848414414,12.807472727999995,125.01728508873012,10.72827840516247
1,3.149593225967126,16.268951859999998,124.01474994238303,10.244295920719068
1,3.3471691847916323,15.230508319999998,129.30398709380043,15.982945379119627
1,3.5248215175161883,16.961247489999995,133.62525927633095,19.29015902281631
1,3.561348165366097,18.345838979999996,125.85849274026273,11.719290159022819
1,3.6360617632409102,13.499768629999988,124.08389029730354,10.198202350772078
1,3.0101278432674747,22.153466490000003,121.95206268725514,7.870477068448963
1,3.373734019591566,13.845916428999946,123.13897211339018,9.149573634478003
1,3.4368255022414083,13.499768589999988,125.02880848121687,11.06245678727818
1,3.0350323758924125,16.96124797000001,125.04033187370362,10.843512330029952
1,2.9603187780175992,17.307395380000024,124.57939617423371,10.88960589997697
1,3.2160053129669603,29.76872018000001,125.45517400322655,11.581009449181835
1,3.4351652000664123,20.42272656,123.2887762157179,9.541368979027425
1,3.4982566827162547,19.38428274000002,124.03779672735654,9.748790043788887
1,3.171177154242072,16.61509956899988,125.25927633095183,11.846047476377052
1,3.682550224140794,23.19191002599999,124.57939617423371,11.223784282092652
1,3.1346505063921635,30.46101609000001,123.34639317815166,9.933164323576875
1,3.577951187116055,16.268951960000006,123.6460013828071,9.276330951832222
1,3.084841441142288,13.15362074000001,122.49366213413228,8.400553122839355
1,3.0068072389174834,17.999691337999998,127.10301912883153,12.606591380502422
1,3.15623443466711,14.884360206999999,124.45263885687947,10.31343627563956
1,3.041673584592396,14.88435901,124.2221710071445,11.235307674579389
1,2.754441308318114,8.653698129999984,122.85088730122149,9.668126296381672
1,3.031711771542421,17.653543020000015,126.96473841899054,13.37865867711453
1,3.2873983064917818,16.615099719999996,122.0903433970961,8.527310440193602
1,3.362111904366595,28.03798066999999,126.87255127909656,13.148190827379565
1,3.28407770214179,12.807472660000002,129.62664208342935,16.12122608896057
1,3.239249543416902,10.038289617999999,123.63447799032035,9.161097026964725
1,3.338867673916653,14.884360059999983,123.12744872090344,8.423599907812871
1,3.660966295865848,40.84545356,125.52431435814704,10.785895367596225
1,3.0084675410924793,16.61509959000001,123.16201889836367,8.919105784743024
1,3.3305661630416736,11.422881088999999,122.83936390873474,9.08043327955751
1,3.358791300016603,17.999690980000008,123.41553353307214,9.760313436275638
1,3.6327411588909184,17.65354340000002,129.13113620649918,15.925328416685844
1,3.186119873817035,16.268952029999994,124.30283475455175,9.967734501037114
1,2.8955669931927615,12.115176500000004,123.70361834524084,9.852500576169618
1,2.9287730366926783,20.76887472999999,121.80225858492739,8.838442037335781
1,2.9935248215175165,11.076733181999993,121.89444572482138,8.250749020511648
1,3.1147268802922135,16.26895187999997,125.50126757317355,11.258354459552905
1,3.2126847086169685,10.384437290000001,122.32081124683107,8.861488822309298
1,3.230948032541923,26.999536669999973,124.79834063148192,10.16363217331184
1,2.9387348497426533,18.69198685,123.50772067296612,9.82945379119613
1,3.144612319442139,15.230508649999983,124.11846047476378,9.552892371514176
1,3.030051469367425,10.73058463000003,121.91749250979488,8.53883383268034
1,3.7406608002656485,24.230354020000014,123.85342244756856,10.45171698548053
1,2.6946704300182636,20.076578810000015,122.03272643466237,8.147038488130903
1,3.194421384692014,25.961093150000007,122.30928785434432,9.403088269186455
1,3.8103934916154745,18.69198730999999,125.32841668587231,12.168702466005982
2,4.301842935414245,55.03751889999963,146.40470154413458,10.728278405162456
2,4.024572472189939,19.730431497999923,137.98110163632174,10.993316432357688
2,4.188942387514528,22.4996162100001,145.2293155104863,12.007374971191524
2,3.3156234434667113,18.345838981000046,137.9465314588615,8.45817008527311
2,3.989706126515026,29.422572305000045,143.63908734731504,17.181378197741395
2,3.8552216503403622,19.384282973999994,138.03871859875548,6.925558884535604
2,4.389838950689025,19.038135670000067,143.90412537451024,5.415994468771572
2,4.1590569483646025,28.384129301000094,136.50610739801797,9.633556118921419
2,3.956500083015109,23.538057973999937,143.63908734731504,12.57202120304217
2,4.215507222314462,39.807009679,145.2754090804333,15.971421986632862
2,3.7971110742155076,22.845762417000106,141.88753168932934,14.830606130444806
2,4.222148431014445,21.115022873000044,137.73911039410004,12.226319428439751
2,4.418064087663955,19.038135076000078,137.19751094722287,9.195667204424979
2,3.591233604516022,23.191910337999957,133.3256510716755,7.132979949297095
2,5.2830815208367925,44.99922097999986,150.4839824844434,7.905047245909174
2,3.6260999501909352,78.92172013999998,136.4369670430975,7.801336713528485
2,4.369915324589075,25.268800929999777,141.77229776446185,7.78981332104172
2,3.4252033870164373,27.691836790000174,135.13482369209495,11.327494814473368
2,4.333388676739167,18.69198762000007,145.48283014519475,15.625720212030416
2,4.089324257014777,25.961093615000028,139.0988707075363,11.004839824844424
2,4.63224306823842,22.153465120000046,146.54298225397557,7.363447799032031
2,3.8087331894404786,13.153621014999963,137.86586771145426,11.73081355150957
2,3.767225635065582,29.422572523999794,139.08734731504956,8.423599907812871
2,3.7522829154906194,27.69183178800011,140.14749942383037,9.022816317123755
2,3.5281421218661797,17.653543565,131.66628255358376,7.179073519244042
2,3.773866843765566,30.461016372000103,136.80571560267342,7.743719751094687
2,3.682550224140794,16.961247759999935,134.45494353537683,7.455634938926039
2,4.26033538103935,26.999536985000056,135.4344318967504,9.391564876699704
2,4.521002822513698,32.191755810000096,137.48559575939157,9.253284166858748
2,3.7124356632907194,26.99953676299993,137.72758700161327,8.504263655220115
2,4.6969948530632575,31.8456088000002,151.1292924637013,7.421064761465743
2,4.296862028889258,25.61494572000014,147.8220788200046,8.170085273104405
2,3.7639050307155903,22.499614635999933,135.1233002996082,9.161097026964725
2,4.188942387514528,25.268797643999974,141.35745563493893,13.874164554044711
2,3.6360617632409102,18.345839657999964,139.1680110624568,10.382576630560038
2,3.998007637390005,19.730430456000036,136.02212491357454,8.700161327494797
2,4.678731529138304,26.999533620000044,144.38810785895367,5.704079280940306
2,4.061099120039848,23.19190945100004,141.93362525927634,14.86517630790506
2,4.190602689689523,24.230354471,136.50610739801797,7.939617423369441
2,4.061099120039848,22.15346578000002,135.4574786817239,9.541368979027439
2,3.3305661630416736,20.076579266999975,140.50472459091955,14.300530076054372
2,3.6360617632409102,31.15331187400011,143.32795575017286,13.574556349389269
2,3.416901876141458,21.461169912999967,133.84420373357918,7.824383498501973
2,4.223808733189441,20.768879440000443,144.72228624106938,16.61673196589075
2,4.501079196413747,27.345684728999895,135.0541599446877,9.898594146116608
2,3.604516021915989,23.884205673000007,138.15395252362293,10.232772528232303
2,4.26033538103935,26.99953741499998,147.30352615810094,17.35422908504262
2,4.511041009463723,24.57650311999987,146.19728047937312,7.351924406545265
2,3.813714095965466,26.307240459999964,136.9670430974879,10.578474302834763
2,4.072721235264819,25.961093325999954,137.0361834524084,10.670661442728758
2,4.486136476838785,31.499454620000087,146.61212260889607,5.531228393639083
2,4.56417067906359,33.57634261000011,146.26642083429363,10.98179303987095
2,3.9498588743151255,30.807163897000056,136.64438810785896,7.743719751094716
2,3.6759090154408107,17.653543535000036,136.49458400553124,8.84996542982256
2,4.36825502241408,19.038138200000027,145.6672044249827,9.64507951140817
2,4.276938402789308,28.384129096999875,138.6955519705001,11.707766766536054
2,4.183961480989541,29.42257238800004,138.6379350080664,12.572021203042183
2,4.354972605014113,24.230354135999914,142.87854344318967,11.38511177690711
2,4.363274115889092,22.153465280000393,143.77736805715602,14.565568103249575
2,4.454590735513864,29.422572159000097,145.65568103249598,12.583544595528934
2,4.149095135314628,60.22973546399995,140.1590228163171,12.20327264346622
2,4.423044994188943,27.69183073000003,145.21779211799955,8.089421525697162
2,3.8635231612153413,19.73043118499995,135.81470384881308,8.573404010140592
2,3.981404615640047,27.691835149999815,146.5545056464623,7.478681723899484
2,4.301842935414245,32.884051430000085,143.3855727126066,9.622032726434696
2,3.651004482815873,24.576505680000135,140.02074210647615,7.0984097718368275
2,3.368753113066578,17.307395962999905,134.53560728278404,8.988246139663516
2,3.6078366262659807,16.615093090000254,143.70822770223555,15.429822539755719
2,3.3571309978416073,17.307396345999994,134.719981562572,8.757778289928538
2,4.062759422214843,23.538057958000095,144.16916340170548,8.296842590458652
2,3.667607504565831,24.922649604000103,134.14381193823462,7.985710993316431
2,3.778847750290553,22.499613735999997,132.3692094952754,7.985710993316431
2,3.7174165698157067,24.922650054999966,134.35123300299608,8.515787047706851
2,4.062759422214843,26.653389210000014,144.38810785895367,14.600138280709842
2,4.504399800763739,24.57649822000002,147.76446185757086,9.080433279557496
2,3.3670928108915827,15.576656100000015,133.0606130444803,7.455634938926039
2,4.718578781338204,26.653389082000043,144.77990320350312,14.496427748329126
2,3.8801261829653,23.53805763900013,144.50334178382116,14.254436506107396
2,4.471193757263823,43.61463649300012,141.5187831297534,9.426135054159943
2,4.202224804914494,26.307240566000033,136.9209495275409,10.371053238073273
2,3.3471691847916323,18.69198711999996,134.69693477759853,7.651532611200736
2,3.8269965133654327,29.076424390999872,138.4074671583314,11.281401244526378
2,4.142453926614644,29.76872202000005,145.34454943535377,10.244295920719054
2,3.783828656815541,22.845762048999962,141.33440884996543,15.787047706844902
2,5.186783994687033,39.11471320999976,150.36874855957595,11.223784282092652
2,3.883446787315292,29.422572862000116,142.9592071905969,11.581009449181835
2,4.114228789639715,21.46117080699998,140.40101405853883,11.10855035722517
2,4.188942387514528,24.230353922000056,145.425213182761,12.076515326112002
2,4.489457081188776,18.691981070000086,150.09218713989398,5.4851348236920785
2,4.217167524489457,33.922495555,138.70707536298684,12.837059230237358
2,3.856881952515358,32.88405123300003,136.62134132288546,9.472228624106947
2,4.504399800763739,24.576499069999812,143.6736575247753,6.1073980179765215
2,4.188942387514528,20.422726876999917,141.77229776446185,9.575939156487664
2,4.180640876639549,19.038141420000127,142.01428900668355,8.95367596220325
2,4.175659970114562,31.499459239999887,147.45333026042866,8.746254897441816
2,4.574132492113565,27.34568229999984,142.53284166858725,12.041945148651791
2,4.472854059438818,44.99922597000022,144.38810785895367,13.0560036874856
2,4.384858044164038,18.6919865860001,145.62111085503574,18.368287623876483
2,4.066080026564835,23.884205806000008,142.49827149112699,12.952293155104854
2,3.2043831977419894,39.80700948400001,133.440884996543,8.308365982945375
2,3.579611489291051,19.730430811999987,139.1910578474303,11.915187831297558
2,3.3438485804416405,30.80716421600002,140.61995851578706,14.369670430974878
2,4.135812717914661,21.80731839099996,143.6736575247753,14.254436506107425
2,3.770546239415574,23.884206524000042,132.49596681262963,8.527310440193588
2,4.220488128839449,21.461170509000024,142.94768379811015,15.268495044941218
2,4.607338535613482,27.345688159999824,144.8259967734501,6.107398017976493
2,3.5347833305661633,18.691987540999932,141.91057847430284,13.009910117538595
2,3.3372073717416573,20.076578572999978,140.11292924637013,13.148190827379594
2,3.6410426697658975,21.11502251099996,136.2064991933625,9.990781286010574
2,4.471193757263823,39.114718930000066,144.96427748329108,14.312053468541137
2,3.780508052465549,21.46117045200006,134.93892601982023,8.965199354690029
2,3.5563672588411093,13.845916708999997,133.302604286702,8.665591150034572
2,4.733521500913167,34.61478955999991,146.6236460013828,13.505415994468791
2,4.720239083513199,25.96109345500003,147.39571329799492,13.102097257432575
2,3.79213016769052,32.88405137600009,137.30122147960358,10.843512330029938
2,4.198904200564503,25.96109211000008,149.10117538603365,6.914035492048839
2,3.672588411090819,17.653544293999914,136.2525927633095,7.3749711915187675
2,4.433006807238918,34.614791559999524,141.53030652224015,7.951140815856206
2,5.055620122862361,28.73027022999991,148.47891219174926,13.2979949297073
2,4.5259837290386855,29.76872020899995,142.57893523853423,13.666743489283249
2,4.270297194089324,34.96093913799992,136.82876238764692,8.365982945379102
2,3.7057944545907358,17.307395195000005,135.65337635399862,8.907582392256273
2,3.406940063091483,19.038134952999997,142.30237381885226,14.392717215948366
2,4.472854059438818,31.845607786,141.72620419451488,10.601521087808266
2,3.8269965133654327,20.768875146999974,142.61350541599447,15.602673427056928
2,3.8220156068404454,13.845916000000123,139.7211339018207,6.211108550357238
2,4.135812717914661,18.691986603000114,140.04378889144965,11.16616731965891
2,4.509380707288727,26.30724075999999,143.97326572943075,15.533533072136436
2,3.6344014610659143,20.07657910599994,142.02581239917032,12.687255127909651
2,4.152415739664619,21.115022587,141.92210186678957,9.77183682876236
2,3.7655653328905863,23.538058234000083,142.44065452869324,14.47338096335561
2,3.8253362111904368,19.73043097600005,135.90689098870706,7.697626181147712
2,3.8153743981404618,26.999537344999933,139.37543212721826,7.893523853422465
2,4.45625103768886,26.653385489999874,144.13459322424524,6.695091034800669
2,3.0034866345674915,17.999691069999905,138.1885227010832,11.880617653837291
2,3.3089822347667277,22.499613868000033,133.90182069601292,8.089421525697176
2,3.868504067740329,15.23050864700004,143.01682415303065,11.281401244526393
2,3.7971110742155076,25.26879745800001,138.7185987554736,8.054851348236923
2,3.6559853893408603,26.307241372999847,136.56372436045172,7.501728508872986
2,4.4064419724389845,22.499611849999962,145.517400322655,6.211108550357238
2,4.965963805412586,26.65338572999998,145.71329799492972,11.638626411615604
2,3.90004980906525,32.191755784999884,137.5201659368518,13.159714219866316
2,3.989706126515026,34.61479145999993,140.72366904816778,13.516939386955514
2,4.089324257014777,28.38412550000002,142.9592071905969,9.725743258815385
2,4.345010791964138,24.230353835000063,143.27033878773912,8.999769532150282
2,4.2785987049643035,40.15315790399994,145.92071905969118,17.550126757317372
2,4.071060933089822,20.076578750999882,137.00161327494814,7.21364369670431
2,4.08434335048979,25.961094120000027,146.18575708688638,14.81908273795807
2,4.5774530964635565,27.69183465000005,148.31758469693477,8.031804563263421
2,3.959820687365101,16.961247820000064,136.50610739801797,9.034339709610506
2,4.10426697658974,34.960940730000274,142.25628024890528,8.619497580087568
2,4.9842271293375395,35.30708484,149.8386725051855,9.161097026964711
2,3.8386186285904036,32.19175621199999,139.06430053007605,11.269877852039627
2,4.3383695832641544,22.499614502999865,142.59045863102097,7.501728508872986
2,3.9266146438651837,33.23019960399992,143.23576861027888,12.306983175846995
2,3.5181803088162047,19.73043107299996,134.51256049781054,8.757778289928524
2,3.68421052631579,15.230507798000003,142.21018667895828,16.0059921640931
2,3.8336377220654163,21.807318297999906,137.95805485134824,9.771836828762389
2,4.255354474514362,25.961093586999922,137.79672735653378,8.596450795114094
2,3.9415573634401464,40.15315930999991,136.79419221018668,9.045863102097258
2,3.8269965133654327,22.845761899999843,137.53168932933855,7.997234385803182
2,5.291383031711772,22.499609150000154,146.09356994699237,11.004839824844396
2,4.442968620288893,21.461177219999765,149.23945609587463,7.928094030882704
2,3.3986385522165037,23.19191008900004,142.5674118460475,12.756395482830158
2,3.637722065415906,14.884360066999973,141.91057847430284,14.047015441345948
2,4.6256018595384365,21.807320890000202,145.10255819313204,7.559345471306727
2,4.173999667939565,24.23035347799994,140.51624798340632,11.661673196589078
2,4.537605844263656,22.1534662709999,146.7619267112238,8.412076515326135
2,3.998007637390005,23.884206423999963,143.37404932011984,16.247983406314816
2,3.8203553046654495,27.345685519000046,141.48421295229318,16.985480525466727
2,4.185621783164536,29.42257245499999,144.13459322424524,17.538603364830635
2,3.5065581935912338,29.76872298000005,143.83498501958977,15.556579857109938
2,5.334550888261664,27.691837679999498,150.46093569946993,7.97418760082968
2,3.7755271459405613,18.691987829000112,133.440884996543,7.69762618114774
2,3.9282749460401796,33.230199413000065,147.01544134593226,12.514404240608457
2,4.562510376888594,30.11486561999982,140.57386494584006,5.865406775754792
2,4.112568487464719,37.03782672300003,142.1410463240378,12.583544595528906
2,4.2072057114394825,25.96109287199999,140.70062226319428,7.928094030882704
2,3.9183131329902046,26.65338928099989,144.37658446646694,12.618114772989173
2,3.5314627262161715,14.88436075299998,136.3908734731505,7.651532611200736
2,4.293541424539266,18.69198705999997,139.94007835906893,11.534915879234859
2,3.8435995351153913,15.230507840999982,133.394791426596,7.870477068448949
2,3.956500083015109,25.61494506199996,138.6955519705001,13.309518322194037
2,5.082184957662295,45.34537715600001,149.00898824613967,10.486287162940783
2,4.442968620288893,37.73012218700001,137.7621571790735,9.783360221249126
2,4.658807903038353,33.576347027000075,147.46485365291542,12.81401244526387
2,3.405279760916487,14.884360534000093,142.57893523853423,17.29661212260889
2,3.558027561016105,19.03813498700002,141.4496427748329,15.268495044941218
2,5.205047318611988,29.76872187000004,148.93984789121916,9.691173081355146
2,5.711439481985722,30.46101590700012,147.77598525005763,11.834524083890301
2,3.493275776191267,18.691987445000127,142.94768379811015,12.940769762618089
2,4.175659970114562,16.615099765000043,146.17423369439965,16.351693938695576
2,4.333388676739167,24.922650900000008,144.91818391334408,6.960129061995843
2,4.2802590071393,26.999539239999926,147.05001152339247,11.120073749711906
2,3.7290386850406776,23.538057675000083,144.81447338096336,13.079050472459102
2,4.328407770214179,19.730431327000044,135.73404010140587,8.492740262733378
2,4.235430848414412,29.076422609999874,144.06545286932473,15.775524314358137
2,3.4451270131163874,24.57650140499999,143.92717215948377,16.59368518091729
2,4.164037854889591,26.30724168099993,138.60336483060613,8.688637935008074
2,3.7539432176656153,16.61509971500004,140.72366904816778,14.185296151186918
2,4.992528640212519,33.57634976999993,145.81700852731043,9.656602903894907
2,4.165698157064586,17.999691094000013,145.1601751555658,15.09564415764001
2,4.052797609164869,29.422572360000007,142.26780364139202,14.588614888223091
2,4.431346505063922,24.576501645000025,138.08481216870248,7.132979949297095
2,4.095965465714761,28.03798098500003,142.7633095183222,13.70131366674346
2,3.958160385190105,26.653390085999984,142.6711223784282,11.68471998156258
2,4.049477004814877,26.653388902,145.7593915648767,14.542521318276101
2,4.120869998339698,40.15315824699994,138.46508412076514,9.864023968656369
2,3.8751452764403123,22.84576227700001,138.7185987554736,10.49781055542752
2,3.2458907521168854,19.73043060700008,133.7289698087117,8.41207651532612
2,3.239249543416902,21.115022887000023,136.58677114542522,8.573404010140592
2,3.478333056616304,50.88374039000004,140.3664438810786,13.148190827379594
2,3.7871492611655326,21.807318276000007,141.73772758700161,12.514404240608457
2,3.7124356632907194,17.99969118600003,138.73012214796037,11.189214104632413
2,3.98804582434003,25.96109321699999,143.23576861027888,18.091726204194543
2,3.9747634069400632,22.49961432499989,137.84282092648075,9.057386494583994
2,3.8635231612153413,28.03798074899999,142.57893523853423,11.062456787278194
2,4.066080026564835,29.422572583999923,136.367826688177,8.5042636552201
2,4.149095135314628,30.80716391499996,145.54044710762847,12.272412998386727
2,4.333388676739167,39.80701105000011,148.19082737958055,9.610509333947903
2,3.9731031047650673,22.499614149999942,136.9670430974879,7.905047245909174
2,3.3040013282417404,17.307395514999865,134.60474763770455,6.049781055542752
2,3.6227793458409434,16.615099772000068,139.87093800414843,15.222401474994257
2,3.380375228291549,29.42258321999985,143.58147038488133,16.593685180917277
2,4.273617798439316,24.576497669999974,145.71329799492972,5.462088038718633
2,4.031213680889922,30.114867716000067,137.1629407697626,8.077898133210397
2,3.9515191764901214,22.153466615000006,138.64945840055313,9.702696473841911
2,4.751784824838121,32.53790383700009,146.4738418990551,14.173772758700153
2,4.198904200564503,29.42257255599996,135.29615118690944,8.838442037335795
2,3.5563672588411093,16.26894936999995,141.70315740954135,7.144503341783803
2,3.7390004980906526,19.730430727000062,135.0541599446877,8.204655450564644
2,3.6194587414909516,24.230353337999983,141.88753168932934,12.548974418068667
2,3.893408600365267,23.884205536000014,145.47130675270802,18.333717446416244
2,4.318445957164204,22.499614428000065,140.6084351233003,12.514404240608428
2,3.768885937240578,28.03798071099997,137.66997003917953,10.371053238073273
2,4.071060933089822,29.076424590000066,140.88499654298226,11.40815856188064
2,4.398140461564005,24.92264960999982,147.45333026042866,6.21110855035721
2,4.424705296363938,25.26879774299988,146.2318506568334,11.77690712145656
2,4.683712435663291,35.9993855799999,148.91680110624569,8.45817008527311
2,4.341690187614146,25.268797942,138.51117769071215,9.483752016593684
2,4.687033040013283,27.34568479999991,137.91196128140123,8.873012214796034
2,3.4982566827162547,17.999691163000026,140.2973035261581,13.413228854574783
2,3.6958326415407607,15.922803721999944,137.6353998617193,9.518322194053923
2,4.444628922463889,19.384283126000003,139.97464853652914,10.036874855957592
2,4.2785987049643035,44.6530800299999,142.45217792117998,12.525927633095165
2,3.803752282915491,22.153466015000024,142.46370131366675,15.844664669278629
2,3.986385522165034,11.076733025000076,134.9274026273335,6.4185296151187
2,3.660966295865848,24.576501772000103,141.6916340170546,10.509333947914257
2,3.702473850240744,17.653542961000024,138.53422447568565,9.506798801567186
2,3.86020255686535,28.73027711800001,139.3639087347315,10.739801797649221
2,3.978084011290055,18.69198701399996,138.97211339018207,11.235307674579417
2,4.1192096961647025,14.884360463000082,138.6379350080664,11.9728047937313
2,3.280757097791798,48.11456016199998,142.1640931090113,13.263424752247062
2,4.608998837788477,30.807167470000007,148.25996773450103,8.216178843051381
2,4.3582932093641045,23.88420608400013,146.37013136667434,10.359529845586536
2,4.154076041839615,34.268643127,137.73911039410004,11.673196589075829
2,3.944877967790138,28.037980710000006,143.13205807789814,16.409310901129302
2,4.4263655985389345,34.268638074999856,144.50334178382116,15.602673427056914
2,4.052797609164869,42.230045066,139.77875086425445,12.963816547591634
2,3.978084011290055,14.884363860000192,140.9195667204425,8.193132058077907
2,3.2027228955669935,19.384283245999917,142.86702005070293,17.273565337635404
2,4.198904200564503,22.153466242999936,138.5687946531459,8.216178843051381
2,4.5259837290386855,23.538053840000128,148.74395021894446,7.513251901359752
2,4.032873983064918,29.42257241000001,143.28186218022586,8.999769532150253
2,3.6194587414909516,18.69198724500004,145.8285319197972,12.595067988015671
2,3.7971110742155076,32.191755778000065,142.49827149112699,14.231389721133894
2,3.989706126515026,21.807318694000084,137.9926250288085,8.84996542982256
2,4.223808733189441,20.422726557999813,138.37289698087116,9.287854344318959
2,4.08434335048979,21.807318527999886,141.8068679419221,13.63217331182301
2,3.7423211024406444,13.499768047000106,139.46761926711224,8.412076515326106
2,4.7966129835630085,23.191915230000024,148.9974648536529,7.536298686333254
2,4.4778349659638055,29.076424136999787,135.1233002996082,7.835906890988696
2,4.459571642038852,24.230355359999983,148.88223092878542,6.418529615118672
2,4.8447617466378885,37.03782219999979,149.56211108550357,7.663056003687501
2,4.021251867839947,23.53805436999992,146.0474763770454,10.140585388338337
2,3.888427693840279,24.230353695999934,139.6058999769532,12.66420834293615
2,3.944877967790138,28.037980880999957,135.59575939156488,7.478681723899513
2,4.36825502241408,21.80731060999974,144.43420142890068,15.39525236229548
2,3.9249543416901878,19.03813559199996,134.33970961050935,8.746254897441816
2,4.728540594388179,18.34583694999975,149.18183913344086,6.856418529615098
2,4.393159555039017,39.80701404999981,144.54943535376813,6.360912652684931
2,4.4462892246388845,27.34568533000012,145.7824383498502,8.193132058077879
2,4.386518346339034,24.92264914200001,141.5418299147269,7.432588153952537
2,5.0838452598372905,34.26864190000017,146.05899976953216,8.584927402627358
2,4.552548563838619,48.11455596999997,147.33809633556118,7.928094030882676
2,3.2923792130167695,20.076578755000018,133.64830606130445,6.5913805024199235
2,3.6344014610659143,27.345684489999964,140.27425674118462,12.860106015210889
2,4.617300348663457,30.46101358999992,148.34063148190828,7.0407928094030865
2,3.966461896065084,20.07657940999996,143.66213413228854,11.834524083890301
2,4.2869002158392835,21.11502284800004,136.9670430974879,11.10855035722517
2,4.642204881288395,27.34568516000013,148.81309057386494,10.958746254897449
2,5.221650340361946,31.153310620000013,147.0039179534455,10.209725743258815
2,4.550888261663623,30.461016379999954,146.05899976953216,7.259737266651314
2,3.758924124190603,14.884360615999986,136.5176307905047,12.260889605899962
2,3.594554208866014,17.65354363100005,139.07582392256282,12.975339940078385
2,4.2802590071393,27.691833262999953,141.55335330721363,12.802489052777105
2,4.132492113564669,18.69198670499998,143.15510486287164,15.844664669278643
2,4.027893076539931,16.615104339999935,142.8324498732427,6.32634247522472
2,4.086003652664785,38.422417892,142.57893523853423,16.213413228854577
2,3.90004980906525,41.53774911699992,139.202581239917,10.935699469923918
2,3.405279760916487,30.807164071000035,142.406084351233,15.395252362295466
2,3.9166528308152087,30.807164186999884,136.73657524775294,9.426135054159943
2,5.062261331562345,26.65339349000012,140.68909887070754,10.036874855957592
2,4.482815872488794,17.999691908999885,148.45586540677576,11.569486056695098
2,4.529304333388677,29.768715880000016,144.66466927863564,6.787278174694649
2,4.341690187614146,39.114714172999996,141.65706383959437,7.409541368979006
2,4.8447617466378885,22.499619109999923,148.34063148190828,7.006222631942848
2,4.283579611489292,29.076424842000012,135.18091726204196,7.570868863793507
2,3.5364436327411592,19.384283145000012,135.31919797188291,6.660520857340373
2,3.8435995351153913,21.461170517999978,134.90435584236,8.031804563263435
2,4.748464220488129,30.11486539000005,149.02051163862643,8.008757778289947
2,3.90004980906525,32.53790338499998,143.24729200276562,15.210878082507492
2,3.813714095965466,24.576501183000005,146.57755243143583,10.290389490666058
2,3.9415573634401464,34.96093915900007,137.71606360912654,9.656602903894907
2,3.6011954175659975,19.03813495199996,135.89536759622032,8.907582392256273
2,3.674248713265815,25.26879799400007,135.33072136436968,6.51071675501268
2,3.458409430516354,16.961247056999916,138.97211339018207,7.490205116386278
2,4.773368753113067,27.69182824000002,149.50449412306983,8.665591150034572
2,3.8618628590403454,19.73043040000004,136.2525927633095,7.755243143581453
2,3.572970280591068,19.038135117999953,132.53053699008987,6.856418529615112
2,4.285239913664287,22.499614176000048,144.37658446646694,16.443881078589556
2,4.487796779013781,25.614945696000103,146.50841207651533,11.696243374049345
2,3.958160385190105,42.57618943499991,139.6980871168472,12.283936390873478
2,4.6969948530632575,26.307241351000016,143.22424521779212,14.807559345471304
2,3.77220654159057,37.38397408999977,141.49573634477989,12.917722977644615
2,4.349991698489125,19.730425230000126,148.57109933164324,8.239225628024883
2,3.9100116221152255,24.230353524999984,138.49965429822538,9.19566720442495
2,4.627262161713432,60.22973942999998,141.06937082277022,15.948375201659374
2,3.5115391001162215,14.538212078000072,135.30767457939618,6.752707997234381
2,4.504399800763739,43.960782850000214,148.07559345471307,7.12145655681033
2,4.061099120039848,29.422572508999988,138.64945840055313,8.515787047706851
2,4.969284409762577,29.07642181999986,146.99239456095873,13.297994929707272
2,4.253694172339366,49.153002898000004,144.3996312514404,11.938234616271018
2,3.5298024240411756,30.80716435700008,141.00023046784972,15.579626642083426
2,3.881786485140296,23.88420583600004,141.99124222171008,13.125144042406077
2,3.991366428690022,20.76887488900003,137.72758700161327,9.03433970961052
2,3.758924124190603,15.576655517000118,143.63908734731504,15.579626642083412
2,3.6410426697658975,16.61509952300008,141.05784743028346,16.420834293616025
2,4.213846920139465,21.461170991999982,143.23576861027888,15.683337174464185
2,3.8269965133654327,14.538212247000025,142.3830375662595,13.90873473150495
2,4.152415739664619,20.422727066000053,140.70062226319428,15.00345701774603
2,4.291881122364271,26.653388993000057,136.02212491357454,7.144503341783803
2,4.0195915656649515,17.999691102000003,143.6736575247753,11.488822309287883
2,4.838120537937905,28.73027590999985,147.49942383037566,11.143120534685409
2,4.022912170014943,22.49961421999999,136.42544365061073,8.054851348236923
2,3.8801261829653,17.307395393999986,133.69439963125146,7.421064761465786
2,3.9266146438651837,35.653234602999945,144.36506107398017,19.42843973265728
2,4.242072057114395,19.03813483199998,137.86586771145426,10.175155565798576
2,4.243732359289391,27.34568421500008,144.8490435584236,15.09564415764001
2,4.444628922463889,25.961093268999925,138.05024199124222,6.971652454482609
2,4.1192096961647025,23.191909882999962,142.79787969578243,16.09817930398708
2,4.359953511539101,40.15316120999979,138.75316893293385,9.115003457017735
2,3.9149925286402127,30.807167962000058,138.7185987554736,10.578474302834763
2,3.35215009131662,25.268798101999998,139.89398478912193,12.525927633095208
2,4.2387514527644035,35.30708861000014,144.33049089651993,17.722977644618567
2,3.9100116221152255,25.614945413000022,142.06038257663056,16.6282553583775
2,3.5347833305661633,19.730431610000057,134.36275639548282,8.06637474072366
2,3.923294039515192,23.191909664000004,142.23323346393178,14.254436506107396
2,4.539266146438652,26.653387209999988,147.5570407928094,10.659138050241978
2,3.7340195915656653,15.922801920000145,138.30375662595065,7.259737266651285
2,3.8552216503403622,21.807316360000076,137.07075362986862,7.3404010140585285
2,4.42802590071393,28.730276770000046,142.29085042636552,8.389029730352604
2,3.614477834965964,24.576501943000054,136.79419221018668,10.463240377967267
2,3.79213016769052,27.345685580999962,146.2318506568334,17.331182300069145
2,4.130831811389673,15.57665603899999,143.99631251440422,13.159714219866316
2,4.34833139631413,25.268797492999926,143.24729200276562,9.356994699239465
2,3.9631412917150923,20.07657908200004,137.9926250288085,10.129061995851615
2,4.65216669433837,25.268792850000192,148.1332104171468,9.633556118921433
2,3.98804582434003,15.576656038999921,136.56372436045172,10.935699469923932
2,4.162377552714594,20.422728449999703,147.30352615810094,8.665591150034544
2,3.79213016769052,15.922803415000102,135.68794653145886,10.958746254897434
2,3.96812219824008,24.230353778000033,146.63516939386955,18.737036183452403
2,3.9731031047650673,24.23035312500002,136.31020972574325,8.711684719981548
2,3.813714095965466,24.230353166,136.49458400553124,9.817930398709379
2,4.436327411588909,19.730431001999946,145.20626872551279,11.546439271721596
2,4.540926448613648,20.42272634800002,144.6300991011754,16.88176999308598
2,3.9847252199900387,32.191755007,143.17815164784514,14.888223092878548
2,3.989706126515026,30.807158249999688,139.54828301451948,6.844895137128361
2,3.9531794786651173,28.38412888800018,142.77483291080895,14.358147038488141
2,4.2271293375394325,18.345838791000016,140.78128601060152,12.883152800184376
2,3.504897891416238,26.999537277000023,135.65337635399862,9.64507951140817
2,3.9946870330400137,21.461170671999984,141.57640009218716,10.855035722516732
2,4.041175493939897,24.57650218399998,145.57501728508873,11.304448029499895
2,3.8950689025402627,21.46117065000008,141.50725973726665,8.458170085273082
2,4.253694172339366,27.69183317499993,143.06291772297763,10.705231620188954
2,3.3172837456417072,19.03813485699998,138.21156948605667,8.757778289928524
2,4.261995683214345,19.384286639999857,149.49297073058307,7.6400092187139705
2,3.9050307155902377,26.307242829999854,137.79672735653378,12.986863332565122
2,4.311804748464221,22.499614114999954,140.40101405853883,7.156026734270569
2,4.270297194089324,31.499459532999886,141.77229776446185,14.081585618806173
2,3.9166528308152087,51.22989104399983,137.38188522701083,10.267342705692542
2,3.2110244064419726,19.730430746000003,144.72228624106938,15.291541829914735
2,4.1075875809397315,28.037981057000003,145.92071905969118,13.72436045171699
2,3.9515191764901214,19.73043121099999,144.3996312514404,17.26204194514864
2,4.225469035364437,21.46117061100003,138.53422447568565,8.75777828992858
2,4.396480159389009,19.384287760000063,144.88361373588384,13.33256510716754
2,3.9183131329902046,31.15331207799998,134.75455174003227,8.769301682415303
2,3.778847750290553,19.73043153500005,138.86840285780133,11.823000691403536
2,4.335048978914163,24.57650132400013,142.0949527540908,10.947222862410683
2,3.911671924290221,22.153468124000014,143.03987093800416,6.810324959668122
2,3.8502407438153745,26.653389193000002,144.35353768149344,10.175155565798576
2,4.398140461564005,23.538057743000135,143.6736575247753,13.609126526849508
2,4.829819027062926,35.65323369999998,148.07559345471307,13.20580778981332
2,4.125850904864686,20.076579231999986,140.0783590689099,9.426135054159943
2,3.913332226465217,25.961092873000023,141.8760082968426,12.66420834293615
2,3.660966295865848,28.037982969999902,143.3625259276331,14.070062226319436
2,4.305163539764237,24.576501502999864,136.6559115003457,10.19820235077205
2,4.613979744313466,26.999531529999924,146.16271030191288,5.796266420834286
2,3.4252033870164373,31.499459961999985,137.33579165706385,11.45425213182763
2,4.454590735513864,30.11486887899997,139.22562802489054,12.940769762618132
2,4.316785654989208,25.961089449999946,142.9361604056234,15.291541829914735
2,3.991366428690022,33.23019939199999,142.12952293155107,11.557962664208361
2,4.713597874813217,23.191908319999953,148.42129522931552,5.84235999078129
2,3.4202224804914496,27.691832779999924,133.25651071675503,6.937082277022384
2,4.730200896563175,24.230357059999847,148.28301451947453,9.748790043788887
2,4.391499252864022,22.15346649500002,146.7158331412768,14.173772758700153
2,3.783828656815541,24.23035384399988,140.53929476837982,7.179073519244071
2,3.669267806740827,18.69198765199996,139.95160175155564,9.691173081355117
2,4.2802590071393,36.691678835999994,146.85411385111777,13.701313666743488
2,4.185621783164536,31.845607760999926,145.03341783821156,9.610509333947903
2,4.715258176988212,22.84575524000007,144.08849965429823,7.593915648766995
2,3.981404615640047,22.499614635999933,139.54828301451948,10.820465545056493
2,4.089324257014777,22.15346596500002,142.07190596911732,16.317123761235308
2,4.901212020587748,48.114559549999875,145.0910348006453,14.415764000921882
2,4.610659139963474,21.46117173999998,150.23046784973496,10.83198893754323
2,4.311804748464221,22.84576418000006,145.45978336022125,6.453099792578939
2,3.503237589241242,38.076269965000016,141.25374510255818,13.390182069601295
2,4.529304333388677,24.92264889999998,145.67872781746948,8.331412767918891
2,4.648846089988378,35.99937633000011,149.82714911269878,6.591380502419895
2,4.788311472688029,33.576351140000014,145.3560728278405,9.414611661673177
2,3.768885937240578,13.153620202000019,143.96174233694398,18.41438119382346
2,4.349991698489125,24.576501711999974,146.65821617884305,16.685872320811256
2,3.7971110742155076,33.92249526000007,144.76837981101636,17.14680802028117
2,3.793790469865516,23.884205865999927,136.69048167780596,10.059921640931108
2,3.9100116221152255,28.03798027900005,140.75823922562802,11.557962664208333
2,3.9315955503901714,22.84576191000004,141.24222171007145,11.431205346854114
2,3.549726050141126,23.538058376000105,138.90297303526157,11.742336943996307
2,3.4982566827162547,19.730431044999996,135.92993777368056,7.60543904125376
2,3.4982566827162547,17.307395437000036,141.26526849504495,14.991933625259279
2,3.4351652000664123,24.92264976299993,140.942613505416,13.159714219866345
2,4.049477004814877,26.30724121400002,146.03595298455866,17.28508873012214
2,4.203885107089491,21.80731844799992,142.02581239917032,11.511869094261357
2,3.700813548065748,25.96109351799991,143.40861949758008,18.27610048398246
2,4.245392661464387,16.26895158199998,134.44342014289006,8.077898133210411
2,4.257014776689358,37.73012241300007,139.8133210417147,12.272412998386727
2,3.846920139465383,16.961247567000083,136.54067757547824,9.368518091726216
2,4.40810227461398,28.73027451000001,147.22286241069372,9.725743258815413
2,4.323426863689192,25.614944813999866,135.91841438119383,10.659138050241992
2,4.369915324589075,22.153466566999928,141.2998386725052,14.415764000921882
2,4.03619458741491,24.576501973000013,142.07190596911732,13.251901359760325
2,5.082184957662295,23.884205827999978,144.04240608435123,9.748790043788887
2,3.870164369915325,21.115022595999953,137.4740723669048,12.860106015210874
2,3.989706126515026,34.61479081500004,147.37266651302144,12.191749250979484
2,4.022912170014943,16.268951556000083,135.57271260659138,6.683567642313903
2,3.8253362111904368,32.53790320199991,138.29223323346395,8.49274026273335
2,3.5464054457911343,16.268951498999982,135.53814242913114,9.368518091726216
2,4.733521500913167,28.730277021999928,145.54044710762847,18.587232081124654
2,4.715258176988212,24.2303510700001,145.95528923715142,10.555427517861261
2,4.56417067906359,39.46086044500016,142.7633095183222,18.160866559114993
2,3.478333056616304,22.84576141900002,140.0553122839364,14.127679188753163
2,4.027893076539931,19.384281650000055,144.4918183913344,10.186678958285313
2,3.9183131329902046,30.807164401999984,136.47153722055774,10.324959668126297
2,3.9266146438651837,22.4996147949999,139.82484443420142,11.488822309287855
2,3.9083513199402296,29.076416809999948,141.59944687716063,14.600138280709842
2,4.132492113564669,24.922642529999898,145.06798801567183,10.22124913574558
2,4.562510376888594,22.845768659999763,148.3752016593685,7.536298686333254
2,4.464552548563839,26.30724171700002,145.2293155104863,12.272412998386727
2,3.9365764569151587,17.999690856999873,139.89398478912193,7.432588153952537
2,5.254856383861863,67.84498668999994,147.56856418529617,10.059921640931123
2,4.91615474016271,23.88420602999999,148.02949988476607,7.582392256280258
2,4.293541424539266,19.038135071999946,144.5840055312284,7.294307444111553
2,3.9149925286402127,32.19175537100008,136.47153722055774,10.382576630560038
2,4.34833139631413,24.2303578200001,148.19082737958055,19.981562572021204
2,4.361613813714096,19.73043185999973,148.0064530997926,6.1073980179765215
2,4.135812717914661,38.76856606399998,146.54298225397557,14.634708458170081
2,3.782168354640545,24.922653229999675,137.17446416224936,10.336483060613034
2,3.5231612153411924,20.422726464000146,142.8900668356764,15.556579857109924
2,4.799933587913,31.845600229999935,145.79396174233693,9.691173081355146
2,4.071060933089822,23.884206313000004,137.43950218944457,8.089421525697162
2,3.890087996015275,27.345684870000024,143.48928324498732,15.233924867480965
2,3.8535613481653663,35.307086899000055,135.37681493431666,8.988246139663516
2,3.328905860866678,22.84576200000006,137.18598755473613,10.048398248444357
2,3.5530466544911175,19.03813485599995,137.6123530767458,8.135515095644166
2,4.600697326913498,40.15315694000002,148.1793039870938,12.410693708227683
2,3.9847252199900387,28.73027695000002,136.64438810785896,8.30836598294539
2,3.7174165698157067,28.730276925000087,134.73150495505877,6.545286932472919
2,4.240411754939399,26.99954051999978,149.0666052085734,14.415764000921854
2,4.484476174663789,29.76872092200003,145.1601751555658,12.790965660290396
2,3.8386186285904036,21.115022794000044,134.13228854574785,8.342936160405614
2,3.7174165698157067,29.4225744099999,139.11039410002303,7.236690481677783
2,3.2907189108417736,28.384128264999987,133.69439963125146,7.46715833141279
2,3.4235430848414414,22.499614263000037,140.66605208573404,14.473380963355623
2,3.659305993690852,28.037980635000068,138.82230928785435,11.269877852039656
2,3.7522829154906194,23.191910119,139.202581239917,12.14565568103248
2,4.394819857214014,14.538212368999936,139.54828301451948,14.38119382346163
2,3.7871492611655326,21.807318728999935,140.73519244065454,8.734731504955079
2,4.791632077038021,29.7687231300002,143.86955519705,8.181608665591142
2,4.452930433338868,43.960784425000064,137.04770684489515,10.036874855957606
2,4.293541424539266,22.15346627900003,137.31274487209035,9.564415764000927
2,5.470695666611324,29.76872231000016,149.55058769301684,6.4991933625259435
2,3.365432508716587,20.422726644000118,134.46646692786356,8.400553122839355
2,4.1872820853395325,18.69198752399992,139.47914265959898,12.883152800184376
2,4.633903370413416,32.191756116000114,138.73012214796037,7.962664208342943
2,3.4882948696662797,34.96093907000009,137.50864254436505,10.589997695321486
2,4.42802590071393,25.96109304899993,139.21410463240377,13.009910117538595
2,4.433006807238918,39.80700961000005,139.433049089652,9.541368979027425
2,3.868504067740329,17.653543798000076,143.37404932011984,9.299377736805724
2,4.301842935414245,28.730276629999953,138.7646923254206,9.06890988707076
2,3.8369583264154077,25.96109319199999,139.6750403318737,8.342936160405628
2,2.996845425867508,30.114868793000014,139.7211339018207,14.623185065683344
2,3.274115889091815,18.345838975000124,134.90435584236,8.607974187600831
2,4.026232774364935,25.961092844000028,139.61742336943996,10.53238073288776
2,3.966461896065084,28.730276343000085,137.96957824383497,10.05992164093108
2,4.17233936576457,34.26864059000001,143.96174233694398,17.35422908504262
2,3.714095965465715,21.461172400000088,143.9386955519705,16.685872320811256
2,3.677569317615806,22.153472040000175,137.8543443189675,7.755243143581453
2,4.160717250539599,25.61494542600004,141.5418299147269,10.797418760082962
2,3.8983895068902545,22.845762047999997,137.5201659368518,9.956211108550363
2,3.8253362111904368,21.115022533999966,144.0769762618115,16.916340170546235
2,4.220488128839449,20.07657898299986,143.915648766997,11.753860336483058
2,3.5181803088162047,22.15346640199997,143.53537681493432,17.561650149804123
2,3.4999169848912506,18.345839116000043,132.7494814473381,7.109933164323593
2,4.751784824838121,23.538059510000014,149.56211108550357,6.095874625489756
2,4.874647185787814,28.037975240000065,149.3316432357686,7.928094030882704
2,4.081022746139798,24.57650148000007,145.02189444572483,15.556579857109938
2,3.383695832641541,21.115022008000167,139.11039410002303,11.834524083890287
2,4.491117383363773,25.61494553999996,136.7020050702927,7.052316201889823
2,3.265814378216836,16.615099521000015,142.1410463240378,15.01498041023278
2,3.758924124190603,25.268797200999963,134.2129522931551,8.792348467388805
2,4.690353644363275,16.26895329000011,143.15510486287164,6.545286932472948
2,4.198904200564503,28.73027664899996,136.49458400553124,9.380041484212953
2,3.8253362111904368,26.30724133900003,144.6416224936621,13.459322424521758
2,4.891250207537772,21.461172190000017,145.74786817238996,6.245678727817477
2,3.647683878465881,25.614945798999866,134.5240838902973,7.017746024429584
2,4.092644861364769,26.999541349999877,148.8707075362987,11.719290159022847
2,3.86020255686535,20.07657922300003,144.5609587462549,15.256971652454467
2,3.98804582434003,26.999537595000024,139.57132979949296,12.71030191288314
2,3.888427693840279,22.84576226899995,139.6519935469002,10.336483060613034
2,4.061099120039848,19.038134650000078,140.28578013367135,15.10716755012676
2,4.120869998339698,50.88374271900002,142.39456095874624,14.554044710762838
2,3.8519010459903704,26.65338971900001,143.97326572943075,16.247983406314816
2,5.213348829486967,38.42241317999997,150.63378658677112,10.636091265268476
2,3.680889921965798,20.07657864800005,134.2359990781286,7.017746024429599
2,4.052797609164869,38.422418004000065,141.4265959898594,9.541368979027425
2,4.431346505063922,25.268797328000037,132.51901359760313,7.732196358607979
2,4.579113398638553,56.76825728500007,144.34201428900667,17.815164784512532
2,3.873484974265317,24.23035401000001,141.86448490435583,14.600138280709828
2,3.504897891416238,20.07657898300007,134.4779903203503,8.193132058077893
2,3.6958326415407607,17.999691274000057,133.5215487439502,6.856418529615112
2,5.339531794786652,35.30708821000011,150.7951140815856,9.633556118921405
2,4.08434335048979,29.768720688999952,141.25374510255818,11.062456787278165
2,4.351652000664121,25.961093500000143,141.39202581239917,14.33510025351464
2,3.6111572306159725,32.191755574000055,141.4726895598064,16.247983406314816
2,3.9548397808401132,34.61479114399993,139.87093800414843,9.817930398709393
2,3.8402789307653995,29.768720150000064,144.50334178382116,17.411846047476388
2,4.700315457413249,33.576340980000225,144.37658446646694,9.64507951140817
2,3.9166528308152087,20.768874625999853,140.70062226319428,12.779442267803645
2,4.061099120039848,37.383974579999894,141.5648766997004,11.926711223784281
2,5.513863523161215,37.73012134000012,151.4058538833833,8.896058999769565
2,4.130831811389673,24.92264959200005,133.9940078359069,8.435123300299608
2,3.7057944545907358,20.07657921699997,134.22447568564183,8.089421525697148
2,4.228789639714428,28.730281030000107,150.2880848121687,7.916570638395939
2,4.215507222314462,35.653235230000135,145.7363447799032,15.37220557732195
2,3.4766727544413087,18.69198782000002,142.6019820235077,14.162249366213388
2,3.802091980740495,17.999691802999955,138.93754321272183,7.686102788660975
2,3.483313963141292,21.46117098499989,138.1193823461627,11.811477298916785
2,4.130831811389673,23.884201810000086,145.86310209725744,7.8820004609357
2,3.9631412917150923,16.96124751700001,142.406084351233,17.354229085042647
2,4.200564502739499,17.653542795000032,139.53675962203275,7.547822078820019
2,4.167358459239582,29.768719934999893,135.80318045632634,8.354459552892365
2,3.966461896065084,29.422572712000104,134.12076515326112,7.951140815856192
2,4.386518346339034,26.653388904999964,145.12560497810557,8.527310440193617
2,4.47617466378881,42.922344369999976,149.26250288084813,7.1905969117308075
2,3.7240577785156903,21.115022798000037,136.49458400553124,7.640009218713999
2,4.222148431014445,24.576501627000116,140.6775754782208,8.066374740723688
2,4.592395816038519,33.23020431000009,149.2048859184144,12.145655681032508
2,4.154076041839615,22.499613964000048,143.23576861027888,11.604056234155365
2,3.5231612153411924,20.768874585000013,140.02074210647615,12.007374971191524
2,4.414743483313964,35.30708260000001,146.9578243834985,8.780825074902026
2,4.233770546239416,24.576504480000036,148.05254666973957,5.104862871629422
2,4.086003652664785,25.268797124000027,135.33072136436968,8.58492740262733
2,3.6759090154408107,25.961093079999998,142.48674809864025,12.364600138280736
2,4.530964635563673,26.99953711900002,145.7593915648767,13.2979949297073
2,3.7390004980906526,17.999691790000007,141.12698778520397,14.25443650610741
2,3.856881952515358,20.422726963000013,143.27033878773912,14.33510025351464
2,3.893408600365267,24.230353586000078,134.73150495505877,9.011292924637004
2,3.6410426697658975,17.6535443100001,141.4496427748329,10.613044480295002
2,3.998007637390005,23.884205270000013,143.4316662825536,5.876930168241557
2,4.364934418064088,24.230359679999896,142.87854344318967,8.64254436506107
2,4.066080026564835,40.499305079999964,148.62871629407698,12.572021203042198
2,4.670430018263325,30.46101214999999,146.9578243834985,11.765383728969795
2,4.660468205213349,28.03798078700001,143.44318967504032,13.862641161557946
2,4.418064087663955,23.88420584999995,147.06153491587924,7.893523853422437
2,4.630582766063424,32.191758910000146,145.425213182761,7.905047245909202
2,3.9648015938900882,23.538057731999906,144.41115464392718,16.317123761235308
2,4.052797609164869,28.037980367000003,137.18598755473613,11.465775524314367
2,4.027893076539931,27.69183341699996,137.07075362986862,10.267342705692528
2,3.7639050307155903,27.691832907999967,138.66098179303987,12.537451025581916
2,3.96812219824008,25.614944919000042,135.4113851117769,8.492740262733335
2,4.160717250539599,25.268797857000077,143.42014289006684,15.452869324729207
2,4.05611821351486,18.345838490000098,139.4100023046785,6.6489974648536645
2,3.6659472023908353,35.999375530000044,143.1205346854114,14.507951140815862
2,3.90004980906525,22.499614115999986,134.29361604056234,7.78981332104172
2,3.986385522165034,23.19190975299999,143.86955519705,12.860106015210874
2,3.9963473352150096,24.576501979999968,145.65568103249598,11.419681954367377
2,3.6061763240909848,18.691987385000136,135.87232081124682,7.97418760082968
2,3.8054125850904867,14.538211788999929,136.63286471537222,8.677114542521338
2,4.383197741989043,27.345685273999845,139.34086194975802,9.091956672044262
2,4.170679063589573,22.49961393999994,147.94883613735882,10.152108780825046
2,3.9166528308152087,32.19175517400009,134.996542982254,8.688637935008089
2,4.125850904864686,25.268795490000077,146.19728047937312,9.748790043788887
2,3.8303171177154245,22.15346694800002,144.22678036413922,8.469693477759876
2,3.677569317615806,19.03813536099995,135.42290850426366,7.55934547130677
2,4.532624937738669,42.92234122600005,139.6750403318737,11.10855035722517
2,4.607338535613482,17.653543027000076,141.06937082277022,11.454252131827616
2,4.361613813714096,24.576497320000083,147.5339940078359,9.426135054159943
2,4.4579113398638555,25.614947220000126,141.01175386033648,8.458170085273082
2,4.595716420388511,30.461016131999862,147.87969578243835,11.77690712145656
2,4.255354474514362,33.92249871000008,144.5840055312284,14.000921871398958
2,3.360451602191599,16.615099610000073,140.3203503111316,13.401705462088032
2,5.078864353312303,39.460864910000055,147.23438580318046,10.578474302834763
2,4.562510376888594,25.96109269800001,135.28462779442268,8.965199354690029
2,4.791632077038021,28.384129000000033,146.41622493662135,6.914035492048868
2,3.991366428690022,19.730430740000013,139.27172159483752,9.40308826918644
2,4.275278100614313,31.499459882999986,135.13482369209495,7.179073519244071
2,4.0594388178648515,22.15346624700007,144.44572482138742,13.436275639548285
2,4.876307487962809,25.614941619999943,148.68633325651072,7.144503341783832
2,5.108749792462229,40.499305912000125,145.63263424752247,15.591150034570177
2,4.389838950689025,38.42241757599993,135.31919797188291,8.515787047706823
2,3.6277602523659307,20.07657967300007,140.33187370361836,14.646231850656847
2,3.7290386850406776,19.384282933999906,142.33694399631253,15.821617884305155
2,4.74016270961315,35.99937602999981,146.34708458170084,7.720672966121214
2,4.222148431014445,26.999537000000004,135.57271260659138,8.181608665591142
2,4.154076041839615,30.46101635099996,143.44318967504032,18.149343166628256
2,4.589075211688527,25.268797452000083,141.66858723208114,10.935699469923975
2,3.139631412917151,70.61418023000031,137.86586771145426,11.01636321733119
2,4.343350489789142,21.115022413999984,144.92970730583085,14.42728739340862
2,4.389838950689025,25.614945028000005,135.87232081124682,8.239225628024883
2,3.981404615640047,31.153311472999974,138.2346162710302,10.9702696473842
2,3.438485804416404,22.153466478999974,132.44987324268266,7.017746024429599
2,3.164535945542089,25.268797190999905,134.18990550818162,7.144503341783832
2,4.673750622613316,25.268797147000033,144.8720903433971,12.53745102558193
2,4.773368753113067,34.61479265999989,147.026964738419,6.925558884535633
2,3.6177984393159557,20.768874248,142.02581239917032,13.436275639548285
2,3.8303171177154245,26.653390440000145,138.7877391103941,9.979257893523851
2,4.369915324589075,28.730278379999888,146.53145886148883,5.715602673427071
2,5.1602191598871,36.345537480000075,150.10371053238075,7.570868863793493
2,3.979744313465051,44.653080490000065,136.88637935008066,10.082968425904568
2,4.149095135314628,14.884360169999944,136.81723899516018,12.099562111085518
2,3.7854889589905367,22.499614023000074,139.6058999769532,7.709149573634448
2,3.647683878465881,20.42272656200002,139.8133210417147,10.186678958285341
2,4.467873152913831,30.461017989999867,145.71329799492972,6.487669970039178
2,4.874647185787814,17.6535458999999,148.93984789121916,8.631020972574305
2,3.453428523991367,20.76887417800016,134.996542982254,6.75270799723441
2,3.5464054457911343,27.345685015000008,133.12975339940078,8.757778289928567
2,nan,nan,nan,nan
2,nan,nan,nan,nan
2,nan,nan,nan,nan
2,4.49609828988876,26.65338666999986,141.78382115694862,5.415994468771629
2,3.9498588743151255,27.34568471500012,136.88637935008066,8.688637935008046
2,3.9398970612651505,34.96093880600001,141.2767918875317,13.228854574786823
2,4.2271293375394325,28.730270909999575,144.2959207190597,8.077898133210425
2,nan,nan,nan,nan
2,nan,nan,nan,nan
2,nan,nan,nan,nan
2,5.2316121534119215,45.34537606999983,149.4238303756626,11.903664438810779
2,4.255354474514362,29.42256903000026,145.5980640700622,8.665591150034544
2,nan,nan,nan,nan
2,nan,nan,nan,nan
2,nan,nan,nan,nan
2,3.3870164369915328,26.30724197899989,133.95943765844663,5.923023738188505
2,4.152415739664619,25.961093701000053,144.22678036413922,10.209725743258844
2,3.679229619790802,21.807318495999997,134.67388799262503,7.835906890988696
2,nan,nan,nan,nan
2,nan,nan,nan,nan
2,4.403121368088993,25.61494530100003,145.05646462318506,10.83198893754323
2,nan,nan,nan,nan
2,5.042337705462394,39.1147165599999,148.50195897672273,8.815395252362265
2,4.03619458741491,27.69183242900014,138.0041484212952,9.668126296381644
2,3.96812219824008,21.11502372999993,143.14358147038487,14.784512560497802
2,nan,nan,nan,nan
2,nan,nan,nan,nan
2,4.668769716088328,37.73012541999992,143.6275639548283,7.593915648766995
2,nan,nan,nan,nan
2,nan,nan,nan,nan
2,nan,nan,nan,nan
2,5.0439980076373905,24.922646399999774,148.93984789121916,10.417146808020277
2,3.835298024240412,22.499615060000004,133.31412767918874,8.734731504955036
2,3.7323592893906694,30.114867750999988,144.45724821387415,11.765383728969795
2,4.91615474016271,32.537898659999726,149.18183913344086,12.502880848121663
2,4.449609828988876,21.461166439999957,144.6300991011754,16.420834293616053
2,4.512701311638718,19.03813549699998,143.02834754551742,12.364600138280736
2,4.608998837788477,22.15346648099997,142.7172159483752,13.0560036874856
2,3.846920139465383,19.038135398000144,138.70707536298684,10.993316432357673
2,4.522663124688694,31.153310010999938,145.0449412306983,8.089421525697162
2,4.567491283413582,34.268641669999845,147.01544134593226,12.018898363678261
2,3.7390004980906526,23.53805907999995,138.05024199124222,10.394100023046775
2,3.989706126515026,22.845761320000044,142.359990781286,7.478681723899513
2,3.77220654159057,23.884206239999926,140.0783590689099,11.016363217331161
2,3.6427029719408934,20.07657900000001,135.94146116616733,8.250749020511648
2,4.313465050639216,26.30724135300008,143.9847891219175,7.351924406545265
2,4.0793624439648015,22.49961403200003,139.26019820235078,10.670661442728743
2,3.9066910177652336,25.614945391999946,138.7185987554736,14.807559345471304
2,3.976423709115059,36.69168638,137.58930629177232,11.661673196589092
2,4.789971774863026,27.691837959999827,145.8861488822309,16.13274948144732
2,3.9100116221152255,23.53805414999993,139.84789121917493,8.135515095644166
2,4.265316287564337,31.153312418000024,137.73911039410004,7.052316201889852
2,4.540926448613648,19.38428255999991,148.8246139663517,12.92924637013138
2,4.205545409264486,23.53805810300008,144.44572482138742,15.15326112007375
2,4.001328241739997,18.691986889000088,136.2986863332565,8.481216870246598
2,3.4235430848414414,25.96109391000009,144.43420142890068,15.21087808250752
2,4.512701311638718,26.999537122999875,146.50841207651533,9.875547361143106
2,3.8236759090154413,38.07627153999987,137.79672735653378,11.477298916801132
2,4.069400630914827,16.61510018499998,142.32542060382576,16.53606821848352
2,4.524323426863689,23.88420572500008,141.7146808020281,12.618114772989173
2,3.649344180640877,24.576499889999713,140.2051163862641,13.482369209495275
2,3.7871492611655326,26.999537781999955,137.5432127218253,8.953675962203278
2,3.405279760916487,28.730285589999987,138.01567181378198,11.581009449181835
2,3.959820687365101,21.11502257099995,146.22032726434662,15.775524314358137
2,4.462892246388843,42.23004613999992,144.30744411154643,12.157179073519217
2,3.5148597044662133,15.576660429999915,137.4740723669048,7.225167089191046
2,4.47617466378881,29.76872007199982,144.8259967734501,14.369670430974878
2,3.3156234434667113,17.65354364700003,142.75178612583545,15.971421986632876
2,4.183961480989541,19.038135118000092,145.02189444572483,10.762848582622723
2,4.313465050639216,23.884206183000035,144.89513712837058,17.296612122608877
2,3.8236759090154413,17.653542971999975,137.80825074902052,8.573404010140592
2,4.10426697658974,34.614790459999845,140.98870707536298,8.838442037335767
2,4.271957496264321,26.30723702000015,146.05899976953216,11.77690712145656
2,4.730200896563175,25.614942800000204,148.60566950910348,6.303295690251218
2,4.65216669433837,25.96109104000002,145.90919566720441,9.115003457017735
2,3.4550888261663624,22.499614536000134,142.31389721133903,14.657755243143583
2,3.7439814046156403,18.69198731500002,142.03733579165709,14.657755243143598
2,4.145774530964636,15.230507513999887,135.60728278405162,11.48882230928784
2,4.836460235762909,27.691828669999527,148.39824844434202,5.047245909195681
2,3.981404615640047,23.88420589399989,137.6353998617193,8.100944918183927
2,3.9382367590901546,22.153466408999996,140.18206960129064,7.778289928554983
2,5.095467375062261,28.730276225999994,148.93984789121916,10.728278405162484
2,4.072721235264819,24.922649408000083,141.00023046784972,14.058538833832671
2,4.311804748464221,27.34568712999985,146.5545056464623,9.057386494583994
2,4.217167524489457,35.65323015000038,141.59944687716063,14.554044710762838
2,4.164037854889591,26.999537709999977,142.86702005070293,16.3862641161558
2,3.56798937406608,23.884206228999975,137.08227702235538,7.640009218713999
2,3.6974929437157567,48.80685568299986,133.51002535146347,7.640009218713985
2,4.813216005312968,33.92249606799985,146.78497349619727,11.53491587923483
2,3.9050307155902377,19.73043099200003,138.01567181378198,10.117538603364835
2,4.42802590071393,18.691987152999882,141.96819543673658,11.315971421986632
2,4.504399800763739,32.19176099999984,146.40470154413458,9.5874625489744
2,3.7257180806906858,14.538212655999942,141.55335330721363,15.291541829914706
2,4.152415739664619,23.19191016799976,140.6084351233003,11.281401244526393
2,4.853063257512868,32.88405070999978,147.98340631481906,7.5823922562802295
2,4.799933587913,38.07627071999969,147.70684489513712,10.68218483521548
2,4.364934418064088,21.461170616000057,136.07974187600828,6.902512099562102
2,4.359953511539101,23.191910010000036,147.74141507259736,11.627103019128839
2,3.788809563340528,17.653543485000032,136.1027886609818,7.2827840516247875
2,3.9747634069400632,28.037981018999986,139.53675962203275,9.73726665130215
2,4.057778515689856,23.538058734000053,139.42152569716524,7.1329799492970665
2,3.768885937240578,27.34568529699999,140.6084351233003,13.14819082737958
2,4.193923294039515,23.191909030000208,147.2689559806407,7.778289928554955
2,4.285239913664287,25.614945195999923,144.37658446646694,12.007374971191524
2,3.7639050307155903,19.384285949999857,133.82115694860568,7.858953675962212
2,4.877967790137806,32.53790415500002,146.92325420603828,11.511869094261385
2,4.489457081188776,30.114867460000053,144.11154643927173,7.144503341783832
2,3.68421052631579,18.34583987999988,138.7416455404471,6.7411846047476445
2,3.6875311306657816,24.57650770000014,140.8734731504955,14.312053468541137
2,4.042835796114893,23.538057762999898,135.22701083198893,7.202120304217573
2,3.6227793458409434,23.538057989999917,138.8799262502881,6.545286932472919
2,4.017931263489955,25.961093897000076,143.30490896519936,17.215948375201663
2,2.8955669931927615,21.461170528999997,134.0746715833141,9.126526849504472
2,4.102606674414743,23.884205525999818,138.22309287854344,8.58492740262733
2,3.9066910177652336,24.92264992799996,139.89398478912193,8.953675962203278
2,4.100946372239748,21.115022108999792,141.5418299147269,10.670661442728743
2,3.8170347003154577,21.807318148000032,141.5418299147269,10.486287162940755
2,4.569151585588577,25.961093075999862,145.517400322655,9.840977183682867
2,4.164037854889591,32.191755591,142.53284166858725,16.501498041023297
2,4.941059272787648,22.499618179999818,149.03203503111314,9.875547361143106
2,3.8751452764403123,20.42272399000011,146.3816547591611,11.085503572251667
2,4.710277270463225,26.99953817,148.8015671813782,6.430053007605437
2,3.8435995351153913,23.884205930000125,136.33325651071675,8.319889375432126
2,4.182301178814544,41.883896884000045,144.6416224936621,13.125144042406077
2,4.012950356964968,27.345685331999977,141.99124222171008,15.24544825996773
2,4.40810227461398,25.268797439000068,144.88361373588384,16.85872320811248
2,4.193923294039515,35.99938323100002,141.24222171007145,12.410693708227711
2,4.363274115889092,33.57634635000023,147.45333026042866,7.7321963586079505
2,3.966461896065084,20.768875271000088,136.1027886609818,9.437658446646694
2,4.341690187614146,33.23019892300001,147.40723669048168,19.163401705462093
2,3.6875311306657816,19.384282514999935,136.50610739801797,7.905047245909202
2,3.7506226133156235,23.88420647200004,142.49827149112699,12.249366213413225
2,3.5198406109912006,30.80716447899999,137.02466005992164,7.052316201889852
2,4.293541424539266,26.30724082600011,142.12952293155107,14.16224936621343
2,4.376556533289059,33.57634786999998,146.02442959207193,9.714219866328676
2,3.6410426697658975,19.384283551999932,136.89790274256742,9.87554736114312
2,3.8319774198904204,19.38428280699997,139.9170315740954,11.47729891680109
2,3.9249543416901878,23.191910202000063,134.2820926480756,7.939617423369441
2,4.534285239913665,29.768719783999778,144.90666052085734,12.076515326112002
2,3.6460235762908852,18.69198683199999,143.37404932011984,13.563032956902504
2,4.811555703137971,26.307242288000076,149.14726895598065,12.560497810555432
2,3.7406608002656485,19.038135546999985,141.13851117769073,13.263424752247076
2,4.361613813714096,25.96109390400003,145.94376584466465,15.164784512560487
2,3.8286568155404286,28.73027652899998,142.29085042636552,14.358147038488141
2,4.082683048314793,46.7299651399998,140.1244526388569,15.199354690020769
2,4.290220820189274,25.614945342999974,139.55980640700622,12.445263885687936
2,3.6277602523659307,32.88405212099998,137.69301682415303,10.509333947914271
2,4.046156400464885,16.615100072000093,138.52270108319888,11.730813551509556
2,3.7456417067906362,30.461016741999966,137.9465314588615,8.723208112468342
2,4.257014776689358,21.11502249500005,141.53030652224015,10.751325190135987
2,5.077204051137308,32.53790369999995,146.03595298455866,8.896058999769537
2,3.813714095965466,30.461015663999987,144.8490435584236,16.28255358377507
2,4.006309148264984,26.653389208999982,141.84143811938236,14.78451256049783
2,3.9498588743151255,33.576347496000054,138.4535607282784,10.336483060613034
2,4.067740328739831,21.46117428000027,146.39317815164785,11.650149804102313
2,4.290220820189274,29.422572216999953,144.90666052085734,19.163401705462093
2,3.380375228291549,15.576656408999925,134.24752247061537,7.663056003687501
2,4.467873152913831,30.11487392000009,142.9131136206499,7.167550126757305
2,4.0594388178648515,24.57650129800003,138.41899055081817,8.504263655220115
2,3.773866843765566,21.461170076,143.30490896519936,13.032956902512126
2,4.296862028889258,25.614946082000017,145.05646462318506,15.533533072136436
2,3.8967292047152586,25.268800140000046,146.30099101175387,13.102097257432575
2,4.437987713763905,19.7304305849999,137.45102558193133,9.126526849504529
2,4.628922463888428,26.999544580000034,144.79142659598986,6.4185296151187
2,4.222148431014445,35.653242280000164,146.41622493662135,6.729661212260879
2,3.868504067740329,39.114713655000045,134.96197280479373,7.559345471306756
2,4.114228789639715,27.691832614999967,141.91057847430284,14.116155796266412
2,3.563008467541093,22.845762215000093,135.5035722516709,7.882000460935714
2,3.2359289390669104,21.807318522999996,141.50725973726665,13.251901359760296
2,4.534285239913665,20.076578890000086,142.5674118460475,14.415764000921882
2,4.122530300514694,20.07657912199999,142.75178612583545,12.525927633095193
2,4.489457081188776,21.115021689999956,148.19082737958055,6.14196819543676
2,3.9548397808401132,23.191910358999962,141.94514865176308,15.510486287162934
2,4.057778515689856,32.53790409500002,142.7633095183222,13.989398478912193
2,3.8087331894404786,27.691833438999932,133.5215487439502,6.706614427287391
2,4.2802590071393,31.845606040000195,147.36114312053468,7.421064761465743
2,4.245392661464387,47.076115605000005,141.48421295229318,13.401705462088074
2,4.982566827162544,24.230354222999903,145.07951140815857,13.194284397326584
2,3.6974929437157567,43.61464000999987,142.8900668356764,18.979027425674104
2,3.7954507720405117,26.30724193600005,138.13090573864946,8.884535607282771
2,3.9731031047650673,33.23020265800003,143.48928324498732,11.511869094261357
2,3.782168354640545,29.42257243399991,138.8799262502881,13.966351693938705
2,4.290220820189274,22.84576262599994,141.99124222171008,14.991933625259293
2,4.540926448613648,44.65308051999989,146.17423369439965,14.749942383037592
2,3.846920139465383,20.422727404000028,136.413920258124,8.53883383268034
2,3.868504067740329,26.653389673,138.41899055081817,12.111085503572255
2,4.222148431014445,17.999691345000066,141.72620419451488,11.707766766536082
2,4.135812717914661,23.19190997300019,140.55081816086656,12.47983406314819
2,4.373235928939067,27.345681220000138,147.22286241069372,14.530997925789364
2,3.866843765565333,21.461171091000097,140.97718368287624,13.758930629177243
2,4.687033040013283,30.807165869999874,148.06407006222634,11.085503572251696
2,3.662626598040844,18.345839210999955,141.1846047476377,14.48490435584236
2,3.574630582766064,23.19190983699995,142.9131136206499,14.5194745333026
2,4.748464220488129,34.614790809999874,143.63908734731504,19.151878312975327
2,3.783828656815541,17.307395361000065,139.6980871168472,11.972804793731271
2,4.6936742487132666,33.576353720000114,147.9603595298456,9.022816317123755
2,4.291881122364271,20.07657861899999,146.49688868402856,18.552661903664415
2,3.886767391665283,27.345685585000027,141.55335330721363,15.141737727586985
2,3.8170347003154577,23.884201589999957,145.2523622954598,4.678497349619732
2,4.2271293375394325,30.461016074000007,144.81447338096336,11.212260889605886
2,3.5879130001660307,19.03813450899995,141.97971882922334,14.289006683567663
2,4.540926448613648,35.999383014999815,142.79787969578243,15.487439502189432
2,4.909513531462727,22.49961235999992,150.19589767227473,6.660520857340401
2,3.999667939565001,32.53790371300004,142.46370131366675,15.210878082507492
2,4.53594554208866,29.076427583999973,148.352154874395,13.72436045171699
2,3.679229619790802,19.730430904000144,134.84673887992625,7.294307444111553
2,3.9166528308152087,19.730430919000092,139.52523622954598,7.60543904125376
2,3.5464054457911343,20.07657959500003,136.7020050702927,7.847430283475461
2,4.243732359289391,20.076577809999968,147.5339940078359,9.16109702696474
2,4.303503237589242,26.307245339999838,149.53906430053007,6.222631942843975
2,4.242072057114395,24.230353484999966,138.37289698087116,8.435123300299608
2,4.594056118213516,25.96109178000003,143.90412537451024,6.867941922101835
2,4.160717250539599,28.38412874900005,136.73657524775294,8.135515095644166
2,4.517682218163706,47.76841095999989,147.92578935238535,7.928094030882704
2,4.814876307487963,25.961092930000124,144.65314588614888,12.018898363678261
2,4.530964635563673,30.461016294000068,146.4277483291081,15.798571099331667
2,4.263655985389341,38.422417431999975,146.5199354690021,18.402857801336722
2,3.6642869002158394,17.30739607600007,138.10785895367596,8.30836598294536
2,3.959820687365101,21.46117043000009,145.1371283705923,16.328647153722045
2,4.10426697658974,20.076578743000034,136.57524775293845,9.5874625489744
2,3.9747634069400632,24.230358250000027,139.01820696012905,7.006222631942848
2,3.981404615640047,17.999691501999965,138.90297303526157,9.253284166858691
2,3.672588411090819,26.307245129999767,141.38050241991243,13.194284397326584
2,4.089324257014777,23.884206245000094,135.9645079511408,8.031804563263421
2,3.3770546239415578,21.461174453999973,139.47914265959898,9.49527540908042
2,4.110908185289723,23.19190998900003,144.5148651763079,16.812629638165447
2,3.782168354640545,18.345839364000067,132.23092878543443,8.227702235538146
2,4.555869168188611,33.92249579699996,140.65452869324727,9.230237381885217
2,4.507720405113731,26.307241410000042,144.52638856879466,14.738418990550826
2,4.1391333222646525,34.26864361099999,136.49458400553124,10.474763770454032
2,4.444628922463889,23.88420581200007,138.7416455404471,8.64254436506107
2,4.132492113564669,23.538057850000097,141.73772758700161,14.48490435584236
2,3.8851070894902877,21.807318544000072,140.26273334869785,12.733348697856641
2,4.006309148264984,28.037982399999883,145.32150265038027,10.901129292463708
2,4.0594388178648515,24.922645690000078,143.45471306752708,8.665591150034572
2,4.682052133488296,29.422572099000107,142.23323346393178,11.834524083890301
2,4.1789805744645525,20.768874483000076,140.2051163862641,10.301912883152795
2,4.371575626764072,18.345838589999968,143.51233002996082,11.696243374049345
2,3.959820687365101,20.42272706500009,144.11154643927173,18.495044941230717
2,3.589573302341026,16.961248101999907,135.78013367135284,9.241760774371983
2,4.180640876639549,35.999386830000006,144.45724821387415,7.017746024429584
2,3.6974929437157567,25.61494538999995,135.22701083198893,11.07398017976493
2,4.51602191598871,27.69182972000017,149.9308596450795,7.328877621571792
2,3.4019591565664955,16.615099152000045,139.0066835676423,12.860106015210874
2,3.7639050307155903,25.26879403000004,144.45724821387415,9.414611661673177
2,4.902872322762743,27.34568519399974,146.85411385111777,13.597603134362743
2,4.2387514527644035,19.038135360000055,138.84535607282785,9.103480064530999
2,4.638884276938403,30.461016251000018,143.9386955519705,15.879234846738882
2,3.8535613481653663,35.307089539999694,141.7146808020281,14.749942383037578
2,4.901212020587748,30.46101612600008,145.52892371514176,10.394100023046803
2,3.657645691515856,21.115022262999936,143.09748790043787,13.88568794653142
2,4.418064087663955,30.114874529999916,147.43028347545518,6.971652454482609
2,4.315125352814213,26.999536763999963,145.94376584466465,8.331412767918863
2,4.93607836626266,36.34552587000017,151.15233924867482,9.03433970961052
2,3.913332226465217,36.691678838999955,140.06683567642312,12.088038718598739
2,3.8552216503403622,21.461166310000056,146.34708458170084,14.116155796266412
2,3.783828656815541,23.88420609700001,140.896519935469,9.760313436275652
2,4.12419060268969,29.422571959999836,146.30099101175387,9.1265268495045
2,4.03619458741491,21.46117096400002,137.58930629177232,8.873012214796063
2,5.319608168686702,35.99937706000006,149.50449412306983,8.435123300299608
2,4.14411422878964,21.11502238600002,144.6416224936621,17.676884074671577
2,3.700813548065748,17.653543507000006,138.82230928785435,12.180225858492747
2,3.986385522165034,24.23035376599991,147.34961972804794,14.796035952984539
2,4.721899385688196,34.61478831000009,146.3355611892141,9.115003457017735
2,4.155736344014611,34.268643284999925,139.27172159483752,8.342936160405628
2,3.4218827826664455,23.191909595999952,134.12076515326112,7.006222631942833
2,3.8203553046654495,14.192064943000098,140.64300530076054,5.853883383268027
2,4.240411754939399,22.499610949999887,147.64922793270338,9.1265268495045
2,3.981404615640047,26.99953766200011,140.3894906660521,11.50034570177462
2,4.507720405113731,41.88389656999997,142.19866328647151,9.322424521779197
2,4.041175493939897,16.615099498999975,139.70961050933394,11.892141046324028
2,4.512701311638718,21.80731933000016,144.96427748329108,9.045863102097258
2,3.782168354640545,24.576501384000053,145.07951140815857,12.952293155104883
2,4.305163539764237,33.230199432000006,137.69301682415303,9.714219866328648
2,3.888427693840279,32.5379031579999,142.37151417377277,14.600138280709857
2,4.706956666113233,27.691832149999982,145.20626872551279,9.817930398709365
2,3.858542254690354,23.191909953999833,138.4305139433049,9.840977183682867
2,3.9066910177652336,16.615099414999946,139.27172159483752,13.701313666743474
2,4.05611821351486,17.307395611000018,138.86840285780133,12.041945148651749
2,4.041175493939897,20.422727133000002,142.6711223784282,16.363217331182298
2,3.6393823675909016,14.192064936000003,132.9684259045863,6.418529615118672
2,4.638884276938403,23.191910490000105,147.97188292233236,8.815395252362322
2,3.8170347003154577,45.691523975000116,140.4471076284858,11.500345701774592
2,4.859704466212851,24.230356466000135,148.32910808942154,13.217331182300086
2,4.170679063589573,29.768722069999917,141.88753168932934,6.614427287393397
2,4.257014776689358,27.69182982000004,146.15118690942614,8.481216870246612
2,4.026232774364935,18.34583330999978,136.55220096796498,8.21617884305141
2,3.7091150589407276,21.115022185000107,136.37935008066376,6.9486056695091065
2,3.991366428690022,18.34583923899992,136.18345240838903,7.709149573634477
2,4.160717250539599,30.114871349999905,146.09356994699237,8.838442037335767
2,3.9183131329902046,25.96109368300001,141.080894215257,13.551509564415781
2,4.162377552714594,23.538058097000157,138.1193823461627,7.213643696704281
2,3.470031545741325,21.11502198699995,136.59829453791195,9.16109702696474
2,4.590735513863524,18.34584044000012,144.96427748329108,5.508181608665609
2,3.9332558525651673,23.53805738299998,141.91057847430284,14.61166167319658
2,4.305163539764237,20.076579175999917,142.98225397557042,12.72182530536989
2,4.341690187614146,24.92264982000003,148.09864023968657,11.557962664208333
2,3.465050639216338,17.653543117000027,143.27033878773912,14.507951140815862
2,4.041175493939897,19.730430435000027,139.27172159483752,11.811477298916799
2,3.788809563340528,24.576502071000093,143.8926019820235,10.808942152569728
2,3.7854889589905367,44.306932958999845,143.86955519705,16.547591610970258
2,4.190602689689523,24.576494830000073,146.13966351693938,5.773219635860784
2,4.0395151917649015,24.23034598999993,142.7402627333487,11.96128140124452
2,3.5563672588411093,16.268951796999872,133.7059230237382,7.30583083659829
2,4.175659970114562,31.153307329999933,146.75040331873703,5.554275178612585
2,3.682550224140794,29.768720491999964,133.84420373357918,8.17008527310442
2,4.240411754939399,33.57634754199999,144.66466927863564,15.187831297534018
2,3.637722065415906,26.65338913500008,135.25005761696244,7.962664208342943
2,5.452432342686369,23.88421122000023,150.14980410232772,9.933164323576847
2,4.193923294039515,21.807324830000056,148.32910808942154,8.861488822309298
2,4.26033538103935,22.845761664999976,139.6519935469002,12.249366213413225
2,4.414743483313964,23.53806230999997,148.34063148190828,6.960129061995843
2,3.7306989872156735,19.730422430000033,141.8299147268956,14.95736344779904
2,3.803752282915491,22.499614867000084,143.7427978796958,9.622032726434668
2,3.5065581935912338,18.345839075000065,141.12698778520397,9.748790043788887
2,3.5248215175161883,17.999690996,141.38050241991243,15.095644157640024
2,4.512701311638718,25.614942950000078,148.65176307905048,9.091956672044262
2,4.027893076539931,29.422568220000276,140.40101405853883,13.482369209495275
2,4.0793624439648015,34.96093604999986,146.2894676192671,10.34800645309977
2,4.134152415739665,32.88405107500003,139.73265729430744,11.269877852039627
2,4.273617798439316,20.422726313000098,140.14749942383037,11.235307674579389
2,3.6277602523659307,22.153466813000023,141.97971882922334,14.519474533302628
2,3.604516021915989,40.84544699999998,141.53030652224015,12.687255127909651
2,4.152415739664619,22.499614010000126,146.0705231620189,14.093109011292938
2,4.3201062593392,29.422579609999776,144.76837981101636,8.965199354690014
2,3.689191432840777,14.538212238000003,144.21525697165245,12.191749250979484
2,3.8319774198904204,21.80731850600005,135.1693938695552,7.616962433740497
2,4.459571642038852,30.114868095999988,140.4932011984328,11.984328186218022
2,4.08434335048979,20.076578905999995,137.6123530767458,11.673196589075815
2,3.594554208866014,18.345839441000003,134.10924176077435,7.605439041253732
2,3.856881952515358,25.961093322999922,144.61857570868864,17.215948375201663
2,4.295201726714263,25.614942839999877,150.44941230698316,6.60290389490666
2,4.555869168188611,16.961247934000056,141.05784743028346,11.246831067066125
2,4.014610659139964,22.499610100000233,143.5584235999078,10.8089421525697
2,4.137473020089657,61.26818303000006,140.18206960129064,9.115003457017764
2,4.8447617466378885,26.307246080000123,149.36621341322888,8.435123300299637
2,4.386518346339034,23.884203308000146,147.0039179534455,14.623185065683344
2,4.429686202888926,34.96093582800008,142.23323346393178,12.030421756164998
2,4.014610659139964,22.499614018000045,137.4740723669048,11.557962664208347
2,4.472854059438818,20.422726345000058,139.77875086425445,14.231389721133922
2,4.130831811389673,18.69198773399999,136.02212491357454,7.1329799492970665
2,4.4778349659638055,30.46101682400007,143.3625259276331,9.460705231620182
2,3.0184293541424543,17.65354399200003,132.63424752247062,6.46462318506569
2,3.8236759090154413,24.57650101100002,135.61880617653836,9.645079511408156
2,4.041175493939897,30.114869010000042,136.2525927633095,10.290389490666044
2,4.197243898389507,21.807321150000142,141.84143811938236,15.130214335100263
2,3.6974929437157567,17.307395657000026,141.62249366213413,16.639778750864252
2,3.7522829154906194,26.653389920999956,137.05923023738188,9.080433279557496
2,3.6177984393159557,22.845762172999937,137.04770684489515,8.965199354690043
2,4.398140461564005,28.730276717000013,144.3996312514404,13.263424752247062
2,3.672588411090819,28.384129354999953,137.86586771145426,8.469693477759847
2,3.4467873152913833,24.23035395299991,138.15395252362293,8.815395252362265
2,4.336709281089159,32.537896609999976,144.10002304678497,6.533763539986182
2,4.095965465714761,20.76887505400006,138.10785895367596,9.656602903894907
2,4.3068238419392335,28.730276669000077,141.8068679419221,13.539986171929002
2,4.017931263489955,42.92234215999974,144.3996312514404,16.259506798801567
2,3.959820687365101,23.5380611899999,137.13989398478913,10.025351463470841
2,3.6958326415407607,28.03798055100011,142.87854344318967,14.047015441345934
2,3.913332226465217,30.80716413499995,141.59944687716063,15.844664669278615
2,4.789971774863026,21.80731847299999,145.43673657524775,20.47706844895137
2,4.049477004814877,17.653543118000062,135.13482369209495,8.377506337865867
2,3.294039515191765,15.576656162000074,136.71352846277944,11.477298916801104
2,3.976423709115059,20.76887474200012,143.21272182530538,15.314588614888237
2,4.829819027062926,27.691832671999926,146.83106706614427,16.743489283244998
2,3.659305993690852,24.922649766999857,142.90159022816317,13.309518322194066
2,4.137473020089657,23.88420584999995,135.39986171929016,7.432588153952523
2,4.816536609662959,34.614792930000306,147.59161097026964,9.783360221249126
2,4.203885107089491,38.42241876000005,143.58147038488133,17.941922101866822
2,3.9747634069400632,18.69198708500004,136.1258354459553,7.686102788660975
2,4.200564502739499,31.15331137200014,145.55197050011523,14.48490435584236
2,4.230449941889424,23.191910617999937,139.39847891219173,7.086886379350062
2,5.029055288062428,21.461170680000112,147.17676884074672,15.107167550126775
2,3.690851735015773,23.53805837100001,141.66858723208114,7.628485826227262
2,4.876307487962809,23.884205000000158,148.28301451947453,7.478681723899513
2,5.030715590237423,26.999538039999965,146.92325420603828,11.350541599446899
2,3.934916154740163,26.307241609999988,133.7289698087117,7.69762618114774
2,4.5973767225635065,19.730426089999973,142.92463701313667,7.328877621571792
2,4.399800763739001,19.038135620000062,144.43420142890068,14.312053468541166
2,4.0793624439648015,34.96093852900006,142.50979488361372,13.171237612353053
2,4.741823011788146,26.653389536000077,142.92463701313667,10.048398248444357
2,4.2387514527644035,26.30724113499988,147.17676884074672,13.851117769071209
2,4.017931263489955,21.807318781000006,144.04240608435123,15.85618806176538
2,4.022912170014943,24.230353711000017,134.53560728278404,9.045863102097258
2,4.836460235762909,26.999533530000228,149.19336252592763,9.426135054159943
2,4.7966129835630085,26.653392399999948,148.90527771375892,7.2482138741645485
2,4.1590569483646025,13.153620749000103,137.71606360912654,11.915187831297544
2,4.3068238419392335,25.614945410999816,142.406084351233,14.496427748329111
2,4.017931263489955,18.34583957899996,143.59299377736804,18.414381193823445
2,3.9183131329902046,24.576502090000034,140.26273334869785,7.006222631942819
2,3.8618628590403454,32.19175558799997,138.25766305600368,11.48882230928784
2,4.285239913664287,18.691987238999978,144.1576400092187,11.408158561880612
2,3.747302008965632,25.26879795799998,142.4291311362065,13.528462779442265
2,5.397642370911506,22.845762434999944,146.3355611892141,12.940769762618118
2,4.021251867839947,22.84576276300007,138.97211339018207,6.11892141046323
2,3.9946870330400137,18.345839572999967,135.28462779442268,7.121456556810301
2,4.2271293375394325,18.34583939400003,139.90550818160867,9.541368979027425
2,4.791632077038021,34.61479199000028,149.4238303756626,6.199585157870473
2,4.472854059438818,25.268795449999992,147.0845817008527,11.258354459552862
2,4.120869998339698,17.307395848999985,138.52270108319888,4.874395021894429
2,3.4036194587414914,35.653234705999985,132.93385572712606,5.830836598294525
2,3.891748298190271,23.88420556000005,134.69693477759853,8.147038488130903
2,4.247052963639383,38.7685607499999,144.69923945609588,10.901129292463708
2,4.054457911339864,16.26895246499997,133.6828762387647,7.720672966121228
2,3.835298024240412,25.26879747499995,144.45724821387415,17.400322654989623
2,4.001328241739997,27.691831958000094,140.70062226319428,11.039410002304663
2,5.045658309812386,24.23035066000001,145.85157870477067,12.491357455634926
2,3.758924124190603,29.422572265000028,140.2281631712376,12.260889605899976
2,4.228789639714428,33.92249576399997,143.5584235999078,5.439041253745103
2,4.34002988543915,25.268796978999834,144.46877160636092,8.504263655220115
2,3.978084011290055,28.730276962000005,144.0308826918645,12.62963816547591
2,4.353312302839117,21.46117067699994,143.10901129292463,9.356994699239436
2,3.7257180806906858,30.461015240000055,141.92210186678957,16.58216178843051
2,4.680391831313299,21.461176139999925,147.0039179534455,6.960129061995843
2,4.818196911837955,24.5765015600001,142.77483291080895,5.600368748559589
2,3.846920139465383,16.96124698199991,141.4035492048859,6.937082277022341
2,4.356632907189109,31.153305340000102,143.51233002996082,9.138050241991237
2,4.6056782334384865,23.538058047000085,146.40470154413458,8.58492740262733
2,3.888427693840279,35.6532350399999,138.93754321272183,10.68218483521548
2,4.462892246388843,47.768411495999885,144.08849965429823,17.123761235307697
2,4.076041839614811,19.38428326399996,142.85549665821617,8.792348467388791
2,3.783828656815541,25.96109381700004,144.16916340170548,17.630790504724615
2,4.205545409264486,28.730278320000245,146.20880387185989,14.646231850656847
2,4.359953511539101,25.614939679999974,147.70684489513712,6.9486056695091065
2,3.8369583264154077,23.88420542899998,143.56994699239456,14.749942383037563
2,3.5879130001660307,18.691987808999997,137.42797879695783,5.646462318506565
2,3.7987713763905036,28.03798097099998,135.22701083198893,8.67711454252131
2,4.066080026564835,23.53805774499992,137.66997003917953,10.808942152569713
2,4.220488128839449,23.884206390000077,149.48144733809633,12.710301912883153
2,4.778349659638055,24.576496349999893,150.23046784973496,7.0984097718368275
2,3.783828656815541,28.037980588000096,145.74786817238996,11.627103019128839
2,3.559687863191101,25.268797518999964,136.2525927633095,11.44272873934085
2,3.923294039515192,31.499459790000003,144.1806867941922,14.865176307905045
2,4.590735513863524,37.38396915999975,143.08596450795113,15.222401474994243
2,4.36825502241408,23.538056019999917,149.85019589767228,6.072827840516254
2,5.223310642536942,34.614788329999925,147.74141507259736,7.467158331412747
2,4.257014776689358,31.84560795799998,134.2129522931551,8.100944918183913
2,3.8618628590403454,16.615099840999942,137.7621571790735,12.20327264346622
2,4.7849908683380376,15.576657580000097,149.23945609587463,5.127909656602895
2,3.871824672090321,25.61494580299986,144.30744411154643,11.811477298916799
2,4.164037854889591,24.57650155899993,137.58930629177232,9.73726665130215
2,3.79213016769052,18.691992630000264,138.25766305600368,9.518322194053923
2,3.8751452764403123,19.38428314100002,142.26780364139202,14.48490435584236
2,4.7600863357131,22.845762213000164,138.66098179303987,9.587462548974429
2,4.069400630914827,19.384283422000035,133.95943765844663,7.720672966121214
2,3.5962145110410098,17.999691065000018,135.4805254666974,8.239225628024911
2,3.549726050141126,24.922649747999984,138.7416455404471,12.226319428439737
2,4.706956666113233,22.845756179999952,146.92325420603828,14.242913113620688
2,3.911671924290221,26.99953436899993,142.7172159483752,13.735883844203755
2,4.271957496264321,22.15346633100003,144.33049089651993,16.858723208112465
2,4.089324257014777,28.037979659999987,146.5545056464623,12.456787278174659
2,4.569151585588577,24.23035716999991,149.79257893523854,5.197050011523402
2,3.858542254690354,18.34583879099995,131.9543673657525,7.524775293846531
2,3.594554208866014,21.807318418999994,136.31020972574325,8.273795805485122
2,3.966461896065084,22.845761788000058,135.11177690712145,7.628485826227234
2,4.255354474514362,24.922650045000186,139.79027425674118,9.414611661673206
2,3.991366428690022,16.615099196000056,136.62134132288546,9.345471306752714
2,4.414743483313964,23.884205531000053,140.18206960129064,10.290389490666058
2,3.8535613481653663,15.576655258000143,135.94146116616733,8.504263655220115
2,4.47617466378881,32.537903060000374,146.53145886148883,6.821848352154888
2,3.6759090154408107,20.768876579999873,147.14219866328645,9.045863102097229
2,4.452930433338868,27.345687260000027,149.48144733809633,11.730813551509556
2,3.714095965465715,36.34553023000003,138.26918644849044,11.304448029499909
2,4.293541424539266,32.191756059000014,143.46623646001382,8.561880617653827
2,4.630582766063424,31.845607537999975,146.39317815164785,12.66420834293615
2,3.9498588743151255,26.99953792999976,136.4369670430975,6.775754782207883
2,3.3571309978416073,17.307395983000088,135.57271260659138,7.351924406545294
2,5.078864353312303,31.15331117000006,148.92832449873242,8.412076515326106
2,4.999169848912502,33.230206219999616,148.61719290159024,6.2572021203042425
2,3.6659472023908353,29.076424507,138.94906660520857,10.808942152569728
2,3.8552216503403622,19.73043153199995,137.10532380732886,8.089421525697134
2,3.893408600365267,22.845762154,139.9631251440424,15.810094491818404
2,3.9747634069400632,40.84545737999934,147.39571329799492,9.115003457017735
2,4.004648846089989,54.34522252699997,140.33187370361836,10.117538603364835
2,3.8186950024904536,35.65323525200011,142.33694399631253,16.916340170546235
2,4.511041009463723,32.884050779999896,147.22286241069372,10.993316432357688
2,3.9398970612651505,17.307395730000035,140.71214565568104,9.115003457017735
2,3.790469865515524,19.038135195000027,139.30629177229775,10.751325190135958
2,5.010791964137473,29.4225678300003,148.39824844434202,10.094491818391361
2,3.8253362111904368,15.922804141000057,136.58677114542522,7.8820004609357
2,3.7290386850406776,53.99907257000014,143.88107858953677,16.89329338557272
2,4.082683048314793,21.8073182219998,143.97326572943075,11.604056234155337
2,3.9747634069400632,28.38412859099998,141.57640009218716,13.424752247061548
2,4.630582766063424,39.80700516000024,147.81055542751787,6.8333717446416244
2,4.519342520338702,32.5379077900001,148.65176307905048,8.596450795114094
2,3.6327411588909184,21.807318734999996,133.440884996543,8.999769532150282
2,4.462892246388843,27.34568566400003,142.21018667895828,13.436275639548285
2,4.814876307487963,26.30724366000009,148.68633325651072,10.855035722516703
2,5.060601029387349,30.80716418300003,145.8861488822309,9.49527540908042
2,3.768885937240578,12.807472773000011,136.56372436045172,7.812860106015194
2,4.323426863689192,30.461016136000133,140.08988246139666,8.21617884305141
2,4.424705296363938,18.691988770000165,146.78497349619727,6.856418529615098
2,4.67209032043832,18.691987046000058,143.96174233694398,8.82691864484903
2,3.993026730865018,23.191910099000093,144.2959207190597,10.417146808020277
2,2.8806242736177987,23.538058363999983,138.5918414381194,12.12260889605902
2,3.8502407438153745,25.614945810999988,140.21663977875087,8.815395252362293
2,4.582434002988545,32.88405484000001,149.9308596450795,5.5427517861258195
2,3.6094969284409766,20.768874798000045,134.58170085273105,8.999769532150268
2,3.5198406109912006,23.88420576599999,137.55473611431205,9.368518091726202
2,4.891250207537772,33.230199004000006,145.87462548974418,11.938234616271018
2,4.250373567989374,32.19175556600007,144.43420142890068,18.425904586310224
2,4.169018761414578,21.80731865100004,136.1488822309288,10.912652684950459
2,4.077702141789806,31.845608030000026,142.61350541599447,14.369670430974878
2,5.118711605512203,19.730433260000122,150.47245909195667,6.02673427056925
2,3.8286568155404286,23.884206156000037,142.7633095183222,9.748790043788887
2,4.937738668437656,26.99953778899977,146.5199354690021,9.875547361143134
2,4.409762576788976,29.768720495000064,146.15118690942614,12.456787278174687
2,4.484476174663789,23.538054179999822,146.01290619958516,11.903664438810807
2,3.4567491283413583,24.92264985000006,141.02327725282322,13.735883844203727
2,4.366594720239084,18.691986019999938,146.61212260889607,10.716755012675748
2,3.6344014610659143,24.576501798999963,135.71099331643234,8.884535607282757
2,4.097625767889756,22.15346607599998,139.433049089652,11.972804793731285
2,3.971442802590072,18.69198754399996,135.94146116616733,9.207190596911744
2,4.680391831313299,21.461170593999945,140.3203503111316,13.171237612353082
2,5.161879462062096,23.191909649999953,149.9769532150265,10.19820235077205
2,4.149095135314628,25.26879785200005,135.10025351463472,9.73726665130215
2,4.281919309314295,17.307395651999997,139.50218944457248,11.25835445955289
2,4.228789639714428,37.73011921999997,138.8107858953676,11.4312053468541
2,4.1590569483646025,21.461170205999966,134.45494353537683,8.089421525697176
2,3.878465880790304,21.115022038999953,140.75823922562802,15.487439502189446
2,3.768885937240578,31.499464849999992,141.96819543673658,14.093109011292924
2,3.249211356466877,17.653543207999945,135.91841438119383,7.340401014058557
2,3.063257512867342,23.19190932400003,132.86471537220558,6.960129061995843
2,4.215507222314462,24.57650183099999,141.59944687716063,14.749942383037563
2,4.8049144944379885,29.76872342000003,150.35722516708918,6.8909887070753655
2,4.165698157064586,21.807317668000035,135.4574786817239,9.437658446646694
2,4.305163539764237,22.84576237200006,146.7619267112238,11.454252131827616
2,3.8103934916154745,42.922339120000096,141.97971882922334,15.614196819543693
2,3.803752282915491,28.03798094399998,140.95413689790274,12.75639548283013
2,4.311804748464221,36.69167862200007,133.91334408849966,9.979257893523865
2,4.569151585588577,25.961093602000076,139.0527771375893,8.803871859875528
2,4.149095135314628,22.499614026000035,144.92970730583085,13.747407236690492
2,4.047816702639881,13.845917208000074,135.10025351463472,8.158561880617668
2,4.233770546239416,31.49946014499999,147.073058308366,14.265959898594161
2,3.9648015938900882,15.922804059999988,136.17192901590226,7.951140815856178
2,3.8435995351153913,24.92264927400012,142.1179995390643,9.852500576169632
2,4.471193757263823,31.845611569999985,147.6261811477299,6.821848352154888
2,4.100946372239748,23.884206583,140.37796727356533,13.874164554044711
2,4.140793624439648,46.383819659999986,137.18598755473613,8.043327955750186
2,5.2432342686368925,25.268799729999955,149.52754090804333,7.905047245909202
2,5.266478499086834,39.460858029999876,149.49297073058307,9.264807559345456
2,3.923294039515192,28.384129550999976,136.35630329569025,9.760313436275652
2,3.659305993690852,19.730430708999947,133.11823000691402,9.138050241991223
2,4.858044164037855,45.69152889000005,147.19981562572022,10.175155565798576
2,4.333388676739167,20.076578831000056,141.1846047476377,14.404240608435131
2,3.491615474016271,27.691833349999943,135.44595528923716,7.271260659138079
2,3.4467873152913833,25.614945795000146,138.91449642774833,9.356994699239436
2,3.959820687365101,21.11502237299993,139.58285319197972,12.456787278174701
2,4.6056782334384865,48.806856097999976,139.26019820235078,8.193132058077907
2,4.190602689689523,31.845607821000126,146.7388799262503,14.519474533302628
2,3.944877967790138,19.38428302,135.34224475685642,6.821848352154888
2,3.8751452764403123,21.807317840999982,134.73150495505877,7.97418760082968
2,3.8220156068404454,29.76872032800004,143.9386955519705,17.238995160175165
2,4.291881122364271,22.845762310999966,143.6045171698548,14.116155796266412
2,4.7849908683380376,20.076572030000015,146.92325420603828,10.451716985480545
2,4.281919309314295,30.46101679999996,141.76077437197512,12.560497810555432
2,4.569151585588577,22.49961417899987,147.49942383037566,10.10601521087807
2,4.416403785488959,33.230196659999876,147.66075132519015,14.185296151186918
2,3.5762908849410597,28.73027623299995,141.41507259737267,15.372205577321978
2,3.591233604516022,15.922804134999925,139.9631251440424,13.321041714680803
2,4.335048978914163,19.384281190000102,147.52247061534916,6.441576400092174
2,4.643865183463391,26.65338818000018,147.7990320350311,6.303295690251218
2,4.364934418064088,22.845758500000255,149.4238303756626,3.7911961281401148
2,3.672588411090819,35.65323501399993,134.6854113851118,7.755243143581481
2,3.563008467541093,23.538058394999975,142.19866328647151,13.390182069601252
2,3.9515191764901214,26.999537338000117,146.34708458170084,13.828070984097707
2,4.031213680889922,17.653543140000032,144.5840055312284,15.21087808250752
2,4.753445127013117,34.61479141999991,139.88246139663516,8.21617884305141
2,4.100946372239748,26.999536851000094,145.517400322655,12.157179073519245
2,3.8983895068902545,19.38428268199996,142.02581239917032,13.689790274256751
2,4.628922463888428,25.96109407999994,144.88361373588384,9.333947914265934
2,4.7600863357131,34.96093889899999,144.05392947683796,17.33118230006913
2,4.202224804914494,26.653393570000016,146.68126296381655,6.994699239456082
2,4.569151585588577,22.49961037999987,147.8220788200046,4.955058769301672
2,3.68421052631579,26.30724172900001,148.61719290159024,15.994468771606392
2,3.998007637390005,19.73043105400009,143.92717215948377,13.828070984097735
2,4.01627096131496,31.49945989800007,141.79534454943536,16.743489283244998
2,4.643865183463391,26.65338906999992,148.46738879926252,9.898594146116636
2,3.4799933587913,19.03813519599992,136.02212491357454,7.593915648766995
2,4.695334550888262,28.730276536000005,142.7402627333487,12.606591380502408
2,4.155736344014611,19.384282747999872,133.90182069601292,7.985710993316459
2,4.190602689689523,24.230353551999844,138.1193823461627,9.333947914265934
2,4.089324257014777,21.461170249000155,137.6814934316663,9.64507951140817
2,4.559189772538603,32.19175626999998,142.41760774371974,7.236690481677783
2,4.009629752614976,21.115023159000017,142.49827149112699,10.543904125374496
2,4.6969948530632575,28.384126649999978,146.99239456095873,6.407006222631907
2,3.8435995351153913,20.768874142,140.41253745102557,13.586079741875992
2,4.270297194089324,26.307240657999913,141.2998386725052,13.839594376584472
2,3.574630582766064,21.80731894199997,140.19359299377737,14.369670430974892
2,3.6310808567159225,27.345684957999772,140.6775754782208,14.496427748329111
2,4.291881122364271,24.23035311700003,138.03871859875548,10.509333947914271
2,3.8419392329403954,27.345686790000016,142.7172159483752,13.793500806637496
2,4.208866013614478,27.691832805000065,145.517400322655,9.990781286010616
2,3.592893906691018,26.99953674400006,136.7020050702927,7.951140815856178
2,3.4866345674912838,17.999691581000036,142.92463701313667,14.185296151186918
2,3.958160385190105,22.845762603,139.53675962203275,14.01244526388571
2,4.288560518014279,32.537903898999936,139.59437658446646,12.306983175846966
2,4.150755437489623,31.845611500000146,140.78128601060152,9.62203272643464
2,3.6642869002158394,24.57650121399993,143.6045171698548,13.194284397326555
2,4.959322596712602,28.384121849999996,148.30606130444804,6.153491587923497
2,3.989706126515026,30.114865209999866,140.42406084351234,12.399170315740975
2,4.979246222812552,28.0379814090001,146.78497349619727,11.523392486748094
2,4.130831811389673,17.999691636999962,139.54828301451948,11.753860336483058
2,3.9731031047650673,20.076578609,142.8094030882692,14.87669970039181
2,3.670928108915823,30.461015932000052,136.9439963125144,8.077898133210397
2,3.866843765565333,23.538057815999863,139.94007835906893,11.246831067066182
2,3.901710111240246,30.114867720999957,138.2346162710302,12.652684950449427
2,3.7157562676407108,21.46116611800003,144.5379119612814,8.412076515326106
2,5.175161879462062,36.34553356999984,146.9578243834985,6.453099792578939
2,3.7240577785156903,28.73027638500003,136.37935008066376,10.486287162940783
2,4.090984559189772,23.884206032999955,139.7211339018207,14.127679188753177
2,4.62394155736344,20.422726801000017,144.3996312514404,5.104862871629393
2,5.039017101112403,34.6147854100004,148.7554736114312,6.107398017976493
2,3.28407770214179,20.768875290999993,133.0606130444803,7.905047245909202
2,4.794952681388013,35.65324035000011,147.76446185757086,8.423599907812843
2,4.560850074713598,47.4222638970001,143.99631251440422,14.369670430974878
2,3.9481985721401296,16.961247806000014,135.01958976722747,8.59645079511408
2,3.579611489291051,15.922804335000082,141.36897902742567,12.975339940078356
2,4.273617798439316,29.076424825999897,135.0772067296612,9.760313436275638
2,4.169018761414578,17.999691120000186,141.84143811938236,6.914035492048868
2,4.539266146438652,27.34568251000005,144.98732426826456,7.997234385803154
2,3.539764237091151,24.23035410300006,139.13344088499656,9.472228624106947
2,3.748962311140628,35.999382590999886,136.6789582853192,10.705231620188997
2,3.295699817366761,20.422726372000056,132.86471537220558,9.391564876699718
2,4.069400630914827,18.69198772200008,139.49066605208574,9.414611661673206
2,3.8269965133654327,33.576347432,139.97464853652914,12.09956211108549
2,3.7439814046156403,35.3070868380001,136.07974187600828,8.481216870246584
2,3.9731031047650673,31.499465279999914,145.20626872551279,17.457939617423364
2,4.86800597708783,21.807319129999723,144.12306983175847,11.189214104632413
2,4.1590569483646025,35.99938244000011,145.8054851348237,10.71675501267572
2,4.331728374564171,33.57635129000003,138.10785895367596,11.477298916801104
2,4.60401793126349,25.268797826999975,145.50587693016823,11.926711223784281
2,3.5995351153910016,21.80731868700006,142.3830375662595,8.723208112468313
2,3.748962311140628,19.73043080800006,141.38050241991243,13.436275639548285
2,5.417565997011456,38.42241383000017,148.09864023968657,9.541368979027453
2,4.399800763739001,25.614945259000013,142.22171007144505,9.55289237151419
2,3.7157562676407108,23.88420523099982,133.6828762387647,7.928094030882676
2,4.95600199236261,29.768721859999985,149.60820465545058,7.547822078820019
2,4.906192927112735,36.34553098900012,143.46623646001382,7.202120304217573
2,3.9382367590901546,15.576656155000048,132.5535837750634,8.043327955750186
2,3.8286568155404286,21.807318326999972,142.03733579165709,13.851117769071237
2,4.775029055288063,17.30739591000008,147.59161097026964,7.893523853422437
2,3.7522829154906194,32.537905772000165,145.79396174233693,15.660290389490655
2,3.68421052631579,37.38397285,139.15648766997003,11.33901820696012
2,5.171841275112071,41.19159778999987,148.2253975570408,11.926711223784281
2,3.9747634069400632,21.80731878200004,139.39847891219173,11.915187831297516
2,4.041175493939897,28.730276847000052,142.55588845356073,11.604056234155337
2,4.442968620288893,25.26879742600005,145.8054851348237,11.673196589075843
2,4.4778349659638055,22.49961586000007,144.04240608435123,15.844664669278615
2,4.090984559189772,15.576656788999983,142.65959898594147,14.427287393408648
2,3.4301842935414246,20.07657864699988,140.0553122839364,15.971421986632848
2,4.001328241739997,30.11486748000003,139.89398478912193,12.422217100714462
2,4.628922463888428,26.653390629999965,140.79280940308826,11.154643927172145
2,4.270297194089324,18.69198715199999,142.2793270338788,8.089421525697162
2,4.42802590071393,46.729968940000255,148.16778059460705,13.182761004839818
2,3.976423709115059,20.42272645499998,133.90182069601292,8.435123300299622
2,4.529304333388677,40.1531579400001,149.49297073058307,7.386494584005533
2,4.418064087663955,30.461016380000093,146.05899976953216,8.769301682415318
2,3.7356798937406612,22.15346626700004,138.7877391103941,11.938234616271046
2,3.358791300016603,26.30724116199995,135.4344318967504,9.034339709610492
2,3.4434667109413915,36.3455313730001,135.66489974648536,8.031804563263421
2,3.2259671260169354,29.076419879999897,140.50472459091955,13.021433510025332
2,4.057778515689856,19.730431414000105,137.40493201198433,8.15856188061764
2,3.6393823675909016,37.73012247600002,141.4496427748329,10.186678958285313
2,3.9149925286402127,18.34583897600009,141.74925097948835,8.73473150495505
2,4.145774530964636,26.999537061999924,144.43420142890068,14.692325420603822
2,3.848580441640379,27.345684961999975,137.17446416224936,9.253284166858734
2,4.047816702639881,31.153311826000035,142.25628024890528,15.717907351924424
2,4.45625103768886,47.422264252999916,143.59299377736804,11.373588384420373
2,4.613979744313466,27.691831289999996,149.70039179534456,11.223784282092652
2,3.77220654159057,21.461171119999953,142.17561650149804,13.136667434892843
2,4.001328241739997,18.345839368000064,142.5674118460475,14.15072597372668
2,4.281919309314295,21.807317930000043,144.59552892371514,16.409310901129288
2,4.771708450938071,24.2303568299998,148.444342014289,7.939617423369441
2,4.150755437489623,41.53774988599999,143.24729200276562,13.735883844203727
2,4.054457911339864,47.07611539999989,138.8107858953676,10.463240377967253
2,4.19226299186452,26.307241041,140.68909887070754,10.140585388338337
2,5.057280425037357,25.268801100000182,144.21525697165245,12.652684950449412
2,3.876805578615308,23.53805768499993,134.08619497580088,8.135515095644166
2,4.044496098289889,30.80716399299993,145.8054851348237,17.28508873012217
2,4.109247883114727,30.46101679700007,143.20119843281861,14.208342936160392
2,4.726880292213183,42.230045027999985,144.23830375662595,9.82945379119613
2,4.021251867839947,25.268798159999992,133.5906890988707,7.974187600829694
2,4.032873983064918,19.384282141000075,144.66466927863564,9.610509333947931
2,4.177320272289557,36.345530048000064,137.6123530767458,8.135515095644166
2,4.067740328739831,23.538057910999914,142.48674809864025,11.5925328416686
2,3.8386186285904036,14.538211977000032,135.68794653145886,8.826918644849044
2,4.218827826664453,19.384283592999846,141.91057847430284,8.147038488130931
2,4.037854889589906,37.73012222499997,141.8529615118691,14.772989168011065
2,4.643865183463391,28.730278519999846,148.83613735883844,6.9831758469693455
2,4.25203387016437,30.114868298,143.28186218022586,11.742336943996321
2,3.8502407438153745,16.96124791600001,142.22171007144505,14.035492048859197
2,4.610659139963474,33.23020008399985,142.6480755934547,10.036874855957592
2,4.38817864851403,26.653389357,147.5339940078359,17.112237842820917
2,4.361613813714096,32.88405135500001,145.3560728278405,17.849734961972786
2,3.873484974265317,15.92280431799993,142.9131136206499,13.885687946531448
2,3.7871492611655326,16.961248138999963,135.84927402627335,8.066374740723688
2,4.404781670263988,15.922803551000063,137.66997003917953,8.30836598294536
2,3.5331230283911674,20.076578605000005,141.00023046784972,12.698778520396388
2,3.7290386850406776,21.46116415999988,142.22171007144505,8.94215256971654
2,4.152415739664619,32.19175329000012,142.59045863102097,10.082968425904568
2,3.8950689025402627,20.422726253999933,141.84143811938236,15.637243604517181
2,3.7257180806906858,24.576501850000138,134.09771836828764,7.651532611200764
2,3.5215009131661965,25.26879738000004,137.30122147960358,10.082968425904582
2,3.9083513199402296,33.57634705599986,139.62894676192673,12.445263885687964
2,4.099286070064752,28.037981018999986,143.58147038488133,14.842129522931572
2,3.7124356632907194,21.115022570000058,141.35745563493893,12.502880848121691
2,4.203885107089491,21.115022693,138.54574786817238,11.546439271721596
2,3.3770546239415578,20.0765793810001,133.14127679188755,7.006222631942862
2,4.240411754939399,47.422264039000126,145.2293155104863,19.923945609587463
2,4.1391333222646525,35.99938284900003,139.47914265959898,9.241760774371954
2,4.9443798771376395,35.99938297499994,145.93224245217792,10.463240377967281
2,4.8846089988377885,26.653388380000198,149.17031574095415,7.167550126757334
2,3.8054125850904867,21.11502212600008,146.85411385111777,17.146808020281156
2,4.265316287564337,28.38412846100001,141.6340170546209,11.281401244526393
2,3.7456417067906362,18.34583883999992,135.20396404701543,7.570868863793493
2,4.235430848414412,24.57649701,139.35238534224476,9.264807559345485
2,4.69201394653827,32.884053840000206,148.15625720212032,4.862871629407721
2,3.651004482815873,24.576502030000043,139.80179764922792,14.035492048859183
2,4.218827826664453,22.153465640999958,139.248674809864,10.094491818391305
2,4.067740328739831,24.230353797000046,138.8799262502881,14.231389721133922
2,3.9398970612651505,29.076424347,140.53929476837982,12.767918875316909
2,3.614477834965964,28.38412874700005,133.93639087347316,8.135515095644166
2,3.8303171177154245,27.69183298300004,136.37935008066376,7.928094030882704
2,3.9531794786651173,18.34583924699998,138.8338326803411,12.664208342936163
2,3.6078366262659807,24.576501339000007,140.73519244065454,11.915187831297544
2,3.8635231612153413,33.576346885999946,135.90689098870706,10.186678958285299
2,3.8170347003154577,24.92264946800014,134.90435584236,6.660520857340401
2,3.9166528308152087,20.42272642200006,145.4021663977875,15.648766997003918
2,3.5347833305661633,25.268796984999895,140.27425674118462,12.445263885687964
2,3.6642869002158394,50.19144963000002,133.1988937543213,7.490205116386278
2,3.8286568155404286,13.845916206999958,133.42936160405623,6.660520857340387
2,4.721899385688196,31.845610529999956,147.6261811477299,8.538833832680353
2,3.868504067740329,23.538058333999953,136.78266881769994,9.1265268495045
2,4.751784824838121,27.691833690000195,147.17676884074672,10.036874855957592
2,3.484974265316288,20.768874596999996,133.8326803410924,7.651532611200722
2,4.682052133488296,22.84576039000008,148.58262272412998,4.528693247292011
2,3.5148597044662133,22.153461240000254,144.14611661673194,12.837059230237344
2,4.0195915656649515,17.999686959999927,143.32795575017286,13.712837059230253
2,4.154076041839615,21.807318553000027,137.9465314588615,11.63862641161559
2,3.677569317615806,17.653544122999964,140.4355842359991,13.74740723669052
2,4.147434833139632,59.191292833000034,138.36137358838442,7.3980179764922696
2,4.567491283413582,29.76871846000012,144.1806867941922,5.969117308135537
2,3.9183131329902046,32.1917556210001,146.32403779672737,17.15833141276792
2,4.49609828988876,25.268797872000093,146.85411385111777,15.925328416685886
2,4.160717250539599,41.8838975590001,143.6045171698548,16.662825535837754
2,4.336709281089159,18.691991180000006,140.03226549896291,7.870477068448963
2,3.8386186285904036,22.153465849000032,135.15787047706846,8.98824613966353
2,4.409762576788976,19.730430473000048,145.01037105323806,12.975339940078356
2,3.7406608002656485,30.461015630999995,141.080894215257,13.563032956902518
2,4.952681388012619,38.42241855000011,147.70684489513712,12.237842820926488
2,3.9282749460401796,18.691987715000053,136.5176307905047,9.944687716063598
2,3.979744313465051,24.922649990000018,133.61373588384419,8.193132058077893
2,3.8303171177154245,41.53774748000022,141.76077437197512,15.095644157640024
2,3.989706126515026,26.307241435000112,142.7863563032957,15.084120765153244
2,4.942719574962643,33.23019899699992,146.9578243834985,12.237842820926488
2,3.848580441640379,32.19175547600012,140.1590228163171,12.744872090343378
2,3.98804582434003,19.730430904000144,139.70961050933394,8.803871859875528
2,4.268636891914329,30.80716518000015,146.3816547591611,7.225167089191075
2,3.637722065415906,30.461016054999998,134.9274026273335,7.801336713528471
2,4.354972605014113,16.615099601999944,135.7455634938926,8.41207651532612
2,3.5298024240411756,17.65354316900003,133.85572712606591,7.905047245909202
2,4.173999667939565,22.1534704500001,142.6711223784282,6.614427287393426
2,3.9481985721401296,23.538057621000085,136.79419221018668,9.126526849504486
2,4.622281255188445,25.268797458000147,137.42797879695783,8.619497580087568
2,4.474514361613814,36.34553211000008,144.36506107398017,12.018898363678261
2,3.835298024240412,27.69183278500002,137.79672735653378,8.51578704770688
2,3.481653660966296,19.384283044999865,138.2346162710302,7.69762618114774
2,4.539266146438652,22.84576202399996,137.80825074902052,8.262272412998385
2,4.021251867839947,22.153465967000017,142.359990781286,11.557962664208333
2,3.3870164369915328,15.23050757500005,143.56994699239456,13.136667434892843
2,4.761746637888096,27.691832639000005,145.20626872551279,10.267342705692556
2,3.966461896065084,21.461170965999948,143.66213413228854,9.944687716063612
2,3.4401461065914,23.191909778999957,144.89513712837058,18.172389951601744
2,5.264818196911838,28.037980997999977,147.70684489513712,12.122608896059006
2,4.906192927112735,26.653388899999797,149.41230698317585,6.579857109933158
2,4.437987713763905,20.076580979999925,139.68656372436047,10.313436275639589
2,3.3006807238917486,19.38428303800005,135.26158100944917,7.363447799032031
2,4.213846920139465,22.153466180000052,142.50979488361372,15.014980410232766
2,3.589573302341026,23.884205330000004,139.8133210417147,13.574556349389269
2,4.748464220488129,31.49945981400004,146.6236460013828,10.878082507490205
2,3.8269965133654327,31.84560718699998,134.45494353537683,10.013828070984118
2,3.6875311306657816,19.03813548600003,134.5471306752708,6.522240147499446
2,4.979246222812552,32.88404822000005,147.87969578243835,11.120073749711935
2,4.341690187614146,32.53790374599996,139.9170315740954,9.460705231620182
2,4.235430848414412,21.115022929999935,142.6480755934547,13.931781516478452
2,4.242072057114395,14.884360659999997,135.51509564415764,8.285319197971873
2,4.600697326913498,24.576498849999822,144.36506107398017,7.593915648766995
2,4.109247883114727,28.037983629999733,142.9592071905969,4.839824844434219
2,4.1275112070396816,32.53790383499995,145.48283014519475,16.19036644388109
2,4.012950356964968,20.422727302999988,147.39571329799492,14.876699700391782
2,4.134152415739665,20.42272701700008,142.30237381885226,14.484904355842346
2,4.097625767889756,22.499613948000068,137.2090343397096,8.561880617653827
2,3.7356798937406612,22.15346609000003,135.5035722516709,8.596450795114094
2,3.4019591565664955,37.38397422900004,136.58677114542522,7.951140815856206
2,3.5231612153411924,38.07626940000003,137.42797879695783,12.53745102558193
2,4.149095135314628,19.384283059000055,137.38188522701083,8.73473150495505
2,4.074381537439814,17.307395884999938,140.4355842359991,11.097026964738433
2,4.758426033538104,28.037980550000007,148.9628946761927,7.616962433740525
2,3.758924124190603,16.268952601000002,139.82484443420142,14.819082737958041
2,4.081022746139798,34.614791256999816,142.4752247061535,6.672044249827167
2,5.077204051137308,26.99953682999967,147.74141507259736,7.5247752938464885
2,4.1075875809397315,38.07626862999985,140.17054620880387,6.6489974648536645
2,4.627262161713432,40.49930257000012,149.19336252592763,7.743719751094716
2,4.335048978914163,15.922805325999933,146.16271030191288,8.988246139663516
2,4.985887431512536,29.768719519999845,148.1332104171468,7.928094030882704
2,3.737340195915657,17.65354405899991,137.19751094722287,8.031804563263421
2,3.9648015938900882,19.730425270000072,146.30099101175387,15.164784512560516
2,3.9100116221152255,22.153466600999955,135.69946992394563,9.115003457017764
2,3.9183131329902046,20.768874043000025,134.15533533072136,7.593915648766995
2,5.0639216337373405,35.65323909999973,145.18322194053928,9.887070753629843
2,3.9398970612651505,23.884205642999977,135.81470384881308,8.665591150034572
2,3.9050307155902377,34.61479210999985,142.45217792117998,14.33510025351461
2,4.112568487464719,21.46117038600001,139.7211339018207,13.678266881770014
2,4.215507222314462,16.961248210000043,142.84397326572943,14.047015441345934
2,3.450107919641375,23.884206157999966,139.29476837981102,8.953675962203278
2,3.8651834633903372,21.807318447000025,139.45609587462548,12.14565568103248
2,4.281919309314295,28.730276576999916,140.10140585388336,9.426135054159943
2,3.7456417067906362,16.96124774700006,139.44457248213874,8.36598294537913
2,4.794952681388013,21.115022661999937,143.97326572943075,9.852500576169632
2,3.6393823675909016,26.999536893000037,134.14381193823462,8.861488822309283
2,3.983064917815043,20.07657894000009,137.28969808711685,9.034339709610492
2,3.8253362111904368,20.076578907000027,139.11039410002303,12.825535837750621
2,4.587414909513532,31.84560802499986,145.89767227471768,10.082968425904596
2,3.4351652000664123,19.730431235000026,139.34086194975802,10.774371975109489
2,4.517682218163706,21.461170363000004,140.6314819082738,8.67711454252131
2,4.183961480989541,34.61479475000001,148.07559345471307,12.952293155104883
2,3.7639050307155903,16.96124765300011,136.64438810785896,8.700161327494811
2,3.484974265316288,26.999537060000133,136.09126526849505,7.939617423369441
2,3.9266146438651837,44.65308100600016,136.1949758008758,6.8909887070753655
2,3.3106425369417236,14.192064074999982,133.10670661442728,6.683567642313889
2,5.0639216337373405,19.73043165999999,150.11523392486748,7.870477068448963
2,4.891250207537772,25.61494320999988,146.4507951140816,8.58492740262733
2,3.8535613481653663,33.922495920000046,138.9605899976953,6.257202120304186
2,4.587414909513532,31.49945964999984,148.61719290159024,11.385111776907138
2,5.068902540262328,20.07657493999976,149.61972804793731,8.538833832680325
2,4.237091150589408,19.38428358899999,142.48674809864025,6.867941922101892
2,4.627262161713432,25.96109280700004,147.34961972804794,11.765383728969823
2,4.356632907189109,30.80716402300003,147.16524544825998,16.167319658907587
2,3.328905860866678,59.19129708999965,137.60082968425905,8.527310440193617
2,3.8552216503403622,26.99953664100002,134.97349619728047,9.20719059691173
2,3.870164369915325,32.884051773000024,140.66605208573404,7.421064761465772
2,4.135812717914661,29.76871971100005,142.6480755934547,11.44272873934085
2,3.68421052631579,16.268951713999876,137.83129753399402,11.143120534685437
2,4.331728374564171,31.845607474000058,136.6098179303987,10.797418760082948
2,3.9249543416901878,21.80732030000007,142.50979488361372,13.194284397326555
2,4.218827826664453,18.691985440000003,149.12422217100715,7.69762618114774
2,3.969782500415076,35.65323499799995,138.36137358838442,12.733348697856641
2,3.901710111240246,23.884206078999963,136.4369670430975,10.221249135745566
2,5.407604183961482,47.76840576999994,146.5199354690021,10.73980179764925
2,3.262493773866844,24.576501445000076,135.59575939156488,8.723208112468328
2,3.8054125850904867,21.115022316000182,144.3996312514404,11.972804793731257
2,4.547567657313631,24.230354019999787,145.10255819313204,8.273795805485122
2,4.042835796114893,21.11502261900003,142.85549665821617,18.840746715833134
2,4.8962311140627595,27.691833212000056,147.7990320350311,10.924176077437181
2,3.888427693840279,28.037980762000007,141.11546439271723,13.551509564415781
2,3.503237589241242,26.653389446000123,143.42014289006684,16.812629638165475
2,3.7323592893906694,22.15346618199998,138.46508412076514,9.264807559345456
2,4.330068072389175,23.88420563800002,141.39202581239917,14.692325420603822
2,3.802091980740495,35.65323468200002,139.42152569716524,8.665591150034544
2,3.9149925286402127,24.576501217999994,134.65084120765155,9.760313436275652
2,4.512701311638718,21.807321609999818,149.90781286010602,9.195667204424979
2,4.653826996513366,32.19175631400006,136.7250518552662,8.043327955750186
2,4.695334550888262,23.88420265000024,148.7554736114312,7.2827840516247875
2,3.6460235762908852,22.153465960999956,144.14611661673194,13.18276100483979
2,4.831479329237921,34.61478606999968,144.06545286932473,11.546439271721596
2,3.90004980906525,21.807318647000113,138.4305139433049,7.029269416916321
2,3.9166528308152087,54.345221819999956,138.7185987554736,7.605439041253732
2,4.700315457413249,34.960941590000125,149.1587923484674,7.4325881539525085
2,4.63224306823842,21.461171809999957,145.50587693016823,11.56948605669507
2,3.96812219824008,28.037980309000147,136.93247292002766,7.69762618114774
2,4.092644861364769,20.76887664999999,141.5187831297534,6.303295690251218
2,4.1391333222646525,32.19175540699996,143.86955519705,16.409310901129288
2,4.384858044164038,24.230353309999952,143.3164323576861,12.53745102558193
2,3.5430848414411424,21.461170517999978,138.86840285780133,10.094491818391333
2,4.653826996513366,20.422723619999832,149.2855496658216,7.651532611200707
2,4.464552548563839,26.65339247999998,145.5980640700622,5.9691173081354805
2,3.4301842935414246,25.614948340000055,142.63655220096797,18.160866559115007
2,4.031213680889922,26.653389878000045,141.64554044710763,15.24544825996773
2,4.08434335048979,24.230353718000043,144.77990320350312,19.958515787047716
2,4.2072057114394825,25.61494558899993,145.03341783821156,12.975339940078356
2,4.7849908683380376,35.999384629999966,147.97188292233236,7.444111546439274
2,4.5575294703636064,36.691674340000034,148.89375432127218,10.313436275639532
2,4.419724389838951,21.807318114999973,139.97464853652914,7.0984097718368275
2,4.700315457413249,30.11486839800001,145.2293155104863,10.013828070984118
2,4.481155570313797,22.499614384999948,134.93892601982023,8.884535607282771
2,3.558027561016105,21.461170387000045,143.1205346854114,14.957363447799025
2,4.555869168188611,28.384127429999793,146.81954367365753,6.66052085734043
2,3.3355470695666614,19.384283537000126,139.45609587462548,11.281401244526393
2,3.891748298190271,33.23019966400005,133.16432357686102,8.665591150034572
2,4.761746637888096,27.691827740000118,149.23945609587463,11.223784282092652
2,3.674248713265815,19.73043068499998,138.37289698087116,11.53491587923483
2,3.998007637390005,36.691677999999975,139.0527771375893,9.52984558654066
2,4.741823011788146,24.922656130000053,147.4879004378889,9.218713989398452
2,3.762244728540595,22.845761996000064,141.5648766997004,15.406775754782203
2,4.215507222314462,28.384128522000033,137.64692325420606,7.78981332104172
2,3.471691847916321,19.73043123899995,140.850426365522,12.917722977644615
2,4.183961480989541,22.499613865999965,140.93109011292924,12.860106015210874
2,3.986385522165034,22.499613724000014,134.01705462088037,8.38902973035259
2,4.627262161713432,26.30724192000028,146.68126296381655,9.472228624106947
2,3.8967292047152586,21.115023140000076,145.1601751555658,8.492740262733378
2,3.679229619790802,26.653388726999918,134.57017746024428,8.884535607282771
2,3.7456417067906362,24.922649585999988,134.57017746024428,7.697626181147726
2,4.5459073551386355,29.76872025700003,147.2459091956672,20.315740954136885
2,3.9963473352150096,28.730276380000003,146.6927863563033,17.93039870938003
2,3.9432176656151423,24.92264850899997,145.5980640700622,12.514404240608428
2,5.465714760086336,26.307241449999573,145.1140815856188,10.901129292463708
2,4.3466710941391336,39.80701034400013,139.88246139663516,11.062456787278165
2,3.934916154740163,17.307395619000005,133.9940078359069,7.778289928554969
2,3.7074547567657317,32.88405203300003,135.22701083198893,7.778289928554955
2,4.42802590071393,20.768874811000064,137.81977414150725,8.607974187600803
2,3.5995351153910016,31.15331225099993,139.54828301451948,13.793500806637468
2,3.934916154740163,20.07657917099996,138.84535607282785,8.734731504955079
2,4.655487298688362,23.884202290000015,149.43535376814933,8.020281170776656
2,4.333388676739167,27.691832810000022,142.08342936160406,16.20188983636784
2,4.491117383363773,37.383978919999784,150.08066374740721,7.651532611200707
2,4.594056118213516,28.730271050000088,146.94630099101175,8.527310440193588
2,3.8336377220654163,16.96124702,140.74671583314128,14.945840055312289
2,3.651004482815873,19.730431634000023,138.5687946531459,10.889605899976956
2,3.6128175327909684,29.076424547000016,138.03871859875548,11.650149804102341
2,2.996845425867508,19.730430763000015,134.7891219174925,7.4902051163862495
2,3.700813548065748,24.23035355200005,136.21802258584927,7.513251901359752
2,5.078864353312303,26.307241801999947,146.58907582392254,14.692325420603794
2,3.6543250871658643,21.461169858000005,138.4305139433049,10.428670200507014
2,4.701975759588246,31.845607633999848,138.01567181378198,7.905047245909202
2,3.760584426365599,30.461016249999986,133.5445955289237,7.063839594376574
2,4.4977585920637555,23.538058629999774,147.66075132519015,10.728278405162484
2,4.1075875809397315,33.92249513200003,140.850426365522,15.913805024199107
2,4.001328241739997,36.345530534999945,139.248674809864,12.030421756165012
2,3.383695832641541,18.345838529999977,141.5418299147269,15.23392486748098
2,3.572970280591068,21.807318606999957,136.48306061304447,6.8794653145886
2,4.2802590071393,28.384128295999982,143.24729200276562,14.0585388338327
2,3.8336377220654163,24.57650204800002,140.19359299377737,10.486287162940755
2,3.70413415241574,16.268951490999992,137.19751094722287,10.935699469923946
2,4.05611821351486,17.653543231000018,137.79672735653378,6.75270799723441
2,4.21218661796447,31.15331172699985,143.44318967504032,13.321041714680803
2,4.398140461564005,37.03781914000004,145.4943535376815,7.052316201889823
2,3.551386352316122,30.807164442,136.24106937082277,6.8909887070753655
2,4.366594720239084,22.153465610000033,140.97718368287624,7.02926941691635
2,4.396480159389009,38.422418344000036,138.52270108319888,8.619497580087568
2,4.217167524489457,24.922649942999836,138.02719520626871,8.15856188061764
2,4.642204881288395,29.422572345000063,145.19474533302602,7.24821387416452
2,4.06441972438984,24.23035377099994,138.02719520626871,12.514404240608428
2,4.4064419724389845,24.230357759999766,147.21133901820696,7.2482138741645485
2,4.902872322762743,34.26864260999973,150.14980410232772,8.020281170776656
2,3.9199734351652005,18.691987025999943,141.8068679419221,13.989398478912179
2,3.760584426365599,26.99953731699997,145.2293155104863,9.21871398939848
2,3.991366428690022,54.691370097000174,144.97580087577785,18.103249596681295
2,4.449609828988876,18.345839228000038,143.37404932011984,15.164784512560487
2,5.535447451436162,37.03783064999993,149.8386725051855,8.227702235538146
2,3.96812219824008,21.807318019999993,144.1806867941922,17.031574095413703
2,3.702473850240744,21.115021938000048,137.10532380732886,7.351924406545265
2,4.134152415739665,21.807318314000096,142.37151417377277,15.625720212030416
2,5.130333720737174,21.461163150000296,147.11915187831298,8.538833832680325
2,3.6559853893408603,21.461170621000086,141.9566720442498,14.888223092878533
2,4.829819027062926,22.499608560000162,147.8220788200046,6.9831758469693455
2,4.359953511539101,26.99953632300009,141.92210186678957,10.359529845586536
2,3.8435995351153913,21.80731850999991,138.61488822309286,13.770454021663966
2,3.5663290718910843,17.653543765000016,140.3664438810786,16.39778750864255
2,4.376556533289059,26.65338926000002,146.842590458631,9.817930398709365
2,4.685372737838287,26.653386940000132,145.43673657524775,9.679649688868409
2,4.648846089988378,32.191755724999965,138.58031804563265,14.11615579626644
2,3.252531960816869,20.42272682099999,138.77621571790735,11.500345701774606
2,3.9299352482151755,66.80654261000006,142.1410463240378,14.507951140815862
2,3.4667109413913333,18.6919875710001,134.5010371053238,6.8564185296151265
2,3.694172339365765,16.961247685,134.66236460013826,7.282784051624773
2,4.281919309314295,28.03798054800008,141.05784743028346,12.606591380502408
2,4.4263655985389345,20.76887466000002,146.83106706614427,9.898594146116608
2,4.3383695832641544,17.653543544000062,140.86194975800876,6.787278174694649
2,4.741823011788146,19.730429150000145,145.6441576400092,6.072827840516254
2,3.7539432176656153,21.115022052000107,144.6070523162019,10.01382807098409
2,4.414743483313964,29.768719835000095,144.75685641852962,15.67181378197742
2,3.979744313465051,29.42257703999973,141.05784743028346,15.245448259967716
2,3.4550888261663624,31.153312069999924,136.7480986402397,11.857570868863803
2,3.6410426697658975,21.115022764000013,134.17838211569486,9.35699469923945
2,3.7639050307155903,20.422726536999946,142.29085042636552,13.228854574786794
2,3.669267806740827,24.23035365500009,137.96957824383497,11.258354459552876
2,4.122530300514694,29.422572801000022,143.27033878773912,12.468310670661452
2,3.7306989872156735,43.26848911599998,139.6058999769532,12.81401244526387
2,5.045658309812386,30.807162990000023,144.99884766075132,5.796266420834314
2,4.411422878963972,30.46101924600003,144.77990320350312,8.446646692786373
2,3.79213016769052,17.307395408999863,141.59944687716063,11.431205346854114
2,4.371575626764072,20.768874808000103,141.06937082277022,11.454252131827616
2,4.222148431014445,26.307241085000083,136.6559115003457,8.619497580087568
2,4.188942387514528,23.19190967599985,148.01797649227933,15.199354690020755
2,4.34002988543915,27.34568425000007,144.38810785895367,14.3005300760544
2,4.205545409264486,22.499614275000024,137.01313666743488,10.117538603364807
2,4.353312302839117,24.92265351999992,143.9386955519705,7.905047245909202
2,4.132492113564669,30.46101662300002,138.8799262502881,8.008757778289947
2,3.591233604516022,21.807318339000027,136.66743489283243,9.656602903894893
2,4.240411754939399,22.499613652999933,142.55588845356073,16.47845125604978
2,3.669267806740827,16.61509938099999,136.64438810785896,8.677114542521323
2,4.655487298688362,37.03782308000003,148.07559345471307,7.167550126757334
2,4.069400630914827,23.191910527999987,139.1219174925098,7.962664208342915
2,3.0997841607172507,24.230353714000117,135.22701083198893,7.755243143581467
2,3.846920139465383,21.115022115000063,138.1885227010832,9.472228624106947
2,4.363274115889092,40.15315729900007,145.1140815856188,10.463240377967253
2,4.1789805744645525,21.461170196999944,138.7646923254206,10.002304678497353
2,4.041175493939897,29.42257256700005,137.83129753399402,7.847430283475461
2,4.285239913664287,34.26864318299999,138.60336483060613,8.665591150034572
2,4.298522331064254,22.84576130999999,146.15118690942614,13.0560036874856
2,4.200564502739499,23.884205433000044,137.785203964047,9.045863102097258
2,3.9398970612651505,22.845762150000002,144.06545286932473,9.138050241991237
2,4.492777685538768,32.191757269999925,144.57248213874166,9.691173081355174
2,4.484476174663789,24.57649953999996,150.0691403549205,5.876930168241557
2,4.06441972438984,20.42273029000008,145.1371283705923,6.672044249827167
2,4.250373567989374,21.461170368000033,144.6416224936621,18.068679419221
2,3.5181803088162047,39.80700915600002,137.91196128140123,10.474763770454018
2,3.9315955503901714,46.72996749999998,140.06683567642312,13.597603134362757
2,4.471193757263823,23.191910006999937,145.2293155104863,11.696243374049317
2,3.9282749460401796,21.807318289999987,137.04770684489515,8.21617884305141
2,4.223808733189441,17.999691967000018,136.73657524775294,8.538833832680325
2,3.5414245392661465,25.96109337999988,140.850426365522,12.940769762618103
2,3.790469865515524,25.96109351600005,137.7621571790735,8.020281170776656
2,3.803752282915491,33.922495612999995,144.4226780364139,16.893293385572704
2,3.5098787979412256,22.84576178,136.86333256510716,7.386494584005533
2,5.067242238087332,22.499614885999886,147.8220788200046,12.72182530536989
2,3.692512037190769,28.730276930000187,140.98870707536298,15.130214335100248
2,4.001328241739997,22.499614802999957,137.923484673888,8.631020972574333
2,4.418064087663955,30.114866690000156,141.6340170546209,8.6655911500346
2,3.8651834633903372,32.884052360000055,138.31528001843742,9.622032726434668
2,3.9731031047650673,30.80716387399998,143.5584235999078,10.140585388338309
2,4.522663124688694,31.845607803000078,147.94883613735882,12.260889605899962
2,4.105927278764735,28.037980342,137.42797879695783,8.446646692786373
2,4.763406940063092,32.88404944000012,149.70039179534456,6.14196819543676
2,4.1192096961647025,17.307395308999926,136.17192901590226,7.455634938926011
2,4.247052963639383,18.691986957,140.59691173081353,11.500345701774592
2,3.373734019591566,28.730276070999953,138.49965429822538,12.330029960820454
2,3.9216337373401964,15.922803506999982,132.88776215717908,8.40055312283937
2,3.748962311140628,22.49961374199999,133.79811016363217,8.63102097257432
2,4.859704466212851,30.807164339999858,146.91173081355151,7.997234385803182
2,4.095965465714761,24.576505559999877,147.10762848582624,13.90873473150495
2,3.7954507720405117,28.38412816500005,140.57386494584006,12.306983175846966
2,5.0439980076373905,48.11455682000004,146.92325420603828,6.153491587923497
2,4.180640876639549,26.653389393000158,143.86955519705,6.752707997234381
2,3.70413415241574,23.19190975799995,139.37543212721826,10.774371975109489
2,4.1192096961647025,15.922803666999911,135.29615118690944,7.432588153952551
2,4.763406940063092,25.961091969999988,148.69785664899746,8.515787047706823
2,3.7971110742155076,21.46117098799999,136.04517169854807,7.156026734270597
2,4.982566827162544,53.6529255900009,146.50841207651533,8.515787047706823
2,5.14029553378715,33.57634642999999,146.2318506568334,7.732196358608007
2,3.999667939565001,29.07642465899994,146.02442959207193,10.601521087808266
2,4.0195915656649515,43.268488994000066,141.00023046784972,7.847430283475433
2,4.758426033538104,25.961093600000012,142.70569255588845,7.778289928554955
2,3.558027561016105,17.65354345999989,143.6045171698548,13.90873473150495
2,3.9216337373401964,26.30724063999987,137.09380041484215,10.129061995851615
2,4.271957496264321,20.07657926600001,144.72228624106938,15.775524314358165
2,4.114228789639715,15.23050783500006,137.98110163632174,8.619497580087568
2,3.4899551718412756,24.230353287000018,140.25120995621108,11.869094261350511
2,4.0195915656649515,23.191910246000006,140.02074210647615,11.984328186218022
2,4.763406940063092,25.96109912000044,151.94745333026043,7.674579396174238
2,4.9842271293375395,22.499613980000028,147.99492970730583,10.71675501267572
2,4.218827826664453,29.07642401500002,137.3703618345241,10.866559115003469
2,3.981404615640047,22.499614377999922,137.24360451716987,7.916570638395967
2,3.714095965465715,21.80731841499986,137.05923023738188,10.566950910347998
2,5.1120703968122205,24.576497349999975,150.14980410232772,10.313436275639532
2,4.197243898389507,22.4996088200001,147.9373127448721,5.657985710993302
2,3.26415407604184,30.807164495000038,146.12814012445264,18.160866559115007
2,4.459571642038852,29.76872301999972,149.41230698317585,6.775754782207883
2,3.4899551718412756,24.576501566000022,133.8326803410924,7.213643696704295
2,3.604516021915989,41.883894899999994,143.28186218022586,16.178843051394324
2,4.086003652664785,33.57634742999993,146.08204655450564,11.44272873934085
2,3.911671924290221,21.461170492999976,135.99907812860107,7.02926941691635
2,4.386518346339034,19.730430780000027,142.29085042636552,6.303295690251218
2,4.756765731363108,34.26863867000016,143.0744411154644,10.129061995851572
2,4.198904200564503,20.422725929999938,142.53284166858725,5.485134823692107
2,3.768885937240578,28.730276099000054,145.33302604286703,15.925328416685886
2,4.296862028889258,20.422726952000062,144.37658446646694,12.975339940078356
2,4.731861198738171,33.92249605500004,143.48928324498732,14.530997925789336
2,4.3201062593392,26.999536836999905,135.56118921410462,9.403088269186426
2,3.770546239415574,22.153466388000126,134.20142890066836,9.679649688868423
2,4.301842935414245,31.499453110000047,147.98340631481906,9.506798801567157
2,3.670928108915823,19.730430638000076,133.12975339940078,8.49274026273335
2,3.979744313465051,20.768878509999784,140.4932011984328,6.141968195436732
2,3.978084011290055,23.88420596400001,138.7416455404471,7.835906890988696
2,3.9946870330400137,18.34583955700006,135.4805254666974,8.41207651532612
2,3.6659472023908353,19.73043077199997,142.19866328647151,16.317123761235294
2,4.45625103768886,21.46116917000021,148.30606130444804,11.719290159022819
2,4.217167524489457,25.268797160000048,145.28693247292003,15.141737727586985
2,3.667607504565831,28.384132150000017,143.28186218022586,11.027886609817926
2,3.6161381371409598,21.461171212000043,134.22447568564183,7.801336713528443
2,3.5464054457911343,27.345684338000023,140.0553122839364,11.396635169393846
2,4.411422878963972,31.845609200000094,149.1126987785204,8.469693477759876
2,4.271957496264321,23.191909898000045,137.65844664669277,8.930629177229775
2,4.142453926614644,21.115022507000035,135.83775063378658,7.3749711915187675
2,4.240411754939399,35.65323613000007,145.26388568794653,9.43765844664668
2,4.572472189938569,22.153465239999893,146.34708458170084,6.844895137128361
2,4.403121368088993,45.345372389999916,148.43281862180226,6.925558884535604
2,4.472854059438818,25.614945659999943,147.51094722286243,6.222631942843975
2,4.089324257014777,21.807317822999938,132.78405162479834,8.423599907812843
2,4.622281255188445,28.037972890000148,147.11915187831298,7.421064761465772
2,3.4965963805412588,19.730430921999915,134.33970961050935,7.536298686333254
2,4.618960650838453,33.23019964299997,144.22678036413922,15.418299147268954
2,3.8502407438153745,17.65354344299988,135.84927402627335,9.737266651302164
2,4.613979744313466,30.46101639300011,136.17192901590226,10.8089421525697
2,3.6410426697658975,24.576501576999974,134.0746715833141,8.746254897441801
2,4.728540594388179,34.26864038000007,148.5595759391565,7.179073519244071
2,4.323426863689192,32.53790366699996,138.1654759161097,8.873012214796034
2,3.5447451436161383,47.422263818999994,132.61120073749711,8.861488822309298
2,4.393159555039017,17.999691681000044,138.31528001843742,11.24683106706614
2,3.4351652000664123,16.961248058000034,134.89283244987325,7.374971191518782
2,4.572472189938569,17.30739539999984,146.16271030191288,8.45817008527311
2,4.3782168354640545,25.61494551600013,142.7633095183222,7.78981332104172
2,4.657147600863357,28.03798094000012,139.1680110624568,10.324959668126297
2,3.782168354640545,33.922487869999934,141.2998386725052,12.514404240608428
2,3.494936078366263,16.61509983500002,143.3625259276331,14.173772758700181
2,4.14411422878964,23.191909822999968,141.4265959898594,9.5874625489744
2,3.5762908849410597,24.922649675000045,140.88499654298226,12.963816547591634
2,4.281919309314295,25.961088839999977,142.63655220096797,8.342936160405628
2,3.483313963141292,22.153467280000005,146.3125144042406,16.61673196589075
2,4.343350489789142,22.84576201100008,144.65314588614888,11.120073749711906
2,4.537605844263656,35.30709000999998,149.05508181608667,10.543904125374524
2,4.530964635563673,23.191912909999722,146.934777598525,7.513251901359752
2,3.9166528308152087,20.076578358000017,135.95298455865407,7.905047245909202
2,4.899551718412751,22.84576273499997,143.20119843281861,8.239225628024883
2,4.791632077038021,51.22988573000031,145.20626872551279,7.640009218713999
2,4.137473020089657,22.49960922000027,144.5148651763079,18.26457709149571
2,3.7987713763905036,20.422727115000093,136.7596220327264,8.031804563263421
2,3.451768221816371,24.922649711999963,138.73012214796037,12.099562111085518
2,4.580773700813548,24.576498459999982,146.34708458170084,9.92164093109011
2,4.572472189938569,21.11502239399987,140.03226549896291,8.8845356072828
2,3.6161381371409598,20.768874372999942,134.36275639548282,7.697626181147726
2,3.1263489955171844,18.345839091999938,135.1924406545287,7.063839594376589
2,3.7356798937406612,18.345839402000017,136.95551970500114,9.898594146116608
2,4.567491283413582,25.268801629999974,148.09864023968657,7.052316201889852
2,3.773866843765566,19.384285199999795,146.03595298455866,15.833141276791878
2,4.708616968288228,23.884200930000127,147.51094722286243,9.345471306752728
2,3.9515191764901214,17.999691647999985,137.96957824383497,13.620649919336245
2,4.394819857214014,18.69198655999993,143.63908734731504,12.733348697856627
2,4.897891416237756,40.15316121999998,148.1332104171468,9.414611661673206
2,4.2271293375394325,33.230201899999976,140.21663977875087,10.532380732887788
2,3.677569317615806,28.03797908999983,142.54436506107396,15.64876699700389
2,3.714095965465715,17.307395823000085,132.4844434201429,8.158561880617654
2,4.638884276938403,32.191755972000024,147.56856418529617,12.952293155104883
2,4.353312302839117,25.614945473000013,145.07951140815857,18.633325651071686
2,4.263655985389341,29.4225800399997,144.45724821387415,10.935699469923946
2,5.508882616636228,33.5763514399999,151.29061995851578,9.875547361143106
2,4.8962311140627595,21.11502604000004,149.02051163862643,5.853883383268055
2,4.539266146438652,25.96109306800001,140.51624798340632,12.076515326112002
2,4.746803918313133,25.61494661000016,145.14865176307904,7.478681723899513
2,4.05611821351486,25.268797849999913,147.49942383037566,8.342936160405628
2,3.777187448115557,24.23035313100001,132.1733118230007,6.948605669509092
2,4.979246222812552,31.845608859999984,143.63908734731504,7.052316201889823
2,4.589075211688527,26.653391989999996,149.7349619728048,6.430053007605437
2,4.301842935414245,32.19175798800003,140.96566029038948,12.191749250979484
2,3.8967292047152586,22.15346580699995,144.59552892371514,14.81908273795807
2,4.560850074713598,28.384123340000066,148.352154874395,5.565798571099322
2,3.558027561016105,15.230508410000107,132.70338787739112,7.720672966121242
2,4.71193757263822,24.576500739999922,147.68379811016362,8.91910578474301
2,3.3455088826166364,24.576502200999993,135.82622724129985,10.636091265268504
2,3.778847750290553,14.884359714000052,134.67388799262503,8.619497580087568
2,3.8618628590403454,27.345685061999983,141.34593224245216,13.747407236690464
2,4.235430848414412,19.73043093000004,142.7172159483752,14.047015441345934
2,4.381537439814046,39.11471702999991,149.3546900207421,8.40055312283937
2,4.549227959488627,27.345685362000076,146.24337404932012,14.035492048859197
2,5.14029553378715,45.34537314000011,148.2023507720673,10.520857340400994
2,4.120869998339698,37.383974181000035,135.36529154182992,8.803871859875557
2,3.6875311306657816,37.38397443200009,136.07974187600828,8.227702235538118
2,3.966461896065084,19.03813686999989,147.56856418529617,6.4646231850657045
2,3.6759090154408107,24.230353659000016,140.2281631712376,10.855035722516732
2,3.9548397808401132,22.153466386000062,137.04770684489515,7.559345471306756
2,4.17233936576457,28.384128191999977,139.30629177229775,11.120073749711906
2,3.8170347003154577,20.76887511700001,142.00276561419682,15.798571099331639
2,3.96812219824008,28.037980473000005,142.48674809864025,15.568103249596689
2,3.998007637390005,34.61479552999996,144.71076284858262,13.943304908965189
2,3.6310808567159225,22.153466761999915,139.90550818160867,12.44526388568795
2,4.6256018595384365,22.845761710999916,146.17423369439965,8.135515095644166
2,3.3106425369417236,13.499768787999939,134.32818621802258,5.4275178612583375
2,3.6526647849908684,16.268952223999904,137.77368057156028,11.131597142198672
2,4.967624107587581,35.653233399999955,149.78105554275177,6.718137819774142
2,5.1120703968122205,36.34552838000002,146.05899976953216,7.075362986863354
2,4.379877137639051,21.461170654000007,144.92970730583085,16.76653606821847
2,4.0395151917649015,17.65354373399995,142.94768379811015,14.726895598064061
2,4.618960650838453,28.037982870000032,146.16271030191288,6.914035492048868
2,4.668769716088328,21.46116752999999,145.70177460244295,9.702696473841883
2,3.465050639216338,26.307241161000054,141.89905508181607,8.296842590458596
2,3.6410426697658975,22.153466408999925,136.9439963125144,10.68218483521548
2,4.710277270463225,26.999536994999975,144.08849965429823,16.881769993085967
2,4.031213680889922,31.499464610000025,138.46508412076514,9.138050241991237
2,4.046156400464885,24.922649608999922,139.202581239917,7.755243143581453
2,4.21218661796447,27.3456841299996,146.19728047937312,11.408158561880612
2,3.998007637390005,17.999690882000014,145.5980640700622,11.53491587923483
2,3.230948032541923,20.076578731000048,133.10670661442728,7.490205116386264
2,4.613979744313466,24.92265354000003,146.25489744180686,8.239225628024883
2,4.026232774364935,26.65338559000002,139.6750403318737,9.656602903894907
2,3.883446787315292,31.499460371999938,134.98501958976723,8.723208112468313
2,4.791632077038021,29.076429650000122,148.25996773450103,6.061304448029517
2,3.5248215175161883,22.15346672000004,134.01705462088037,7.363447799032031
2,3.382035530466545,22.49961430200009,137.95805485134824,9.564415764000927
2,4.142453926614644,35.65323473699991,138.48813090573867,10.55542751786129
2,3.7539432176656153,20.768876682000087,144.54943535376813,17.008527310440172
2,4.074381537439814,17.999691447000075,140.04378889144965,12.629638165475924
2,4.10426697658974,30.461016064999985,144.0769762618115,15.683337174464185
2,3.7390004980906526,23.538058031000034,139.77875086425445,6.7066144272874055
2,3.5530466544911175,27.345681069999987,140.26273334869785,12.548974418068681
2,3.747302008965632,33.23019940700007,143.18967504033188,13.228854574786823
2,3.8967292047152586,22.499614489999846,137.0361834524084,7.651532611200764
2,4.296862028889258,29.768719754000028,137.50864254436505,10.163632173311811
2,3.7273783828656817,19.730431081000017,137.9465314588615,11.834524083890315
2,4.579113398638553,22.153465722000025,140.14749942383037,8.354459552892365
2,3.197741989042006,32.19175546500003,142.41760774371974,14.830606130444806
2,4.165698157064586,30.807164689999887,141.5648766997004,10.232772528232317
2,3.7556035198406112,25.961101620000093,140.78128601060152,13.758930629177215
2,3.672588411090819,25.614945191999997,137.13989398478913,8.896058999769537
2,4.655487298688362,24.922646260000096,146.91173081355151,7.490205116386278
2,5.317947866511705,28.384129270000027,150.91034800645312,12.618114772989173
2,4.21218661796447,27.69182940000017,135.68794653145886,6.8564185296151265
2,4.072721235264819,23.191909443999872,144.8259967734501,11.53491587923483
2,4.034534285239914,16.615100066999926,140.55081816086656,7.985710993316445
2,4.682052133488296,32.19175612999989,145.63263424752247,9.3454713067527
2,4.072721235264819,28.730276554999946,137.785203964047,11.004839824844439
2,4.519342520338702,26.307241945,141.78382115694862,13.586079741876006
2,3.8386186285904036,17.999691017999975,137.1283705923024,7.801336713528485
2,3.9216337373401964,26.65338921399994,137.923484673888,10.739801797649235
2,3.6642869002158394,25.26880287999994,145.3560728278405,14.842129522931543
2,4.466212850738835,21.46117053999988,146.20880387185989,12.041945148651791
2,4.763406940063092,25.26879800999998,148.2253975570408,7.893523853422437
2,4.261995683214345,23.538055899999936,146.77345010371053,4.724590919566737
2,4.323426863689192,23.53805805099987,144.97580087577785,15.67181378197742
2,3.5347833305661633,30.461016234000077,137.72758700161327,7.409541368979035
2,3.4268636891914332,21.461170712999966,133.33717446416225,6.625950679880148
2,4.90785322928773,24.230353809999993,141.3228854574787,12.364600138280707
2,3.7290386850406776,28.384129013000052,142.4752247061535,11.131597142198672
2,4.620620953013449,22.499614367999936,144.68771606360912,10.62456787278174
2,4.061099120039848,24.23035373899998,145.19474533302602,15.625720212030416
2,4.595716420388511,25.268797918999997,139.90550818160867,7.259737266651285
2,4.266976589739333,30.114867849000067,145.89767227471768,17.734501037105304
2,4.58409430516354,40.499308540000165,148.68633325651072,10.232772528232317
2,4.25203387016437,25.61495278000009,147.2459091956672,8.285319197971887
2,3.461730034866346,17.653543951999943,142.75178612583545,16.674348928324505
2,4.217167524489457,24.576504832000133,146.65821617884305,14.162249366213416
2,4.554208866013615,22.49961437999964,145.5980640700622,6.015210878082485
2,4.4064419724389845,34.61478845000004,147.33809633556118,6.925558884535604
2,5.2033870164369915,29.768723290000686,150.13828070984098,11.085503572251696
2,3.7306989872156735,22.84576203800008,138.46508412076514,11.108550357225155
2,4.202224804914494,28.384128643999944,143.78889144964276,17.388799262502857
2,4.517682218163706,46.0376740099988,142.98225397557042,8.100944918183927
2,4.149095135314628,15.922803426000053,134.719981562572,9.44918183913343
2,3.96812219824008,26.999537128000043,136.64438810785896,7.559345471306756
2,3.98804582434003,26.65338887399976,139.64047015441346,10.336483060613034
2,4.502739498588744,30.80716435999997,142.97073058308365,14.346623646001376
2,3.998007637390005,20.76887311000003,146.34708458170084,7.928094030882676
2,4.140793624439648,20.076579158000012,138.34985019589766,10.278866098179293
2,4.315125352814213,30.807164169000117,147.23438580318046,16.881769993085953
2,3.68421052631579,34.96093961199993,135.60728278405162,9.48375201659367
2,3.944877967790138,18.345839159999848,141.61097026964737,13.885687946531434
2,4.682052133488296,37.03782645900003,147.67227471767688,11.039410002304663
2,3.9166528308152087,20.07657862199995,142.84397326572943,17.561650149804095
2,4.369915324589075,25.614944940999944,144.21525697165245,15.498962894676197
2,3.8452598372903872,25.614945596000027,138.13090573864946,11.131597142198672
2,4.514361613813715,21.461169979999916,145.8285319197972,11.07398017976493
2,3.9332558525651673,20.076578778999988,144.91818391334408,16.052085734040077
2,4.182301178814544,45.691522219999946,139.9861719290159,12.468310670661438
2,4.318445957164204,25.961093087999984,138.46508412076514,9.333947914265963
2,4.017931263489955,14.538212439999809,144.71076284858262,8.688637935008074
2,3.9216337373401964,16.96124824700003,142.39456095874624,14.196819543673627
2,4.298522331064254,25.61494417999993,149.4699239456096,8.780825074902054
2,5.266478499086834,40.15315620000015,148.09864023968657,8.412076515326106
2,3.659305993690852,38.07626967500005,139.51371283705922,11.016363217331161
2,3.969782500415076,26.30723576999991,147.30352615810094,8.515787047706823
2,3.778847750290553,19.38428266599998,136.1027886609818,8.296842590458624
2,4.069400630914827,34.96093911700012,137.05923023738188,9.817930398709393
2,3.748962311140628,24.23035432499984,143.54690020742106,14.15072597372665
2,3.3870164369915328,21.11502308100005,137.38188522701083,10.025351463470841
2,3.8253362111904368,32.884050490000206,143.96174233694398,16.247983406314816
2,4.354972605014113,30.461015936000116,142.31389721133903,12.237842820926488
2,3.4982566827162547,22.499614750999957,140.13597603134363,12.871629407697625
2,4.534285239913665,19.73043103499994,139.80179764922792,6.97165245448258
2,4.547567657313631,29.422572175000077,143.15510486287164,11.408158561880612
2,3.5995351153910016,12.807472992000037,133.38326803410925,7.271260659138065
2,4.399800763739001,28.037979470000028,148.19082737958055,8.481216870246612
2,4.364934418064088,24.922646430000082,149.0666052085734,6.660520857340401
2,4.243732359289391,22.499607689999976,145.5980640700622,9.725743258815385
2,4.129171509214677,25.26879704599999,142.08342936160406,13.735883844203727
2,3.6161381371409598,21.115022611000107,140.13597603134363,12.214796035953
2,3.6360617632409102,17.653543554999942,133.29108089421527,8.123991703157415
2,3.986385522165034,29.768718290000134,139.7211339018207,9.149573634478003
2,4.466212850738835,25.614939829999987,147.5800875777829,9.5874625489744
2,4.574132492113565,25.96109307000008,138.4766075132519,9.195667204425007
2,4.147434833139632,27.691831919999935,146.37013136667434,10.543904125374496
2,3.998007637390005,40.499308209999974,135.18091726204196,9.287854344318987
2,3.363772206541591,19.730434262000134,138.7646923254206,12.283936390873478
2,4.409762576788976,24.922649551999825,145.72482138741645,10.520857340401022
2,4.029553378714926,30.46101682899996,139.0066835676423,12.030421756165012
2,4.130831811389673,20.076578697999917,136.63286471537222,8.423599907812871
2,4.042835796114893,31.15331192800004,135.11177690712145,10.49781055542752
2,3.4899551718412756,14.884359520000029,143.03987093800416,13.33256510716754
2,3.793790469865516,21.807318495999997,141.19612814012444,13.758930629177229
2,5.170180972937075,34.61479278999979,149.7349619728048,11.004839824844424
2,4.701975759588246,32.884052049999696,145.7593915648767,8.45817008527311
2,4.30018263323925,21.80731810800002,137.60082968425905,7.835906890988724
2,4.4462892246388845,24.922650021999974,145.1371283705923,17.67688407467159
2,4.662128507388345,28.03798165900012,147.81055542751787,12.064991933625265
2,3.96812219824008,35.307083180000085,140.6084351233003,13.2979949297073
2,3.406940063091483,27.345684965000075,141.25374510255818,13.643696704309733
2,4.439648015938901,30.11486891400003,145.85157870477067,10.8089421525697
2,3.876805578615308,28.730287079999915,141.65706383959437,12.191749250979484
2,4.482815872488794,43.96078417099991,140.6314819082738,10.543904125374524
2,4.0594388178648515,22.153466295000005,144.37658446646694,16.547591610970287
2,3.7556035198406112,23.191910308000065,135.5035722516709,7.812860106015222
2,3.8153743981404618,23.884205949000062,134.5471306752708,8.446646692786373
2,4.027893076539931,23.884205971000036,144.22678036413922,17.6077437197511
2,3.866843765565333,27.691832274999925,146.3816547591611,14.565568103249632
2,3.7190768719907026,19.38428314900001,143.69670430974878,17.51555657985709
2,4.698655155238254,26.999536960000125,148.42129522931552,8.84996542982256
2,3.9266146438651837,23.884205620000042,139.01820696012905,7.605439041253732
2,3.494936078366263,21.80731825600003,142.1871398939848,11.661673196589106
2,3.255852565166861,17.653543721000073,134.4779903203503,8.412076515326092
2,3.7306989872156735,31.499460283999912,140.88499654298226,10.728278405162484
2,3.760584426365599,15.230508117000038,133.95943765844663,7.962664208342915
2,3.494936078366263,26.65338913199991,137.83129753399402,10.186678958285341
2,5.1236925120371914,44.999226360999955,149.36621341322888,10.866559115003497
2,4.05611821351486,17.307395744000086,141.46116616731965,16.109702696473818
2,4.396480159389009,31.84560783000001,142.6480755934547,16.201889836367826
2,3.777187448115557,27.691830560000046,144.23830375662595,8.654067757547836
2,5.133654325087166,36.69167907999967,147.19981562572022,7.939617423369441
2,4.542586750788644,22.49961062000011,145.63263424752247,14.91126987785205
2,3.602855719740993,33.57634779500004,141.2767918875317,14.185296151186918
2,3.979744313465051,23.538057729999977,139.9631251440424,12.364600138280707
2,4.600697326913498,21.46117045900002,140.1244526388569,12.122608896059006
2,3.77220654159057,32.53789866000001,139.32933855727126,10.647614657755241
2,4.042835796114893,27.345684982999913,137.66997003917953,7.202120304217573
2,4.132492113564669,25.268797562999975,136.32173311823001,7.97418760082968
2,3.9432176656151423,17.999691536999816,143.30490896519936,15.372205577321978
2,4.5774530964635565,29.076424389000014,139.202581239917,8.412076515326078
2,3.3189440478167027,21.461170818000003,136.6098179303987,12.168702466005982
2,4.225469035364437,28.730276783000065,142.98225397557042,15.660290389490669
2,3.98804582434003,34.268643419999854,142.00276561419682,12.249366213413225
2,4.90785322928773,31.15331214000011,146.75040331873703,7.593915648766995
2,4.403121368088993,50.19144773500003,142.2793270338788,13.701313666743516
2,3.5015772870662465,48.11455921300001,135.7455634938926,8.41207651532612
2,4.60401793126349,33.5763469469999,147.54551740032264,8.930629177229775
2,3.9149925286402127,16.961247669999914,135.8607974187601,6.994699239456082
2,3.8983895068902545,20.76887471999994,139.06430053007605,9.910117538603345
2,4.746803918313133,34.96094278999995,146.01290619958516,6.8794653145886
2,4.041175493939897,21.46116979400002,133.46393178151646,8.82691864484903
2,3.993026730865018,27.345685734000007,142.62502880848123,15.890758239225647
2,3.647683878465881,15.922804321999994,134.98501958976723,11.292924637013144
2,4.554208866013615,34.26864074999994,142.29085042636552,11.500345701774592
2,3.993026730865018,16.615099922999974,142.0949527540908,14.484904355842346
2,3.8402789307653995,16.961246993999964,140.93109011292924,11.661673196589078
2,4.444628922463889,25.268797871999954,145.67872781746948,13.689790274256751
2,3.878465880790304,28.38412875500004,142.29085042636552,15.683337174464157
2,3.7157562676407108,24.230353855000107,135.73404010140587,7.501728508873043
2,4.217167524489457,37.03782603999991,145.6902512099562,10.739801797649193
2,3.86020255686535,25.961092933999907,135.7225167089191,10.808942152569713
2,4.095965465714761,23.1919099019999,143.68518091726204,13.194284397326584
2,3.649344180640877,23.191909762000016,140.4701544134593,12.940769762618103
2,4.100946372239748,21.115022713000045,133.1988937543213,7.351924406545294
2,4.436327411588909,21.461170297999985,146.03595298455866,10.013828070984118
2,3.5131994022912174,17.307395423000052,133.48697856648997,8.377506337865867
2,3.878465880790304,21.807318648000145,144.1576400092187,10.912652684950444
2,4.253694172339366,26.65338883099999,136.32173311823001,12.157179073519245
2,4.771708450938071,32.19175543899999,148.84766075132518,12.410693708227683
2,3.5215009131661965,33.922495418000075,132.06960129061994,6.914035492048839
2,4.599037024738503,28.037973899999873,148.23692094952753,5.1509564415763975
2,4.217167524489457,25.961093147999975,137.80825074902052,9.080433279557525
2,4.160717250539599,23.19190927200003,136.7480986402397,8.285319197971887
2,3.773866843765566,34.61479162200007,141.080894215257,11.615579626642102
2,4.157396646189607,35.30708604300006,138.08481216870248,13.044480294998863
2,4.162377552714594,30.461016241999996,141.28831528001845,10.601521087808266
2,4.383197741989043,48.46070746700015,136.78266881769994,9.587462548974429
2,4.851402955337872,31.15330895000004,147.83360221249134,8.803871859875528
2,3.8054125850904867,17.307395470999992,135.65337635399862,6.78727817469462
2,4.281919309314295,18.691987134999977,144.8490435584236,14.565568103249603
2,3.461730034866346,22.49961351899997,135.29615118690944,8.665591150034587
2,3.958160385190105,24.230353638000008,137.04770684489515,9.64507951140817
2,4.703636061763241,28.037980654999902,141.74925097948835,8.273795805485122
2,3.7290386850406776,16.268952385000006,143.56994699239456,15.429822539755719
2,3.9946870330400137,20.422726543000007,141.65706383959437,13.332565107167568
2,4.700315457413249,33.57635269000014,150.25351463470847,7.8820004609357
2,3.450107919641375,33.57634737000015,138.2346162710302,6.637474072366899
2,3.6260999501909352,20.422726360000002,137.30122147960358,8.008757778289919
2,3.758924124190603,19.730431080000052,141.50725973726665,14.047015441345934
2,3.7539432176656153,22.153466553000015,134.00553122839364,7.674579396174224
2,4.130831811389673,41.88389542000015,147.66075132519015,6.095874625489756
2,4.243732359289391,18.691987808999997,142.3830375662595,9.5874625489744
2,nan,nan,nan,nan
2,4.763406940063092,29.42257228999989,147.16524544825998,7.248213874164577
2,4.886269301012785,38.42242033000015,147.97188292233236,8.331412767918891
2,5.1602191598871,21.115020050000155,150.32265498962894,6.107398017976493
2,4.097625767889756,27.345685279999906,137.62387646923253,8.930629177229775
2,4.137473020089657,20.4227269429999,140.11292924637013,10.555427517861233
2,4.38817864851403,28.7302763310001,138.20004609356994,9.645079511408142
2,nan,nan,nan,nan
2,4.175659970114562,21.46117089400004,145.98985941461166,15.00345701774603
2,3.81205379379047,17.999690971999964,139.06430053007605,10.92417607743721
2,3.891748298190271,20.076579363000057,140.78128601060152,11.915187831297516
2,4.482815872488794,19.730431194000044,138.06176538372895,8.711684719981548
2,3.70413415241574,23.191909585,136.80571560267342,8.331412767918863
2,4.310144446289225,28.73027395000019,145.8285319197972,14.5194745333026
2,3.8236759090154413,33.230199151999955,137.91196128140123,7.0407928094030865
2,3.690851735015773,21.115022067000055,135.65337635399862,7.651532611200736
2,3.8087331894404786,19.384282962999904,137.9926250288085,10.394100023046803
2,3.8153743981404618,27.345684965000004,145.48283014519475,18.27610048398249
2,4.763406940063092,27.69183307000003,145.7824383498502,15.222401474994228
2,4.349991698489125,25.614944889999908,139.3639087347315,9.31090112929246
2,4.074381537439814,21.807318592999973,144.5609587462549,17.573173542290846
2,3.589573302341026,18.345840045999942,136.71352846277944,8.446646692786345
2,4.530964635563673,36.69167859400003,141.65706383959437,12.618114772989173
2,3.7340195915656653,29.76872053399984,141.25374510255818,13.632173311822996
2,4.242072057114395,34.61479157900002,139.01820696012905,13.735883844203713
2,4.220488128839449,32.53790381299998,143.23576861027888,13.874164554044711
2,4.281919309314295,42.922340985000126,139.94007835906893,13.240377967273588
2,nan,nan,nan,nan
2,4.112568487464719,19.73043160999971,142.90159022816317,13.355611892141042
2,4.173999667939565,35.65323714099996,136.9900898824614,8.919105784743039
2,4.243732359289391,23.538057375000058,139.08734731504956,9.276330951832222
2,3.760584426365599,22.15346637000001,144.10002304678497,9.783360221249126
2,3.3670928108915827,16.268952270000053,145.7363447799032,17.61926711223782
2,3.5248215175161883,14.192064529000014,133.51002535146347,7.847430283475447
2,3.893408600365267,20.422726510000015,138.54574786817238,14.3005300760544
2,4.027893076539931,35.99938021000004,140.40101405853883,9.483752016593684
2,3.959820687365101,23.884206215999956,134.80064530997927,8.815395252362308
2,4.245392661464387,17.999691444999936,145.94376584466465,18.18391334408848
2,4.1075875809397315,28.037980858999916,135.36529154182992,9.322424521779226
2,4.521002822513698,27.691832906000037,142.65959898594147,15.775524314358165
2,3.8967292047152586,25.96109335300002,140.23968656372438,13.977875086425456
2,4.534285239913665,25.96109937999996,148.67480986402398,7.294307444111553
2,4.650506392163374,24.230359229999998,148.31758469693477,6.994699239456082
2,4.363274115889092,33.922496021000086,143.63908734731504,10.855035722516703
2,3.5314627262161715,20.076578311999935,139.54828301451948,12.122608896058992
2,4.353312302839117,22.84576192099992,142.15256971652454,11.20073749711915
2,4.188942387514528,26.30724197899989,137.4740723669048,8.67711454252131
2,4.14411422878964,21.11502209799998,142.57893523853423,14.980410232772527
2,4.142453926614644,17.653543993000063,139.02973035261581,11.258354459552905
2,4.01627096131496,34.26864033999999,137.07075362986862,6.11892141046323
2,4.0395151917649015,32.19175602499992,144.35353768149344,15.890758239225619
2,4.105927278764735,28.730276381000035,144.8029499884766,9.356994699239436
2,3.800431678565499,27.34568488499997,140.72366904816778,11.20073749711915
2,4.3383695832641544,23.88420843000005,146.53145886148883,14.0585388338327
2,4.5060601029387355,25.961093909999953,146.7619267112238,9.03433970961052
2,3.886767391665283,29.76872040400001,134.86978566489975,9.449181839133459
2,3.8851070894902877,35.99938184000006,136.1488822309288,8.861488822309298
2,4.0793624439648015,20.768874422000053,134.70845817008527,9.241760774371969
2,3.9332558525651673,20.42272648700008,141.70315740954135,12.81401244526387
2,3.690851735015773,22.84576172799993,140.33187370361836,12.122608896059006
2,3.9166528308152087,20.076579150999915,136.04517169854807,10.924176077437224
2,3.983064917815043,26.99953738500009,140.3203503111316,11.53491587923483
2,3.8336377220654163,14.538212449999865,139.11039410002303,7.421064761465743
2,3.7755271459405613,28.730276560000043,140.28578013367135,8.40055312283937
2,3.934916154740163,22.15346599699991,144.79142659598986,10.371053238073301
2,3.983064917815043,17.30739520800009,137.42797879695783,8.999769532150282
2,3.783828656815541,17.30739577099988,139.6519935469002,10.993316432357659
2,4.653826996513366,23.538057788999726,144.94123069831758,7.536298686333254
2,4.550888261663623,30.114868385999888,147.99492970730583,11.696243374049317
2,4.125850904864686,40.15315778499992,141.53030652224015,11.212260889605915
2,3.5065581935912338,20.42272633699993,139.79027425674118,14.162249366213402
2,3.8286568155404286,25.614945055000142,135.22701083198893,8.607974187600817
2,4.283579611489292,19.730430686999977,138.60336483060613,10.382576630560038
2,3.8967292047152586,23.884205703999864,140.93109011292924,14.415764000921868
2,4.655487298688362,38.768568040000034,146.72735653376355,5.807789813321051
2,3.4965963805412588,18.691987244000078,137.53168932933855,7.328877621571763
2,3.6360617632409102,19.730430659000014,139.02973035261581,13.424752247061548
2,3.470031545741325,20.768874687999983,144.6070523162019,14.934316662825552
2,4.30018263323925,29.422575119999877,146.75040331873703,11.304448029499866
2,4.821517516187947,26.999535819999668,148.81309057386494,10.036874855957592
2,4.14411422878964,26.30724124899987,134.53560728278404,7.547822078819991
2,4.431346505063922,36.34553106299981,144.5148651763079,15.164784512560487
2,4.467873152913831,18.691983320000272,150.14980410232772,6.222631942843947
2,3.4965963805412588,20.76887515699989,133.78658677114544,8.596450795114094
2,3.856881952515358,30.461016539999953,138.99516017515558,11.68471998156258
2,3.700813548065748,19.38428349399987,138.25766305600368,6.418529615118672
2,4.05611821351486,29.768720315000163,141.50725973726665,12.75639548283013
2,3.8950689025402627,28.73027651599996,143.7658446646693,15.936851809172637
2,3.770546239415574,15.576655525000106,132.39225628024892,6.28024890527773
2,3.484974265316288,19.384282513000006,134.5010371053238,8.181608665591156
2,3.888427693840279,28.037975660000075,147.94883613735882,10.082968425904568
2,4.034534285239914,26.65338977100001,141.4035492048859,13.182761004839818
2,3.614477834965964,38.07627052299985,133.12975339940078,8.5042636552201
2,3.6958326415407607,27.34568470899999,135.9645079511408,7.743719751094716
2,4.23211024406442,22.499614471000044,137.3473150495506,8.723208112468313
2,4.713597874813217,25.614945900000045,147.01544134593226,9.564415764000927
2,5.0240743815374405,23.53806703999983,148.53652915418297,10.878082507490205
2,3.7406608002656485,19.730430896000016,141.78382115694862,12.26088960589999
2,3.956500083015109,40.499308059999684,143.9847891219175,16.386264116155786
2,4.0079694504399805,23.191910538999938,141.34593224245216,12.122608896059006
2,3.9282749460401796,21.807324719999855,143.53537681493432,16.559115003457023
2,3.39199734351652,18.34583963300003,134.4779903203503,8.089421525697162
2,3.6427029719408934,20.07657932299997,141.11546439271723,13.044480294998863
2,4.700315457413249,24.57650321999988,148.58262272412998,6.718137819774142
2,3.790469865515524,25.961093482000027,137.53168932933855,8.849965429822532
2,3.4019591565664955,15.922803431000082,135.52661903664438,8.504263655220072
2,3.670928108915823,21.807318509999977,143.20119843281861,16.02903894906659
2,3.981404615640047,22.84576263000007,148.07559345471307,18.091726204194515
2,4.56417067906359,18.69198781499992,144.05392947683796,15.268495044941204
2,4.560850074713598,48.46070879999997,147.76446185757086,11.143120534685409
2,4.247052963639383,20.42272538999995,145.97833602212492,9.541368979027425
2,3.946538269965134,21.46117007900003,142.26780364139202,17.354229085042633
2,3.7124356632907194,20.42272661099992,134.00553122839364,9.138050241991252
2,4.6654491117383365,31.499460162999895,142.87854344318967,6.337865867711429
2,4.9443798771376395,29.07641768999991,146.58907582392254,10.8089421525697
2,4.34833139631413,26.307241275000045,140.3894906660521,12.883152800184376
2,4.4579113398638555,23.538058477999904,142.0949527540908,14.807559345471304
2,4.384858044164038,24.576502009000105,140.68909887070754,6.153491587923497
2,4.235430848414412,28.03798134700004,134.38580318045632,7.1905969117308075
2,3.494936078366263,16.61509976200001,139.6980871168472,12.214796035952986
2,4.0395151917649015,27.34568430399993,144.26135054159946,15.026503802719532
2,3.835298024240412,27.345693620000056,143.25881539525236,18.56418529615118
2,4.86800597708783,35.999382395999895,146.77345010371053,13.643696704309747
2,4.965963805412586,49.49915174700017,146.03595298455866,16.443881078589556
2,3.86020255686535,22.15346569700016,140.26273334869785,15.360682184835213
2,3.6526647849908684,20.422726547999897,135.42290850426366,8.58492740262733
2,3.6161381371409598,15.576655945000045,146.22032726434662,19.981562572021204
2,3.5464054457911343,23.19191000800011,140.93109011292924,8.469693477759847
2,4.223808733189441,17.99969079999991,146.56602903894907,6.660520857340401
2,4.0793624439648015,26.653391190000068,145.28693247292003,5.888453560728294
2,3.983064917815043,33.576347570000024,135.49204885918414,8.412076515326106
2,4.265316287564337,19.730430712000118,142.19866328647151,10.428670200507014
2,4.980906524987548,30.807167240000098,145.01037105323806,6.844895137128361
2,4.004648846089989,20.422724499999934,142.8094030882692,11.650149804102313
2,4.05611821351486,17.999691328000054,135.0311131597142,8.089421525697162
2,4.0195915656649515,28.38412875200001,135.7225167089191,8.29684259045861
2,3.8552216503403622,25.26879831899996,140.6084351233003,11.995851578704759
2,4.441308318113897,21.807320220000175,143.80041484212953,10.140585388338337
2,3.551386352316122,22.499613770999918,140.00921871398938,13.7589306291772
2,4.291881122364271,16.615099389000118,138.89144964277483,11.304448029499895
2,4.03619458741491,22.153466034000033,135.95298455865407,9.794883613735877
2,3.3338867673916655,33.576350180000155,145.86310209725744,17.2505185526619
2,3.6460235762908852,28.384128985999983,136.0106015210878,8.988246139663502
2,4.06441972438984,22.153466950000087,142.50979488361372,14.369670430974878
2,4.537605844263656,33.230198918999946,140.4471076284858,13.355611892141042
2,4.2586750788643535,24.230352409999877,148.490435584236,11.120073749711906
2,3.592893906691018,20.42272655999988,137.3473150495506,8.619497580087597
2,4.082683048314793,36.34552856199999,143.39709610509334,15.395252362295452
2,4.507720405113731,30.461015642999772,147.0845817008527,9.702696473841883
2,4.863025070562843,26.307241789000066,145.1140815856188,9.64507951140817
2,3.28407770214179,18.345838702999924,133.9248674809864,7.5247752938464885
2,4.137473020089657,34.614790010000085,147.98340631481906,7.109933164323564
2,3.689191432840777,19.730431560000053,138.75316893293385,9.518322194053923
2,4.65216669433837,19.73043092599998,136.0106015210878,8.919105784743039
2,4.001328241739997,31.84560785099988,138.8799262502881,11.362064991933622
2,3.6875311306657816,30.11486865300006,137.80825074902052,9.06890988707076
2,3.8170347003154577,30.80716351799996,140.64300530076054,11.396635169393846
2,4.647185787813382,35.65324068000003,149.02051163862643,12.38764692325421
2,3.8170347003154577,17.653543178999946,142.8324498732427,15.199354690020755
2,4.4064419724389845,24.57650218299995,141.01175386033648,10.693708227702245
2,3.7340195915656653,30.114868057000002,139.82484443420142,12.191749250979484
2,3.5082184957662297,21.46117100000011,142.32542060382576,15.925328416685858
2,3.958160385190105,30.80716375999999,137.2320811246831,7.905047245909202
2,3.848580441640379,26.307243899999914,139.89398478912193,10.059921640931094
2,3.4899551718412756,24.922649330000045,142.53284166858725,16.466927863563043
2,3.516520006641209,17.999690708999857,138.36137358838442,7.294307444111553
2,3.6659472023908353,21.807318430000013,136.56372436045172,9.460705231620182
2,3.7522829154906194,26.653389539000038,135.63032956902512,6.7411846047476445
2,4.7252199900381875,28.384133299999835,148.39824844434202,5.923023738188505
2,5.558691681886104,33.57634849999999,147.5339940078359,9.380041484212967
2,3.484974265316288,26.653389210000014,140.79280940308826,5.830836598294525
2,nan,nan,nan,nan
2,4.680391831313299,24.230354430000155,146.83106706614427,4.47107628485827
2,4.081022746139798,20.422727198999983,144.54943535376813,15.971421986632862
2,4.384858044164038,24.92264963000007,140.23968656372438,10.3480064530998
2,3.9548397808401132,33.576351710000175,142.98225397557042,9.875547361143134
2,4.4263655985389345,24.92264985900008,143.63908734731504,17.43489283244986
2,3.7323592893906694,31.49946007200005,135.38833832680342,7.202120304217573
2,4.198904200564503,22.499614661000006,135.66489974648536,8.031804563263421
2,3.9299352482151755,18.34583949200011,137.9004378889145,7.202120304217544
2,3.558027561016105,17.999690831000112,137.923484673888,7.351924406545294
2,3.9531794786651173,40.15315758399994,139.0527771375893,10.970269647384185
2,3.254192262991865,15.922803389999961,135.22701083198893,8.930629177229775
2,3.574630582766064,15.922803853000016,137.72758700161327,10.45171698548053
2,3.677569317615806,20.42272977699988,143.09748790043787,14.369670430974878
2,3.7755271459405613,14.538212396000004,137.9926250288085,10.255819313205848
2,3.8801261829653,22.84576193500004,143.06291772297763,16.52454482599677
2,4.011290054789972,28.730270740000144,146.0474763770454,9.73726665130215
2,3.878465880790304,20.07657854400012,141.61097026964737,14.577091495736326
2,4.859704466212851,33.92249248499984,145.19474533302602,6.441576400092174
2,2.9071891084177324,20.768874676000067,134.0746715833141,8.043327955750158
2,4.635563672588411,32.88405151000012,143.71975109472228,11.938234616271018
2,4.268636891914329,25.268797529999773,147.01544134593226,11.79995390643009
2,4.223808733189441,27.345685244999917,136.42544365061073,7.663056003687473
2,3.5098787979412256,20.768874997999994,136.78266881769994,11.557962664208347
2,4.0395151917649015,19.38428281299996,134.62779442267802,7.939617423369441
2,4.836460235762909,48.46070644000014,146.91173081355151,5.1855266190366365
2,4.162377552714594,21.11502283700002,136.13735883844205,8.250749020511648
2,4.2785987049643035,25.961096159999585,150.2419912422217,6.061304448029489
2,4.517682218163706,19.384283606999897,144.6070523162019,7.824383498501959
2,4.062759422214843,23.884205860000144,146.01290619958516,9.748790043788915
2,3.783828656815541,24.230353951999877,136.1258354459553,7.905047245909202
2,4.134152415739665,34.96093923600001,146.26642083429363,14.72689559806409
2,4.926116553212685,29.422578029999755,148.84766075132518,6.003687485595748
2,3.7423211024406444,25.268797303000035,138.24613966351694,8.135515095644166
2,3.9199734351652005,26.999537659999973,141.81839133440886,14.715372205577324
2,3.6974929437157567,14.884360389999934,136.71352846277944,6.257202120304214
2,3.848580441640379,24.922649809000077,137.5662595067988,10.497810555427506
2,4.3068238419392335,18.691981099999975,144.23830375662595,8.239225628024883
2,3.883446787315292,30.46101762999992,146.87716063609128,7.305830836598318
2,4.3383695832641544,24.576501388999944,135.8607974187601,9.034339709610506
2,4.205545409264486,29.076424616999855,146.842590458631,15.67181378197742
2,3.2259671260169354,20.768874325000006,133.48697856648997,8.377506337865867
2,4.1075875809397315,24.922649173000007,140.76976261811478,9.287854344318987
2,4.217167524489457,26.999536830000086,140.33187370361836,10.578474302834763
2,4.394819857214014,28.03798077899988,144.007835906891,8.204655450564644
2,3.5331230283911674,36.69167844500006,132.87623876469232,8.06637474072366
2,4.472854059438818,27.69183287899976,146.53145886148883,15.464392717215958
2,4.384858044164038,16.615099385000054,138.6955519705001,7.916570638395939
2,3.6294205545409266,28.037975900000454,143.54690020742106,6.648997464853636
2,4.2271293375394325,24.23035363199988,137.22055773219637,11.200737497119164
2,3.991366428690022,29.422575349999924,141.13851117769073,6.821848352154888
2,4.3582932093641045,31.153319079999797,146.09356994699237,16.789582853191945
2,4.218827826664453,31.845609460000034,143.9847891219175,6.268725512790951
2,4.7600863357131,24.576501330000056,149.72343858031806,8.12399170315743
2,3.4102606674414746,28.384128915999934,134.10924176077435,9.10348006453097
2,3.70413415241574,28.384128557999986,136.4369670430975,7.547822078820019
2,4.627262161713432,32.19175855000089,142.01428900668355,5.773219635860784
2,4.540926448613648,33.92249536500004,142.82092648075593,14.876699700391782
2,4.333388676739167,24.230353809999993,137.38188522701083,8.423599907812843
2,3.539764237091151,17.999691578999972,140.3433970961051,14.911269877852035
2,4.532624937738669,29.422571953999913,141.46116616731965,11.788430513943297
2,4.452930433338868,22.845762089999806,143.13205807789814,8.930629177229775
2,4.6256018595384365,14.884360071000037,137.09380041484215,10.866559115003483
2,4.047816702639881,27.345694329999613,146.6466927863563,12.92924637013138
2,4.222148431014445,24.230352750000126,139.02973035261581,14.19681954367367
2,4.567491283413582,24.92264953999998,144.6300991011754,7.60543904125376
2,3.7057944545907358,24.92264958399992,141.11546439271723,14.588614888223091
2,4.240411754939399,19.384282222999968,135.65337635399862,8.066374740723688
2,3.9050307155902377,18.691989919999983,141.3228854574787,6.4070062226319635
2,3.747302008965632,15.922804222000055,136.88637935008066,7.3404010140585285
2,3.777187448115557,15.230507884999993,142.68264577091497,17.37727587001615
2,3.7423211024406444,25.268797842999955,144.44572482138742,16.997003917953435
2,3.8103934916154745,19.038135218000033,136.02212491357454,7.467158331412747
2,4.086003652664785,29.076424657999908,140.6084351233003,9.633556118921405
2,3.8967292047152586,28.037984279999925,147.30352615810094,8.250749020511648
2,4.3466710941391336,24.922653489999888,148.2023507720673,13.828070984097707
2,4.49609828988876,23.538057749999812,146.41622493662135,10.820465545056464
2,4.678731529138304,29.768720597,147.56856418529617,17.67688407467159
2,4.454590735513864,30.461009609999977,146.54298225397557,6.30329569025119
2,3.6194587414909516,22.845762271999984,136.22954597833603,8.100944918183927
2,3.3870164369915328,22.845762695999984,132.80709840977184,7.386494584005547
2,4.6969948530632575,25.26879472000004,147.56856418529617,4.98962894676194
2,4.444628922463889,31.153309860000032,149.08965199354688,11.269877852039627
2,4.321766561514196,35.307086902000016,143.85803180456327,8.907582392256273
2,3.946538269965134,19.384281089999956,146.46231850656832,6.326342475224692
2,3.7290386850406776,19.384282954999982,146.15118690942614,18.667895828531925
2,4.970944711937573,25.614945928000147,144.33049089651993,8.64254436506107
2,3.6642869002158394,20.076579553000016,138.36137358838442,14.185296151186904
2,3.8236759090154413,41.53774972399992,136.42544365061073,8.688637935008074
2,3.458409430516354,23.538057430999917,139.46761926711224,11.431205346854114
2,4.23211024406442,25.61495050000001,146.65821617884305,6.095874625489756
2,4.5259837290386855,20.076578834000017,144.01935929937775,12.618114772989173
2,4.082683048314793,28.38412154999997,146.3586079741876,13.332565107167568
2,4.404781670263988,32.191755411000024,136.26411615579624,9.39156487669969
2,4.180640876639549,23.538058340000084,143.81193823461626,5.508181608665609
2,3.084841441142288,29.768712850000156,141.25374510255818,15.026503802719517
2,4.140793624439648,36.345532543999994,147.026964738419,10.16363217331184
2,4.594056118213516,23.538064780000145,147.22286241069372,5.012675731735442
2,3.6194587414909516,29.42257182199995,144.8259967734501,16.363217331182284
2,3.7439814046156403,14.538212538999991,132.49596681262963,8.619497580087582
2,4.328407770214179,16.61509937000004,133.60221249135748,8.273795805485165
2,4.798273285738005,30.11486806200003,146.80802028117077,9.218713989398452
2,3.2442304499418895,23.191910592000042,136.84028578013368,8.285319197971887
2,4.026232774364935,23.884205324999908,141.97971882922334,13.378658677114572
2,3.767225635065582,23.191909760000016,142.8900668356764,18.737036183452403
2,3.187780175992031,63.691212140000175,138.66098179303987,10.95874625489742
2,3.9415573634401464,22.845762123000075,144.89513712837058,13.136667434892814
2,3.672588411090819,22.845762229000005,141.96819543673658,12.790965660290396
2,4.325087165864187,24.92265007300001,143.22424521779212,15.061073980179742
2,3.7157562676407108,19.384286570000157,144.92970730583085,9.610509333947931
2,4.492777685538768,25.61494501299999,146.2318506568334,10.808942152569728
2,4.109247883114727,25.268798079000135,138.92601982023507,8.930629177229775
2,3.86020255686535,17.999691957999996,132.69186448490436,6.337865867711457
2,3.7323592893906694,22.499614902999898,132.04655450564647,8.331412767918877
2,3.9166528308152087,43.96078478500015,144.65314588614888,15.303065222401472
2,4.899551718412751,22.84575900000002,144.8490435584236,8.757778289928552
2,4.001328241739997,19.038135232999977,143.95021894445725,13.758930629177229
2,4.001328241739997,41.53774898099996,138.7416455404471,10.797418760082962
2,5.354474514361614,39.460859419999935,150.14980410232772,7.225167089191046
2,4.788311472688029,27.345684069999958,149.89628946761925,8.216178843051381
2,4.569151585588577,26.30724143400015,142.23323346393178,10.094491818391333
2,4.330068072389175,25.268797086000006,141.92210186678957,14.692325420603808
2,3.9066910177652336,30.807164081999847,136.2525927633095,7.755243143581453
2,3.748962311140628,15.922804033000128,134.2359990781286,9.068909887070745
2,3.2458907521168854,16.268951720000008,134.719981562572,8.239225628024869
2,4.599037024738503,23.88420366999988,147.74141507259736,11.938234616271018
2,3.9731031047650673,22.845761847000016,137.57778289928555,12.825535837750635
2,3.6277602523659307,32.537903412999945,143.7658446646693,16.30560036874857
2,4.330068072389175,20.076583120000045,146.70430974879005,16.85872320811248
2,3.6211190436659475,16.61510001099993,137.13989398478913,9.138050241991237
2,3.70413415241574,19.384283800000027,141.5648766997004,12.29545978336023
2,3.7340195915656653,17.30739578499979,146.79649688868403,11.995851578704759
2,3.878465880790304,34.26864381399982,137.04770684489515,11.06245678727818
2,3.549726050141126,46.03767225500009,140.5623415533533,12.318506568333703
2,3.5563672588411093,15.576655977000003,138.67250518552663,12.295459783360243
2,3.9481985721401296,23.88420624399999,136.52915418299148,8.504263655220115
2,4.202224804914494,28.037981121999955,138.9836367826688,9.806407006222628
2,4.117549393989706,39.460862040999885,138.15395252362293,11.154643927172145
2,4.507720405113731,37.73011909999985,144.8720903433971,6.718137819774171
2,4.167358459239582,20.768877079999914,147.89121917492508,7.640009218713999
2,4.755105429188113,31.49946137999973,143.80041484212953,10.394100023046775
2,3.702473850240744,22.845761623000033,136.81723899516018,8.08942152569719
2,4.290220820189274,25.2688034500001,147.99492970730583,8.67711454252131
2,4.082683048314793,48.80685602000001,137.3473150495506,9.668126296381658
2,4.393159555039017,28.73027706099998,143.28186218022586,9.149573634478003
2,4.853063257512868,30.807160199999988,143.08596450795113,7.30583083659829
2,nan,nan,nan,nan
2,nan,nan,nan,nan
2,nan,nan,nan,nan
2,3.976423709115059,19.38428286500003,136.1488822309288,6.8564185296151265
2,3.7390004980906526,23.884208749999914,140.55081816086656,7.812860106015194
2,nan,nan,nan,nan
2,nan,nan,nan,nan
2,3.68421052631579,48.11456024000016,134.2359990781286,6.706614427287391
2,3.6260999501909352,21.11502221200004,136.90942613505416,8.953675962203278
2,nan,nan,nan,nan
2,5.130333720737174,30.46101895,148.2714911269878,9.760313436275652
2,3.901710111240246,35.999382832000016,138.4074671583314,11.557962664208333
2,nan,nan,nan,nan
2,nan,nan,nan,nan
2,4.0195915656649515,38.07626997100008,133.6828762387647,8.631020972574333
2,nan,nan,nan,nan
2,nan,nan,nan,nan
2,nan,nan,nan,nan
2,nan,nan,nan,nan
2,nan,nan,nan,nan
2,3.3089822347667277,16.26895175400003,135.4574786817239,6.7411846047476445
2,nan,nan,nan,nan
2,nan,nan,nan,nan
2,nan,nan,nan,nan
2,3.8170347003154577,23.884210910000007,142.0949527540908,7.812860106015194
2,4.464552548563839,22.84576220900003,141.13851117769073,14.86517630790506
2,3.989706126515026,41.88390028000005,145.93224245217792,9.783360221249126
2,3.878465880790304,53.652923589999624,137.3934086194976,9.437658446646708
2,3.8070728872654827,24.57650180700002,136.50610739801797,9.25328416685872
2,3.5563672588411093,30.46101667499995,140.8734731504955,11.938234616271018
2,4.5658309812385856,24.92265329000001,150.19589767227473,9.933164323576875
2,5.062261331562345,24.230355290000006,147.41876008296845,9.287854344318987
2,3.4036194587414914,15.57665641600002,136.55220096796498,6.971652454482609
2,5.030715590237423,37.38397862999995,148.70938004148422,8.527310440193588
2,3.944877967790138,23.884202000000187,137.98110163632174,8.873012214796034
2,3.780508052465549,21.80731808400005,140.10140585388336,13.632173311822996
2,4.869666279262826,34.960937130000254,148.93984789121916,7.167550126757305
2,4.502739498588744,21.807321969999904,146.16271030191288,15.014980410232766
2,3.9963473352150096,21.115022170000092,135.34224475685642,9.149573634478003
2,4.40810227461398,30.807164173999936,142.00276561419682,12.180225858492747
2,3.9398970612651505,23.191909520999946,138.54574786817238,9.460705231620182
2,4.758426033538104,34.61478937000009,146.77345010371053,8.412076515326106
2,4.14411422878964,18.345837990000057,143.5584235999078,5.715602673427043
2,3.9548397808401132,32.19175574800004,136.78266881769994,10.509333947914271
2,3.8435995351153913,22.153466649999924,138.7185987554736,8.953675962203278
2,4.2072057114394825,34.26864286699998,136.9670430974879,9.06890988707076
2,4.343350489789142,21.80731616999998,143.46623646001382,7.017746024429584
2,3.4467873152913833,26.999537313000044,139.0527771375893,12.860106015210874
2,4.4064419724389845,28.037978706000054,140.86194975800876,10.912652684950444
2,4.102606674414743,27.34568336199991,139.07582392256282,12.940769762618132
2,3.803752282915491,18.345839174000037,140.27425674118462,10.382576630560038
2,3.6858708284907857,23.884205476000023,135.7916570638396,6.8909887070753655
2,3.4899551718412756,17.999691740000003,136.6559115003457,8.631020972574333
2,4.613979744313466,46.03767546000004,146.3125144042406,10.613044480294974
2,3.890087996015275,21.807318943999967,141.64554044710763,13.781977414150745
2,3.5663290718910843,40.15315760599998,134.91587923484673,8.481216870246584
2,4.491117383363773,20.768867469999897,149.32011984328187,9.73726665130215
2,4.086003652664785,20.076582550000026,147.21133901820696,9.656602903894907
2,4.391499252864022,34.6147913219999,139.58285319197972,8.158561880617668
2,3.803752282915491,29.768720160999877,140.64300530076054,12.214796035952986
2,3.7240577785156903,14.538212538000028,140.13597603134363,13.367135284627793
2,4.247052963639383,30.11486884099995,142.65959898594147,12.214796035952986
2,4.461231944213847,20.42272744699994,145.45978336022125,10.970269647384185
2,4.599037024738503,35.999382815000004,144.38810785895367,17.04309748790044
2,4.0195915656649515,25.96109369500013,142.68264577091497,11.834524083890301
2,3.393657645691516,19.038135098000048,135.67642313897213,7.78981332104172
2,3.70413415241574,20.076578569999946,140.96566029038948,12.502880848121663
2,4.1391333222646525,16.96124746800004,139.29476837981102,8.170085273104405
2,4.177320272289557,39.11471335999991,138.93754321272183,12.191749250979484
2,4.0395151917649015,29.422571737000023,134.950449412307,7.812860106015222
2,3.694172339365765,17.99969144300001,135.60728278405162,7.052316201889823
2,4.089324257014777,17.307396058000023,137.02466005992164,7.870477068448935
2,4.751784824838121,23.884205420000026,144.37658446646694,12.698778520396417
2,3.9432176656151423,50.883741900000224,142.90159022816317,12.860106015210874
2,4.399800763739001,32.19176372000004,143.66213413228854,14.058538833832671
2,4.4064419724389845,30.461016107,139.21410463240377,11.684719981562566
2,4.054457911339864,20.768874882000006,136.90942613505416,7.905047245909202
2,3.9548397808401132,17.99969115000015,141.6916340170546,10.463240377967281
2,3.70413415241574,20.422726148000002,137.62387646923253,7.686102788660975
2,4.811555703137971,32.537904214000044,147.16524544825998,16.513021433510033
2,3.7157562676407108,40.49930530400009,134.62779442267802,8.170085273104377
2,3.8220156068404454,36.69167859200004,141.04632403779672,12.134132288545743
2,4.424705296363938,29.422570129999936,147.75293846508413,14.070062226319436
2,5.236593059936909,32.53790375999987,149.3546900207421,8.573404010140592
2,4.2785987049643035,32.884051098000036,138.93754321272183,7.259737266651314
2,4.067740328739831,36.34553043900007,145.24083890297302,17.769071214565557
2,4.451270131163872,23.191910202000063,142.48674809864025,12.088038718598767
2,5.18844429686203,38.07626903000016,150.97948836137357,9.264807559345456
2,4.560850074713598,30.461013320000202,149.2048859184144,8.296842590458652
2,3.4235430848414414,19.038135747000002,135.0772067296612,8.35445955289238
2,4.10426697658974,17.999691115999916,141.05784743028346,8.67711454252131
2,3.8070728872654827,22.153466127000016,139.94007835906893,12.963816547591634
2,4.736842105263158,23.88420307999989,146.99239456095873,8.06637474072366
2,4.089324257014777,31.153311794000007,135.61880617653836,8.815395252362265
2,4.5060601029387355,25.961093380000023,144.41115464392718,12.767918875316894
2,3.4866345674912838,21.115022498000013,137.83129753399402,8.60797418760086
2,4.371575626764072,55.72981815999967,143.61604056234157,17.411846047476388
2,3.5065581935912338,19.73043097500002,133.04908965199357,7.363447799032059
2,3.9050307155902377,19.038135460000063,136.90942613505416,9.184143811938227
2,4.115889091814711,27.345685336999935,138.25766305600368,9.679649688868409
2,4.017931263489955,23.538058555000116,140.5623415533533,14.023968656372432
2,3.672588411090819,29.768720205000097,135.66489974648536,8.008757778289919
2,4.34833139631413,25.61494502200001,144.01935929937775,14.738418990550855
2,3.6974929437157567,22.49961418200004,139.88246139663516,13.493892601982026
2,3.602855719740993,26.307241909999945,143.24729200276562,11.949758008757783
2,4.398140461564005,24.230353826999867,141.76077437197512,12.802489052777133
2,4.34833139631413,27.345685279999977,143.50080663747406,10.831988937543201
2,3.6460235762908852,21.461170670000055,136.9209495275409,7.8820004609357
2,4.200564502739499,16.615099325999886,146.09356994699237,9.691173081355146
2,4.809895400962976,24.57649696000014,149.3316432357686,7.616962433740497
2,3.983064917815043,26.653388705000086,139.66351693938694,12.525927633095165
2,3.6078366262659807,46.72996231000009,139.26019820235078,9.380041484212967
2,3.604516021915989,32.53790371099997,135.10025351463472,10.474763770454032
2,4.471193757263823,31.49946055000005,145.17169854805255,6.718137819774142
2,4.552548563838619,32.537903541000055,137.58930629177232,7.478681723899541
2,4.026232774364935,21.807318844999923,137.13989398478913,8.976722747176751
2,3.674248713265815,15.92280434799996,137.13989398478913,11.166167319658925
2,4.3068238419392335,26.99953749599998,146.2318506568334,9.529845586540688
2,4.275278100614313,20.76887417899992,136.13735883844205,9.380041484212967
2,4.4778349659638055,22.84576216000006,145.60958746254897,9.195667204424979
2,4.680391831313299,44.30693366999999,145.60958746254897,8.91910578474301
2,4.248713265814379,42.57619437200016,137.2320811246831,7.686102788660975
2,4.061099120039848,17.653543303000063,143.9386955519705,13.228854574786823
2,4.7932923792130175,28.037980029999712,147.4879004378889,8.73473150495505
2,4.029553378714926,20.076579004000006,136.1488822309288,8.907582392256302
2,3.9415573634401464,18.691987684000058,144.30744411154643,11.650149804102313
2,3.8618628590403454,27.345685027999888,135.38833832680342,9.161097026964754
2,3.4268636891914332,18.691987076000018,134.38580318045632,7.30583083659829
2,3.274115889091815,15.922804041000049,139.8363678266882,12.848582622724138
2,3.4899551718412756,29.07642500700011,134.4779903203503,5.980640700622246
2,4.05611821351486,24.922649351999947,138.06176538372895,10.72827840516247
2,4.49609828988876,27.691833170000038,145.97833602212492,9.529845586540688
2,3.9747634069400632,23.538058795999905,137.01313666743488,9.149573634477989
2,4.881288394487797,32.191753740000024,146.77345010371053,6.003687485595748
2,3.770546239415574,32.884051744000026,142.21018667895828,16.950910348006445
2,4.741823011788146,29.76871839999992,147.47637704540216,9.506798801567186
2,3.8402789307653995,16.96124822600002,135.0541599446877,7.409541368979035
2,4.283579611489292,20.422726060000116,145.65568103249598,6.038257663056015
2,3.689191432840777,32.884051993000014,134.6854113851118,8.077898133210425
2,3.7506226133156235,28.384127880000108,140.13597603134363,11.362064991933636
2,3.888427693840279,30.46101657000005,138.10785895367596,11.419681954367377
2,4.351652000664121,20.768878300000125,145.2523622954598,11.120073749711935
2,3.473352150091317,20.422726733000037,135.10025351463472,7.882000460935714
2,4.7849908683380376,33.57634412999993,142.65959898594147,9.679649688868409
2,4.210526315789474,24.230353962000073,138.79926250288085,10.509333947914257
2,3.6543250871658643,15.230507912000132,132.47292002765613,8.06637474072366
2,3.6310808567159225,19.384282632000094,133.09518322194054,7.8820004609357
2,3.602855719740993,17.307396161999886,143.58147038488133,16.086655911500372
2,4.381537439814046,33.23019962200011,143.14358147038487,9.5874625489744
2,4.8962311140627595,28.037985739999826,148.5941461166167,7.386494584005504
2,3.762244728540595,22.15346582300007,136.64438810785896,9.426135054159957
2,3.998007637390005,22.153466361000127,137.48559575939157,7.271260659138051
2,3.6344014610659143,38.42241866399989,140.0553122839364,10.820465545056464
2,3.8519010459903704,40.49930624999989,144.66466927863564,17.0085273104402
2,4.062759422214843,24.576504773000106,143.1205346854114,13.309518322194066
2,3.981404615640047,16.61509961800013,142.19866328647151,14.819082737958027
2,4.26033538103935,27.34568507200011,143.42014289006684,5.1740032265499
2,3.971442802590072,19.03813520100002,137.73911039410004,11.834524083890301
2,4.447949526813881,35.99938033000002,144.69923945609588,15.568103249596703
2,3.788809563340528,35.99938335600003,141.00023046784972,10.497810555427492
2,3.7356798937406612,17.307396376000025,134.4779903203503,8.216178843051381
2,4.296862028889258,34.26864241999991,137.42797879695783,8.170085273104405
2,3.5231612153411924,15.922804053999927,135.13482369209495,7.2597372666513
2,4.7052963639382375,28.730276726000035,145.8861488822309,12.283936390873436
2,3.7871492611655326,12.461325299000098,135.30767457939618,9.184143811938227
2,4.469533455088826,41.88389727200009,140.83890297303526,9.322424521779226
2,3.6642869002158394,30.461015564000046,142.26780364139202,14.208342936160392
2,3.9183131329902046,28.037982444999997,144.37658446646694,9.46070523162021
2,3.8253362111904368,16.961247183999994,136.2986863332565,8.354459552892365
2,3.999667939565001,33.57634715200008,137.96957824383497,9.368518091726202
2,4.803254192262992,26.999536020000104,149.953906430053,8.988246139663516
2,3.6011954175659975,39.46086154400001,140.0553122839364,12.318506568333731
2,4.235430848414412,31.49946027999992,147.5339940078359,11.20073749711915
2,3.934916154740163,22.845761855000006,140.61995851578706,13.58607974187602
2,3.8519010459903704,16.26895156600007,134.2590458631021,9.668126296381672
2,4.602357629088495,22.845762066999868,142.8900668356764,6.890988707075337
2,4.524323426863689,22.153463031999998,141.34593224245216,7.709149573634448
2,4.47617466378881,32.884051068000076,137.43950218944457,9.299377736805724
2,3.6211190436659475,26.65338954300003,143.13205807789814,14.219866328647157
2,3.6078366262659807,21.46117032899998,140.4701544134593,13.032956902512097
2,3.4318445957164205,24.92264959199998,134.70845817008527,8.930629177229761
2,3.3272455586916823,23.538057881000093,133.87877391103942,6.856418529615112
2,4.237091150589408,19.730430663000146,140.64300530076054,8.538833832680325
2,3.868504067740329,19.73043715999989,145.39064300530075,14.18529615118689
2,3.7091150589407276,24.92264910900002,144.52638856879466,15.268495044941233
2,4.051137306989872,29.076424086999992,136.9900898824614,9.11500345701775
2,4.650506392163374,39.114711746000005,145.07951140815857,14.796035952984568
2,3.983064917815043,29.768720230999925,136.367826688177,9.022816317123755
2,4.366594720239084,27.691833235000058,138.10785895367596,8.377506337865867
2,4.886269301012785,31.499460069999984,147.5800875777829,9.322424521779226
2,3.966461896065084,14.884360498000001,135.69946992394563,8.30836598294539
2,4.213846920139465,16.268945089999846,146.92325420603828,10.785895367596225
2,4.6936742487132666,19.730432190000062,145.4943535376815,8.607974187600831
2,4.001328241739997,24.576501320000137,147.8681723899516,8.723208112468313
2,3.6659472023908353,21.115022202999945,137.84282092648075,10.071445033417845
2,3.760584426365599,20.768874686999947,134.96197280479373,7.766766536068218
2,3.458409430516354,15.922803964000044,133.95943765844663,10.01382807098409
2,3.9332558525651673,28.38412888799997,138.9836367826688,11.085503572251667
2,4.14411422878964,33.922495067000014,139.6519935469002,10.53238073288776
2,3.239249543416902,26.65338879599993,138.46508412076514,6.867941922101835
2,4.031213680889922,20.076578825000134,143.6736575247753,13.758930629177257
2,4.436327411588909,32.88405211199982,140.3203503111316,8.780825074902054
2,3.5995351153910016,20.768874365000023,138.29223323346395,11.995851578704787
2,4.149095135314628,25.26879698100004,138.9605899976953,8.216178843051381
2,3.3355470695666614,26.653389964999967,134.35123300299608,8.49274026273335
2,3.944877967790138,21.115023232000095,141.46116616731965,13.171237612353053
2,3.7987713763905036,29.076425210000018,136.57524775293845,8.757778289928538
2,4.648846089988378,19.7304282199999,149.0435584235999,8.723208112468313
2,4.1275112070396816,24.23035394199982,141.55335330721363,6.810324959668094
2,3.868504067740329,28.037980865000048,138.1193823461627,7.121456556810301
2,4.243732359289391,23.191909626999948,145.63263424752247,17.15833141276792
2,4.011290054789972,38.42241788000008,137.2551279096566,10.267342705692556
2,3.7257180806906858,21.80731909399998,135.0541599446877,7.432588153952523
2,3.5364436327411592,27.34568543299995,137.45102558193133,11.431205346854128
2,3.9332558525651673,18.345839321999986,137.46254897441807,8.18160866559117
2,3.998007637390005,36.34553110800007,134.43189675040333,7.858953675962212
2,4.061099120039848,22.845762535999917,136.95551970500114,10.762848582622723
2,3.569649676241076,30.807170530000036,144.4226780364139,15.971421986632862
2,3.7057944545907358,19.730430664999936,134.57017746024428,8.654067757547821
2,4.826498422712934,28.037979449999778,143.80041484212953,5.992164093109011
2,3.680889921965798,18.34583960599996,135.11177690712145,8.67711454252131
2,4.0876639548397815,25.26879768599999,144.30744411154643,14.600138280709814
2,4.017931263489955,23.19190968999997,135.92993777368056,8.043327955750158
2,4.8447617466378885,22.499614082000033,147.97188292233236,16.294076976261834
2,3.9747634069400632,31.845607366999886,141.81839133440886,15.810094491818404
2,3.8170347003154577,26.30724127300005,139.55980640700622,9.771836828762389
2,5.236593059936909,63.69121954999945,147.38418990550818,15.383728969808715
2,4.833139631412918,31.49946156000005,148.42129522931552,10.647614657755241
2,4.129171509214677,27.691832837999918,140.81585618806176,15.130214335100248
2,4.25203387016437,32.88404994000002,145.517400322655,15.568103249596675
2,5.0639216337373405,34.96093663000008,148.53652915418297,8.412076515326078
2,3.7306989872156735,16.268952388000038,138.14242913113623,9.933164323576875
2,4.180640876639549,31.15331190100004,147.74141507259736,14.415764000921854
2,4.366594720239084,32.19175580699999,142.61350541599447,17.054620880387176
2,4.620620953013449,28.384129870000077,147.72989168011063,9.31090112929246
2,4.421384692013947,31.499465379999922,148.1332104171468,6.7988015671813855
2,4.882948696662793,26.30724134099996,143.28186218022586,6.879465314588629
2,4.823177818362942,25.961092914000005,147.33809633556118,9.541368979027396
2,4.095965465714761,26.9995419000002,144.48029499884768,15.130214335100277
2,4.112568487464719,21.115022433999957,143.6275639548283,12.341553353307205
2,nan,nan,nan,nan
2,nan,nan,nan,nan
2,nan,nan,nan,nan
2,3.8286568155404286,38.07627266000007,141.33440884996543,15.04955058769302
2,4.222148431014445,46.38382047400011,141.1846047476377,13.33256510716754
2,4.718578781338204,38.42241805400007,137.65844664669277,10.935699469923932
2,nan,nan,nan,nan
2,3.8419392329403954,21.46117362000002,141.41507259737267,14.219866328647157
2,nan,nan,nan,nan
2,nan,nan,nan,nan
2,nan,nan,nan,nan
2,nan,nan,nan,nan
2,3.694172339365765,31.49946016700003,136.09126526849505,7.985710993316417
2,nan,nan,nan,nan
2,3.3106425369417236,16.961247048000033,138.68402857801337,8.757778289928552
2,4.69201394653827,19.038135203000017,141.46116616731965,12.041945148651763
2,3.777187448115557,21.807319056000097,143.51233002996082,12.364600138280707
2,nan,nan,nan,nan
2,4.62394155736344,29.76872072099998,145.6441576400092,12.030421756165026
2,4.218827826664453,21.115022362999945,142.39456095874624,7.835906890988696
2,5.317947866511705,28.730276727999964,147.40723669048168,14.796035952984568
2,nan,nan,nan,nan
2,nan,nan,nan,nan
2,nan,nan,nan,nan
2,4.421384692013947,29.76872087599995,142.92463701313667,11.534915879234859
2,nan,nan,nan,nan
2,3.584592395816039,21.461171101000083,136.04517169854807,9.483752016593712
2,3.481653660966296,21.115022450000076,134.29361604056234,6.222631942843975
2,nan,nan,nan,nan
2,nan,nan,nan,nan
2,nan,nan,nan,nan
2,4.391499252864022,31.845607889999794,148.5134823692095,7.12145655681033
2,4.770048148763075,34.96094202000005,148.0064530997926,14.139202581239942
2,3.4268636891914332,14.19206493499997,131.9543673657525,7.69762618114774
2,4.188942387514528,29.422572191999812,140.71214565568104,8.423599907812871
2,3.6061763240909848,23.884205861999934,135.20396404701543,6.741184604747616
2,4.155736344014611,20.422726332999936,137.57778289928555,11.004839824844439
2,3.700813548065748,17.307393300000083,147.36114312053468,6.257202120304214
2,4.861364768387847,46.72996820899999,146.8656372436045,8.665591150034572
2,4.25203387016437,23.191913510000326,145.8054851348237,17.699930859645065
2,4.841441142287897,39.80700826200001,142.19866328647151,8.296842590458596
2,3.7340195915656653,22.15346644599998,133.1988937543213,7.236690481677826
2,4.720239083513199,27.691832010000166,150.8873012214796,12.283936390873464
2,3.871824672090321,20.076579206999984,140.48167780594608,10.463240377967281
2,4.2802590071393,28.384128884999942,146.03595298455866,13.701313666743488
2,5.191764901212021,32.19175081999981,148.60566950910348,8.147038488130903
2,3.7323592893906694,24.57650143499995,134.2129522931551,7.812860106015194
2,4.462892246388843,24.922649295000056,138.8799262502881,11.269877852039642
2,3.9631412917150923,19.730431573,143.3855727126066,14.507951140815862
2,3.8535613481653663,26.999537090999986,143.3855727126066,13.125144042406077
2,3.9149925286402127,17.999694930000004,143.99631251440422,8.089421525697162
2,4.331728374564171,30.461016249999915,149.32011984328187,7.616962433740525
2,4.399800763739001,20.76887172000025,146.8656372436045,7.835906890988696
2,4.429686202888926,28.73027658899997,146.09356994699237,14.162249366213388
2,3.777187448115557,18.345838685999983,137.4971191518783,10.751325190135958
2,4.193923294039515,24.230353600000058,138.7416455404471,8.930629177229775
2,3.9415573634401464,15.922803969999968,135.0541599446877,8.008757778289919
2,4.011290054789972,17.653543119999988,141.24222171007145,10.152108780825074
2,3.8419392329403954,31.84561010999981,140.65452869324727,10.359529845586508
2,3.782168354640545,28.73027670100017,141.7146808020281,11.5925328416686
2,3.8236759090154413,26.653389335000096,136.71352846277944,8.077898133210425
2,4.554208866013615,24.92265685999986,146.2318506568334,10.3480064530998
2,4.688693342188278,37.38397415999989,146.12814012445264,6.383959437658433
2,3.7107753611157235,16.26895121599983,145.07951140815857,11.926711223784281
2,4.217167524489457,23.191910367000023,145.0449412306983,17.204424982714897
2,4.046156400464885,24.92265008399996,143.39709610509334,10.912652684950444
2,3.9731031047650673,27.69183277299997,139.85941461166166,12.75639548283013
2,4.0876639548397815,21.115022798000037,139.79027425674118,13.032956902512097
2,3.2359289390669104,17.99969062600007,135.30767457939618,6.015210878082513
2,4.38817864851403,29.076422919999953,140.2973035261581,8.3429361604056
2,4.431346505063922,29.422572443000004,146.1166167319659,18.091726204194543
2,4.519342520338702,17.999691497000146,144.10002304678497,9.587462548974429
2,3.6659472023908353,39.46086188599998,138.4074671583314,10.313436275639532
2,4.1075875809397315,24.576501873000005,138.91449642774833,11.235307674579403
2,3.9648015938900882,20.076578549999834,143.81193823461626,13.643696704309747
2,4.728540594388179,38.07626859000018,145.07951140815857,5.784743028347549
2,4.335048978914163,24.576502137000077,140.26273334869785,12.387646923254195
2,4.451270131163872,26.99953715700004,136.4369670430975,8.40055312283937
2,4.117549393989706,27.69183272500003,140.8734731504955,12.75639548283013
2,4.316785654989208,38.07626887000009,148.43281862180226,9.16109702696474
2,3.783828656815541,32.53790348800009,136.52915418299148,10.797418760082977
2,4.969284409762577,27.345690330000114,146.81954367365753,8.58492740262733
2,3.800431678565499,24.576501822000036,139.9631251440424,13.10209725743259
2,4.296862028889258,24.576501192000027,141.55335330721363,14.461857570868858
2,4.032873983064918,18.69198764399997,137.17446416224936,10.45171698548053
2,4.072721235264819,19.73043140399998,139.27172159483752,13.171237612353082
2,3.7755271459405613,22.845762486999945,141.92210186678957,13.079050472459073
2,4.12419060268969,24.57650381000001,145.45978336022125,14.162249366213416
2,2.9935248215175165,12.461324782999938,135.59575939156488,6.522240147499446
2,4.6455254856383865,25.26879709999999,144.71076284858262,10.843512330029967
2,3.9398970612651505,23.8842098,137.60082968425905,12.237842820926488
2,4.464552548563839,21.80731850199992,143.47775985250058,16.04056234155337
2,4.308484144114229,19.038132169999916,147.64922793270338,6.902512099562102
2,4.3068238419392335,30.461016479999824,145.65568103249598,8.815395252362293
2,4.173999667939565,26.99953643899987,141.4035492048859,12.537451025581902
2,3.651004482815873,20.768874428000043,137.69301682415303,12.318506568333717
2,4.638884276938403,21.807318550000065,148.46738879926252,9.910117538603401
2,4.733521500913167,40.84545387200003,144.28439732657296,12.998386725051859
2,4.08434335048979,36.691683460000064,143.14358147038487,8.423599907812871
2,3.4002988543914996,18.691987001999838,139.0988707075363,15.429822539755705
2,4.1391333222646525,21.11502252999997,137.17446416224936,9.598985941461152
2,4.373235928939067,27.34568455099999,146.2894676192671,19.16340170546208
2,4.741823011788146,35.30709145000005,146.75040331873703,6.130444802949967
2,3.8336377220654163,21.11502242999996,136.87485595759392,10.002304678497367
2,4.555869168188611,40.15315895799995,146.980871168472,18.794653145886144
2,4.86800597708783,21.807318995999967,148.0064530997926,10.843512330029995
2,3.777187448115557,23.538058695999897,137.69301682415303,11.315971421986646
2,4.303503237589242,24.230353877999836,144.5840055312284,15.084120765153273
2,4.01627096131496,19.73043110300013,135.51509564415764,8.262272412998385
2,4.046156400464885,30.80716462400004,135.39986171929016,9.368518091726202
2,4.147434833139632,25.614943129999983,146.79649688868403,6.165014980410234
2,3.782168354640545,32.88405157899986,137.33579165706385,9.82945379119613
2,5.151917649012121,26.30723597999984,148.38672505185525,11.362064991933607
2,4.575792794288561,19.730432119999946,149.0666052085734,5.554275178612585
2,4.3782168354640545,27.345685320999955,142.94768379811015,13.09057386494581
2,3.7539432176656153,17.653543484999965,136.73657524775294,8.170085273104405
2,4.2785987049643035,23.53805683800003,146.17423369439965,10.07144503341786
2,3.866843765565333,28.384128677999968,141.10394100023046,13.0560036874856
2,3.9282749460401796,22.84576146300003,135.94146116616733,8.066374740723674
2,3.558027561016105,22.49961387800002,136.9670430974879,9.483752016593684
2,4.738502407438154,20.42272097999981,147.76446185757086,5.704079280940306
2,3.395317947866512,21.461170588000094,134.3973265729431,8.40055312283937
2,4.094305163539764,27.34568446399993,138.7646923254206,7.893523853422465
2,4.283579611489292,30.80716435200005,145.6441576400092,18.114772989168003
2,4.115889091814711,27.34568472500004,144.34201428900667,15.46439271721593
2,4.115889091814711,26.30724182000013,140.70062226319428,8.91910578474301
2,3.903370413415242,26.99953753099997,143.8465084120765,14.104632403779647
2,3.7207371741656985,17.99969135899984,143.27033878773912,13.597603134362771
2,3.692512037190769,34.61479084699987,133.67135284627793,7.2943074441115385
2,4.718578781338204,29.768719950000047,147.44180686794192,7.847430283475461
2,4.170679063589573,42.57619379699997,144.3996312514404,15.164784512560487
2,4.589075211688527,24.230357319999783,149.38926019820235,9.92164093109011
2,5.105429188112237,27.34568946000007,144.0308826918645,7.69762618114774
2,4.012950356964968,31.153311800000136,147.6261811477299,11.131597142198672
2,4.84808235098788,37.730120240000026,148.40977183682875,11.823000691403536
2,4.245392661464387,33.57634411000038,147.90274256741185,10.970269647384185
2,3.881786485140296,24.57650181200005,144.14611661673194,12.675731735422886
2,4.290220820189274,51.92218796,147.2459091956672,10.855035722516703
2,4.4977585920637555,27.691832956999935,137.53168932933855,11.569486056695084
2,4.562510376888594,23.88420508999997,146.54298225397557,6.245678727817477
2,3.8087331894404786,19.38428276099996,138.9605899976953,7.743719751094716
2,4.4064419724389845,28.38412899299994,142.37151417377277,14.554044710762852
2,4.210526315789474,48.46070778400005,142.9131136206499,12.226319428439723
2,4.169018761414578,22.49961439100008,139.80179764922792,11.903664438810779
2,4.120869998339698,22.15346674099991,136.57524775293845,8.031804563263421
2,3.6161381371409598,33.5763483599999,141.74925097948835,8.077898133210425
2,4.169018761414578,18.691987084999973,136.18345240838903,6.960129061995872
2,4.801593890087997,26.65338941699999,145.425213182761,10.071445033417831
2,4.255354474514362,30.461016631000007,137.1629407697626,9.656602903894878
2,4.188942387514528,29.42257252100011,143.03987093800416,13.344088499654305
2,3.8452598372903872,43.61463659800002,138.64945840055313,9.933164323576875
2,4.082683048314793,26.307242129999935,141.86448490435583,6.97165245448258
2,3.9531794786651173,21.461170697000057,138.62641161557963,10.947222862410698
2,5.170180972937075,31.153307339999852,148.5941461166167,7.7321963586079505
2,3.4318445957164205,31.15331240600004,136.06821848352155,10.68218483521548
2,3.5530466544911175,38.076270257000054,135.67642313897213,9.253284166858734
2,4.061099120039848,19.730431067000037,143.0053007605439,11.362064991933607
2,4.437987713763905,49.845293399999875,143.77736805715602,14.980410232772527
2,3.778847750290553,26.3072494399999,145.52892371514176,17.020050702926966
2,4.165698157064586,17.999691694999957,143.915648766997,14.415764000921882
2,3.8236759090154413,16.615099886999882,136.1258354459553,10.486287162940783
2,4.682052133488296,32.88405614000012,148.93984789121916,7.559345471306727
2,4.720239083513199,20.422725310000054,146.7619267112238,4.5517400322655135
2,4.067740328739831,40.15315394999996,144.88361373588384,15.637243604517153
2,4.858044164037855,25.961091190000033,149.58515787047705,11.834524083890273
2,4.379877137639051,28.38412862700007,145.94376584466465,15.28001843742797
2,4.511041009463723,35.99938257999993,149.03203503111314,11.131597142198643
2,4.413083181138967,25.26879570999979,146.27794422678036,9.714219866328648
2,3.4965963805412588,22.499614163999993,139.73265729430744,14.853652915418294
2,4.781670263988047,42.92234119999988,147.98340631481906,10.935699469923918
2,3.2990204217167527,18.34583940199988,133.9940078359069,7.386494584005533
2,4.149095135314628,29.422571824000013,145.7824383498502,13.102097257432604
2,4.316785654989208,26.307241270999842,139.6750403318737,14.185296151186918
2,3.888427693840279,21.807318296000048,142.17561650149804,14.000921871398958
2,3.677569317615806,17.653544185000023,135.90689098870706,9.322424521779197
2,4.05611821351486,20.07658203999979,146.6466927863563,7.409541368979035
2,4.122530300514694,26.307238010000177,146.8656372436045,17.07766766536068
2,4.1275112070396816,25.961092069999996,145.425213182761,8.527310440193588
2,3.8635231612153413,29.422572261999928,142.84397326572943,14.761465775524329
2,3.7390004980906526,18.691987281999957,139.433049089652,11.177690712145647
2,4.190602689689523,32.53790361000007,140.4932011984328,14.070062226319422
2,4.0195915656649515,21.115023301999933,141.81839133440886,15.53353307213645
2,4.037854889589906,32.88405155899995,138.61488822309286,11.592532841668557
2,3.7987713763905036,26.30724140100016,139.95160175155564,9.575939156487664
2,3.9282749460401796,36.69167369000026,141.8529615118691,11.799953906430062
2,4.296862028889258,22.499614134000034,147.4879004378889,9.19566720442495
2,3.5314627262161715,23.53805856199986,136.42544365061073,7.0407928094030865
2,3.297360119541757,19.384283646000018,136.97856648997464,10.382576630560038
2,4.363274115889092,21.46117028000008,139.22562802489054,10.082968425904596
2,3.8967292047152586,24.230353500999875,135.51509564415764,7.824383498501959
2,4.540926448613648,23.538057502000065,145.85157870477067,15.798571099331639
2,4.741823011788146,28.73027288000013,149.7119151878313,7.444111546439274
2,4.147434833139632,23.53805851000007,139.58285319197972,9.391564876699704
2,4.715258176988212,32.19175079000019,148.7785203964047,9.184143811938242
2,4.393159555039017,23.538058580000047,142.4752247061535,14.000921871398958
2,4.414743483313964,31.15331636999993,146.6236460013828,12.053468541138528
2,3.594554208866014,30.4610159770001,137.5432127218253,10.417146808020291
2,3.538103934916155,19.730431587999945,133.98248444342013,8.90758239225626
2,4.203885107089491,25.268799229999914,145.517400322655,8.481216870246584
2,4.225469035364437,25.961093674999947,138.75316893293385,10.90112929246368
2,4.134152415739665,19.384282879000015,138.99516017515558,12.721825305369904
2,4.002988543914993,49.84529872899989,144.2498271491127,14.70384881309056
2,3.9398970612651505,21.11502247299994,136.40239686563723,8.285319197971859
2,3.5464054457911343,16.268951901000012,136.88637935008066,7.593915648766995
2,3.6443632741158893,21.807318465,135.80318045632634,8.849965429822532
2,4.19226299186452,43.61463580999994,146.5545056464623,12.583544595528906
2,3.8635231612153413,25.268796984999895,146.08204655450564,13.678266881769986
2,4.911173833637722,27.345685001000096,144.6070523162019,15.441345932242456
2,4.145774530964636,28.38412886100011,140.70062226319428,12.548974418068667
2,4.162377552714594,18.69198760899998,145.563493892602,10.958746254897449
2,4.002988543914993,31.15331231700005,139.17953445494354,11.77690712145656
2,3.993026730865018,23.191910844999953,137.18598755473613,7.294307444111553
2,4.4263655985389345,20.076578931000064,143.0513943304909,6.9486056695091065
2,3.46006973269135,24.92264978700004,142.92463701313667,13.148190827379608
2,4.351652000664121,24.230353953999945,145.81700852731043,19.762618114772977
2,3.8153743981404618,15.576656288000049,136.63286471537222,8.227702235538146
2,4.266976589739333,54.34522127899993,143.5584235999078,16.08665591150033
2,4.663788809563341,23.191910136999976,145.72482138741645,10.601521087808266
2,4.7252199900381875,38.07627002300001,142.9592071905969,14.5194745333026
2,4.635563672588411,21.461169883999972,136.79419221018668,8.123991703157401
2,3.971442802590072,24.922653130000082,145.5980640700622,11.71929015902279
2,4.175659970114562,16.268952322000125,143.8465084120765,17.711454252131816
2,3.4318445957164205,53.65292634699994,140.0553122839364,13.321041714680803
2,4.502739498588744,30.461018710000037,139.433049089652,9.207190596911744
2,4.399800763739001,24.922650389999912,149.4699239456096,6.372436045171725
2,4.821517516187947,18.345842929999993,148.98594146116616,7.755243143581453
2,4.522663124688694,35.30708681500003,146.19728047937312,19.405392947683794
2,3.7257180806906858,31.153311539000025,133.6598294537912,8.803871859875528
2,4.1590569483646025,24.23035366000005,137.80825074902052,12.49135745563494
2,3.690851735015773,18.69198749399989,139.42152569716524,10.10601521087807
2,4.447949526813881,37.38397402300003,141.99124222171008,12.26088960589999
2,4.5259837290386855,27.691832862000165,141.26526849504495,14.404240608435131
2,4.247052963639383,18.345841810000067,147.61465775524314,14.000921871398958
2,3.6958326415407607,18.691987152000127,136.37935008066376,8.803871859875542
2,3.978084011290055,26.999536993000046,140.3664438810786,12.837059230237386
2,3.4036194587414914,17.307395518000103,141.99124222171008,15.971421986632876
2,4.1590569483646025,22.153466202000022,136.88637935008066,12.364600138280721
2,4.099286070064752,20.42272741799994,142.30237381885226,9.806407006222628
2,3.999667939565001,24.23035428899996,144.05392947683796,17.043097487900425
2,3.7190768719907026,19.038135538999995,141.66858723208114,11.719290159022819
2,4.2869002158392835,18.345839125999962,138.91449642774833,7.778289928554983
2,3.7124356632907194,22.845761789000022,142.69416916340168,14.600138280709814
2,4.657147600863357,28.03798118599994,147.0039179534455,7.893523853422465
2,4.273617798439316,25.614945105999972,136.46001382807097,8.112468310670636
2,3.4086003652664787,65.07580420000019,141.00023046784972,14.392717215948352
2,4.115889091814711,34.96094638999997,143.22424521779212,15.7640009218714
2,3.5098787979412256,15.922804285000007,136.52915418299148,6.5913805024199235
2,3.4799933587913,22.15346690399994,140.76976261811478,13.090573864945853
2,3.8751452764403123,19.038134688000028,136.64438810785896,8.342936160405628
2,3.280757097791798,39.80700985600001,139.9861719290159,15.418299147268968
2,3.888427693840279,43.268488994000066,137.26665130214334,9.195667204424979
2,4.594056118213516,24.576501777999955,142.6480755934547,16.017515556579852
2,4.798273285738005,26.999539860000088,148.7785203964047,8.965199354690014
2,3.6011954175659975,20.422726898000064,133.29108089421527,7.593915648767023
2,4.180640876639549,28.03798533000015,138.8338326803411,8.135515095644138
2,4.444628922463889,58.498995990000076,142.86702005070293,10.186678958285341
2,4.0079694504399805,37.03782938,145.57501728508873,11.131597142198672
2,4.051137306989872,21.11502239200001,137.75063378658677,12.29545978336023
2,3.602855719740993,15.576656475999872,134.42037335791656,7.2021203042175586
2,3.7456417067906362,22.84576188599993,142.24475685641852,15.118690942613497
2,4.594056118213516,28.73027681399992,146.18575708688638,15.648766997003918
2,4.295201726714263,31.84560738200004,138.46508412076514,7.743719751094716
2,4.336709281089159,24.57650114099992,138.55727126065912,8.020281170776656
2,3.6211190436659475,24.230353682999915,138.01567181378198,11.592532841668586
2,3.46006973269135,30.46101625700001,133.7289698087117,7.501728508873029
2,3.866843765565333,18.345839541999975,144.94123069831758,13.539986171929002
2,4.345010791964138,22.845761898000056,147.49942383037566,11.35054159944687
2,3.602855719740993,19.730430746999968,132.47292002765613,6.97165245448258
2,3.382035530466545,32.19175555799994,133.7289698087117,8.12399170315743
2,4.094305163539764,28.73027654499996,143.6275639548283,14.957363447799025
2,4.024572472189939,17.999690843000028,133.49850195897673,8.389029730352632
2,3.98804582434003,22.153466460000242,142.57893523853423,12.306983175846995
2,3.762244728540595,18.345839071000068,139.62894676192673,11.511869094261357
2,3.9183131329902046,31.153312036000106,137.07075362986862,10.636091265268476
2,3.934916154740163,20.76887444299999,134.5932242452178,8.020281170776698
2,3.8186950024904536,32.53790324799992,138.8338326803411,10.209725743258815
2,4.409762576788976,29.42257239900006,139.0066835676423,11.96128140124452
2,4.095965465714761,22.49961655999999,139.4100023046785,6.810324959668122
2,3.328905860866678,30.46101601499998,135.2385342244757,7.444111546439274
2,4.617300348663457,24.576501962999888,143.14358147038487,12.283936390873464
2,4.74016270961315,29.76871476000009,149.1587923484674,5.116386264116159
2,3.7655653328905863,21.807324939999706,141.70315740954135,13.390182069601252
2,4.0079694504399805,23.19190998900003,136.31020972574325,8.112468310670636
2,3.657645691515856,19.73043096999992,134.69693477759853,8.919105784743024
2,4.114228789639715,23.538058484000032,136.37935008066376,9.333947914265963
2,3.8435995351153913,32.537903666,138.4766075132519,11.177690712145647
2,4.200564502739499,19.730431530999986,139.17953445494354,8.446646692786373
2,4.464552548563839,29.768719869999945,145.4482599677345,17.066144272873913
2,4.682052133488296,24.576501502999864,147.18829223323345,15.522009679649699
2,3.8269965133654327,18.691987430999937,144.2728739340862,15.57962664208344
2,4.373235928939067,21.461172609999885,146.77345010371053,9.322424521779197
2,4.818196911837955,25.614945226999986,146.2894676192671,18.829223323346383
2,4.8929105097127685,30.8071694500002,147.073058308366,11.143120534685437
2,3.9299352482151755,28.037978799999863,143.14358147038487,11.097026964738404
2,3.7655653328905863,17.99969129699999,141.50725973726665,15.925328416685872
2,4.188942387514528,29.076424154999906,140.64300530076054,13.2979949297073
2,3.7871492611655326,24.230353080000043,144.4918183913344,15.03802719520624
2,3.8967292047152586,18.345839686000065,144.71076284858262,10.601521087808266
2,3.858542254690354,24.576501983999965,142.00276561419682,11.972804793731285
2,3.7306989872156735,27.345685702000047,143.3164323576861,13.943304908965217
2,4.748464220488129,41.53775077999994,148.3752016593685,7.02926941691635
2,4.600697326913498,29.422570199999914,144.12306983175847,5.346854113851123
2,4.95600199236261,28.730275700000195,148.40977183682875,5.853883383268027
2,3.9249543416901878,24.576501699000023,144.67619267112238,15.107167550126775
2,4.3466710941391336,33.23020047999989,143.82346162710303,8.100944918183927
2,4.130831811389673,40.845452832999825,139.57132979949296,11.71929015902279
2,4.305163539764237,27.345684972999994,137.2320811246831,8.792348467388791
2,3.9747634069400632,24.576501211000036,135.44595528923716,8.066374740723674
2,3.5314627262161715,18.34583897599995,136.84028578013368,7.109933164323593
2,4.356632907189109,23.53805743200002,135.66489974648536,10.589997695321486
2,4.23211024406442,29.076424023000076,141.4726895598064,12.66420834293615
2,4.08434335048979,36.691671330000005,143.01682415303065,15.164784512560487
2,3.803752282915491,27.691831039999975,139.73265729430744,8.953675962203278
2,4.1590569483646025,30.80715973200004,144.65314588614888,11.431205346854114
2,3.8751452764403123,24.92264937200006,136.88637935008066,10.209725743258801
2,3.470031545741325,12.461325564999889,136.9900898824614,10.762848582622738
2,4.197243898389507,17.99969187999989,138.77621571790735,9.380041484212938
2,4.3466710941391336,33.230195360000046,145.62111085503574,8.469693477759876
2,4.099286070064752,26.65338895800007,135.06568333717445,7.812860106015194
2,3.976423709115059,23.191909532999862,142.5674118460475,17.699930859645107
2,4.489457081188776,26.999537394999937,140.4355842359991,10.440193592993808
2,3.5115391001162215,21.46117097200008,141.89905508181607,12.341553353307177
2,4.037854889589906,26.65338885300003,135.27310440193594,7.432588153952537
2,3.9963473352150096,23.884205932999805,142.7172159483752,16.20188983636784
2,4.1391333222646525,30.114866759999856,147.98340631481906,13.66674348928322
2,3.5430848414411424,21.46117020400004,138.46508412076514,7.778289928554955
2,4.489457081188776,23.538060549999766,148.83613735883844,8.089421525697162
2,3.86020255686535,25.268797539000005,136.95551970500114,8.181608665591142
2,3.5563672588411093,20.76887489700002,138.60336483060613,10.72827840516247
2,4.024572472189939,15.922804609000002,137.31274487209035,7.939617423369469
2,3.9149925286402127,15.922803806000044,137.77368057156028,10.405623415533555
2,3.5547069566661134,21.80731762900012,143.61604056234157,15.844664669278657
2,4.255354474514362,20.0765789,136.69048167780596,8.965199354690029
2,3.9498588743151255,24.922654670000153,142.25628024890528,12.180225858492747
2,3.6991532458907526,25.26879696500006,139.55980640700622,15.280018437427984
2,4.751784824838121,23.19190937000004,150.97948836137357,10.371053238073273
2,4.167358459239582,29.076424243999963,144.61857570868864,13.436275639548285
2,3.4567491283413583,23.538058492000022,137.4740723669048,8.170085273104377
2,3.747302008965632,23.191909935999927,141.74925097948835,12.929246370131352
2,3.8236759090154413,16.26895220700003,138.66098179303987,11.004839824844424
2,3.9183131329902046,23.884206284999973,141.76077437197512,14.11615579626644
2,3.901710111240246,20.768874458000074,133.5445955289237,9.5874625489744
2,3.7190768719907026,21.80731895799995,140.55081816086656,10.578474302834763
2,4.642204881288395,24.576503540000015,146.53145886148883,11.627103019128839
2,3.773866843765566,21.115022966000094,138.79926250288085,6.360912652684959
2,4.316785654989208,30.80716487000007,146.6697395713298,6.476146577552441
2,3.8552216503403622,23.191910647000075,136.78266881769994,10.9702696473842
2,3.991366428690022,25.268796993000095,137.785203964047,8.089421525697162
2,4.547567657313631,17.30739934000011,145.6902512099562,8.58492740262733
2,4.421384692013947,17.30739552300006,137.48559575939157,6.8909887070753655
2,3.991366428690022,41.53774995400004,142.03733579165709,15.291541829914735
2,3.667607504565831,21.115022804999853,142.70569255588845,17.89582853191979
2,3.9299352482151755,28.384128569000076,138.30375662595065,8.00875777828989
2,4.001328241739997,19.03813541900001,140.6775754782208,15.717907351924424
2,3.9382367590901546,28.73027745999991,144.22678036413922,19.981562572021232
2,4.668769716088328,29.422573940000028,149.14726895598065,8.469693477759847
2,3.9050307155902377,19.384283212000028,140.30882691864485,8.054851348236923
2,3.659305993690852,31.15331175199985,136.32173311823001,10.705231620188997
2,4.220488128839449,30.114867939999982,142.1640931090113,10.463240377967281
2,4.017931263489955,41.537749401000106,143.24729200276562,13.781977414150731
2,3.9481985721401296,30.461015696000082,138.61488822309286,10.336483060613034
2,3.252531960816869,26.30724135500008,133.84420373357918,8.020281170776698
2,4.218827826664453,16.615099473999972,142.23323346393178,15.222401474994243
2,4.06441972438984,24.576501780000093,144.59552892371514,9.011292924637019
2,3.5978748132160057,19.38428310599996,135.75708688637934,6.752707997234381
2,4.154076041839615,21.807318325000047,141.21917492509795,10.820465545056464
2,4.444628922463889,25.961093022000142,146.39317815164785,7.962664208342943
2,4.271957496264321,39.46085713999986,148.9974648536529,7.9165706383959105
2,4.1872820853395325,21.807318633999955,143.59299377736804,13.931781516478424
2,3.5547069566661134,19.384282943999963,143.28186218022586,14.48490435584236
2,3.993026730865018,19.384283264999997,136.48306061304447,10.62456787278174
2,3.6294205545409266,23.191909956999933,136.26411615579624,8.988246139663502
2,3.888427693840279,14.538211979999993,137.785203964047,7.674579396174238
2,4.129171509214677,32.53790359300006,140.58538833832682,10.532380732887788
2,3.8950689025402627,24.922652060000022,145.90919566720441,14.116155796266412
2,3.9365764569151587,31.49945991399991,144.05392947683796,13.897211339018185
2,3.8369583264154077,16.615099193000027,141.4035492048859,13.367135284627778
2,4.554208866013615,30.461016592000092,144.13459322424524,14.738418990550826
2,4.622281255188445,35.65323828999989,147.45333026042866,9.956211108550349
2,nan,nan,nan,nan
2,3.8435995351153913,20.422727353999957,135.92993777368056,7.835906890988696
2,3.8967292047152586,39.11471435400007,143.63908734731504,15.256971652454467
2,4.182301178814544,29.42257302300008,137.7621571790735,10.24429592071904
2,4.220488128839449,22.153466101000053,146.18575708688638,11.189214104632384
2,3.7107753611157235,20.076579123000023,140.70062226319428,10.728278405162484
2,4.366594720239084,23.538057952999928,146.77345010371053,15.026503802719503
2,3.8186950024904536,24.57650144500001,141.2998386725052,14.484904355842374
2,4.220488128839449,23.538057929999994,146.85411385111777,10.221249135745552
2,4.484476174663789,26.307240928000116,141.9566720442498,15.70638395943763
2,4.110908185289723,23.191906839999664,146.5199354690021,10.970269647384185
2,4.041175493939897,48.11455650999996,148.0410232772528,12.399170315740918
2,3.7987713763905036,24.922649267000022,136.28716294076978,7.709149573634505
2,3.478333056616304,21.461170375999956,143.3625259276331,15.314588614888237
2,4.240411754939399,57.11440114000002,147.32657294307444,14.66927863563032
2,3.86020255686535,19.73043066100001,139.1680110624568,9.31090112929246
2,3.8635231612153413,29.768720098999957,145.1371283705923,17.089191057847444
2,3.702473850240744,27.691832681999983,139.52523622954598,11.281401244526393
2,4.841441142287897,19.38427743999993,146.0705231620189,7.743719751094716
2,3.9100116221152255,27.345685453999955,144.90666052085734,16.224936621341328
2,4.265316287564337,26.999537398999934,143.9847891219175,14.173772758700153
2,3.7340195915656653,17.99969156600002,134.08619497580088,8.999769532150268
2,3.7207371741656985,43.26848831100009,135.82622724129985,9.230237381885246
2,4.026232774364935,30.114868111999897,142.5674118460475,9.207190596911744
2,3.7340195915656653,18.691987105000013,137.04770684489515,10.797418760082962
2,3.4882948696662797,23.88420580100005,141.4726895598064,13.666743489283249
2,3.8618628590403454,20.76887402500005,144.44572482138742,14.888223092878519
2,3.780508052465549,18.691986839000084,135.28462779442268,7.501728508873015
2,4.439648015938901,25.61494554299999,140.58538833832682,8.711684719981577
2,4.411422878963972,31.49946282699989,145.86310209725744,14.81908273795807
2,3.6094969284409766,13.153620518000022,132.83014519474534,8.377506337865867
2,4.19226299186452,21.461170517000014,135.58423599907812,6.741184604747616
2,4.263655985389341,26.653393030000025,149.32011984328187,13.390182069601309
