time_s,mean_az_uM,std_az_uM,cv_az
0.000000000000000000e+00,1.042236684016198539e-01,5.938849667581848069e-01,5.698177543220639407e+00
5.000000000000000240e-05,8.954660114387802405e-02,5.187832951022161021e-01,5.793444848550607595e+00
1.000000000000000048e-04,9.713250100762275963e-02,5.369163594852047749e-01,5.527669460946636804e+00
1.499999999999999869e-04,1.230235072885187825e-01,6.379817769928750604e-01,5.185852615115736697e+00
2.000000000000000096e-04,1.137884988891850191e-01,5.932821996481720817e-01,5.213903034488139632e+00
2.500000000000000052e-04,1.121393897308241849e-01,6.194896640117441011e-01,5.524282462199476385e+00
2.999999999999999737e-04,9.746232300457420561e-02,5.284937902073469917e-01,5.422544568146022925e+00
3.499999999999999964e-04,1.221989529657929313e-01,6.249830493275549959e-01,5.114471394059375342e+00
4.000000000000000192e-04,9.350446160061916256e-02,5.259612348404061333e-01,5.624985437453428716e+00
4.499999999999999877e-04,1.187358251860406722e-01,6.287010568979195524e-01,5.294956731995943855e+00
5.000000000000000104e-04,1.157674291432115588e-01,5.932842174636246968e-01,5.124793923942933205e+00
5.500000000000000331e-04,1.144481417669359624e-01,5.836432412588133944e-01,5.099630559728561607e+00
5.999999999999999474e-04,9.564830351662696739e-02,5.441019647700222617e-01,5.688568900497420699e+00
6.499999999999999702e-04,9.235008592120060034e-02,5.177952516739393607e-01,5.606873523818458160e+00
6.999999999999999929e-04,1.123043011222488591e-01,6.301995257334969125e-01,5.611535083126452328e+00
7.500000000000000156e-04,1.383602178241070679e-01,6.943403155621530320e-01,5.018352287106440990e+00
8.000000000000000383e-04,1.162621616782750222e-01,5.832354664506791408e-01,5.016554466487815667e+00
8.499999999999999526e-04,1.152726967252506868e-01,5.761427091066125827e-01,4.998084763123334717e+00
8.999999999999999754e-04,1.126341226774184023e-01,6.256839161797432824e-01,5.555012116281031531e+00
9.499999999999999981e-04,1.080166180630294515e-01,5.677743299148438894e-01,5.256360920164509842e+00
1.000000000000000021e-03,8.806240355531262665e-02,5.152273255864171508e-01,5.850707053013823433e+00
1.049999999999999935e-03,1.240129733820864583e-01,6.080858689713366516e-01,4.903405284040823098e+00
1.100000000000000066e-03,1.217042188906144462e-01,5.774447530791207983e-01,4.744656827370279828e+00
1.149999999999999981e-03,1.368760200161035501e-01,6.859890850415886199e-01,5.011755053667410920e+00
1.199999999999999895e-03,1.355567345050965877e-01,6.323723796932232410e-01,4.665001572971998911e+00
1.250000000000000026e-03,1.761248060507867030e-01,7.520267789672215875e-01,4.269851566226110506e+00
1.299999999999999940e-03,1.634266678189627564e-01,6.770782132317235691e-01,4.143009352560271807e+00
1.350000000000000071e-03,1.810721343788456450e-01,7.076199431409018192e-01,3.907945005278359751e+00
1.399999999999999986e-03,2.180121678083375980e-01,7.844678154335152920e-01,3.598275377561354293e+00
1.449999999999999900e-03,3.141552021946166784e-01,9.873624778952880821e-01,3.142913028330579284e+00
1.500000000000000031e-03,3.677512360997141627e-01,1.092966489230878357e+00,2.972026690712537000e+00
1.549999999999999946e-03,5.080903830422563994e-01,1.265246108587606555e+00,2.490198891409404425e+00
1.600000000000000077e-03,7.081272650033768601e-01,1.534227757854556007e+00,2.166598906267561464e+00
1.649999999999999991e-03,9.284481853269617169e-01,1.646682881415325150e+00,1.773586191926725952e+00
1.699999999999999905e-03,1.218361490636161060e+00,1.907940218542887756e+00,1.565988611103152017e+00
1.750000000000000036e-03,1.641687687151600850e+00,2.276590224236779925e+00,1.386737710256426670e+00
1.799999999999999951e-03,2.221184476335218427e+00,2.720015536871148942e+00,1.224578852342315560e+00
1.850000000000000082e-03,2.816842532745269523e+00,2.970026015332392522e+00,1.054381272934640013e+00
1.899999999999999996e-03,3.669926449512970201e+00,3.517768164653715335e+00,9.585391459604190034e-01
1.949999999999999910e-03,4.468424870525200987e+00,3.775162839234012413e+00,8.448531526480145271e-01
2.000000000000000042e-03,5.202443145044309603e+00,4.060007408608223400e+00,7.804039939342083398e-01
2.050000000000000173e-03,5.730322827218663484e+00,4.371796177101924030e+00,7.629231910523739391e-01
2.099999999999999870e-03,6.673777914345381923e+00,4.926572709425014018e+00,7.381984795801003196e-01
2.150000000000000001e-03,7.150865040486416468e+00,5.001462988906574481e+00,6.994206939425561265e-01
2.200000000000000133e-03,7.445725677831807054e+00,5.075257611156569482e+00,6.816337091584178109e-01
2.249999999999999830e-03,7.581447312569327579e+00,5.111745531280211807e+00,6.742440223524890364e-01
2.299999999999999961e-03,7.554896677413537986e+00,5.228631652817946396e+00,6.920851304889054090e-01
2.350000000000000092e-03,7.456115058628376424e+00,5.346946616189020673e+00,7.171223316895330990e-01
2.399999999999999790e-03,6.793503196324443216e+00,5.228190564393782935e+00,7.695868263111207419e-01
2.449999999999999921e-03,6.242206151579331674e+00,4.803027505457198920e+00,7.694439095450238408e-01
2.500000000000000052e-03,5.533254359046217985e+00,4.533471770308505455e+00,8.193138207891733638e-01
2.550000000000000183e-03,5.115040379641719426e+00,4.392629449507832184e+00,8.587673065086364188e-01
2.599999999999999881e-03,4.531915564780377714e+00,4.310289018449399379e+00,9.510964970191984058e-01
2.650000000000000012e-03,4.199455233127206810e+00,4.020912736267653997e+00,9.574843671504987830e-01
2.700000000000000143e-03,3.901461306841818022e+00,3.872181310525285802e+00,9.924951206705073803e-01
2.749999999999999840e-03,3.537338108649368706e+00,3.828770886372061089e+00,1.082387594505057837e+00
2.799999999999999972e-03,3.306133078892804722e+00,3.645541605010361508e+00,1.102660273503334620e+00
2.850000000000000103e-03,3.031556475096708780e+00,3.522312839121125805e+00,1.161882639514001392e+00
2.899999999999999800e-03,2.983237625047641117e+00,3.425967181585845900e+00,1.148405729674696785e+00
2.949999999999999931e-03,2.773470953559315166e+00,3.392298001439400856e+00,1.223123680846889050e+00
3.000000000000000062e-03,2.627195033465939744e+00,3.410265525466766867e+00,1.298063326866052192e+00
3.050000000000000194e-03,2.449750935669831264e+00,3.220448023265367610e+00,1.314602221953966144e+00
3.099999999999999891e-03,2.414460016120538732e+00,3.062720143138117024e+00,1.268490727818793129e+00
3.150000000000000022e-03,2.348165837036216175e+00,3.084747870888605803e+00,1.313683992090644237e+00
3.200000000000000153e-03,2.285334819320129718e+00,3.096288494212905640e+00,1.354851143927360502e+00
3.249999999999999851e-03,2.027249282355890081e+00,2.940076019081839132e+00,1.450278485566975917e+00
3.299999999999999982e-03,2.098820622574091743e+00,2.896619251915281357e+00,1.380117586400848362e+00
3.350000000000000113e-03,1.989649615744149447e+00,3.003720973345628931e+00,1.509673336238253283e+00
3.399999999999999811e-03,1.927148396679850828e+00,2.904108077473341876e+00,1.506945745577572771e+00
3.449999999999999942e-03,1.853763068899000332e+00,2.832988654607305534e+00,1.528236645845951314e+00
3.500000000000000073e-03,1.696273182517867184e+00,2.589872815644713722e+00,1.526801721760659980e+00
3.550000000000000204e-03,1.739974565746060131e+00,2.686957919118627913e+00,1.544251262067456443e+00
3.599999999999999901e-03,1.675659324242974479e+00,2.716618398108441301e+00,1.621223573792810679e+00
3.650000000000000033e-03,1.700395954965229217e+00,2.723452870835861184e+00,1.601658050810613743e+00
3.700000000000000164e-03,1.551811267649345405e+00,2.520608357070385885e+00,1.624300847414618998e+00
3.749999999999999861e-03,1.683904880597432596e+00,2.726572515707334610e+00,1.619196278319458226e+00
3.799999999999999992e-03,1.625691323119107023e+00,2.646688405198659222e+00,1.628038710399605460e+00
3.850000000000000124e-03,1.551316533448771740e+00,2.491711768976519803e+00,1.606191718615369357e+00
3.899999999999999821e-03,1.522127315733223130e+00,2.526814260627768149e+00,1.660054474096720245e+00
3.950000000000000386e-03,1.504646759893272234e+00,2.465067305271618991e+00,1.638303003055993967e+00
4.000000000000000083e-03,1.443134994865164167e+00,2.443606617034025152e+00,1.693262671703375633e+00
4.049999999999999781e-03,1.365956709046239226e+00,2.327888324224949290e+00,1.704218229471097690e+00
4.100000000000000346e-03,1.436373671714137989e+00,2.486951070348930148e+00,1.731409534526663352e+00
4.150000000000000043e-03,1.393167003694130379e+00,2.383884232315942597e+00,1.711125964076682937e+00
4.199999999999999740e-03,1.304609889629845476e+00,2.247605101761525948e+00,1.722817770758456213e+00
4.250000000000000305e-03,1.355402403320141946e+00,2.460343048429696200e+00,1.815212251655252906e+00
4.300000000000000003e-03,1.383602172524999396e+00,2.428967546360842444e+00,1.755538979769096120e+00
4.349999999999999700e-03,1.324234269156762789e+00,2.336694618522274780e+00,1.764562866969316524e+00
4.400000000000000265e-03,1.343199034627426069e+00,2.451051101569836188e+00,1.824786229279641958e+00
4.449999999999999963e-03,1.211765039596458315e+00,2.170403758459005683e+00,1.791109404494614754e+00
4.499999999999999660e-03,1.280697797689400730e+00,2.286175924793528047e+00,1.785101785072312097e+00
4.550000000000000225e-03,1.259919043295841590e+00,2.312736236388635902e+00,1.835622890768214388e+00
4.599999999999999922e-03,1.174495186691751458e+00,2.213833608896357941e+00,1.884923526278684314e+00
4.649999999999999620e-03,1.291417019271104083e+00,2.404662681753408027e+00,1.862034219674940649e+00
4.700000000000000185e-03,1.201045844028571841e+00,2.105031361095095477e+00,1.752665288807259358e+00
4.749999999999999882e-03,1.169877683660775602e+00,2.198685735492251325e+00,1.879415058685566686e+00
4.799999999999999580e-03,1.140358676739422039e+00,2.186282360423268845e+00,1.917188341719300970e+00
4.850000000000000144e-03,1.110674685101462611e+00,2.054140133491528353e+00,1.849452554420899730e+00
4.899999999999999842e-03,1.117436038465480008e+00,2.155073907873604533e+00,1.928588155106453872e+00
4.950000000000000407e-03,1.116116748886599286e+00,2.072005067945206225e+00,1.856441156368425771e+00
5.000000000000000104e-03,1.125351761966165265e+00,2.174819119270723800e+00,1.932568280224642887e+00
5.049999999999999802e-03,1.016675487636512942e+00,1.972691069892423155e+00,1.940335036972692162e+00
5.100000000000000366e-03,1.112983481833239363e+00,2.201233560437237280e+00,1.977777385169722235e+00
5.150000000000000064e-03,1.083134551256779377e+00,2.049204897629037792e+00,1.891920902395100024e+00
5.199999999999999761e-03,1.034980605549330024e+00,2.094314102612641726e+00,2.023529804697215440e+00
5.250000000000000326e-03,1.076538153827524713e+00,2.111353465440688026e+00,1.961243508122754386e+00
5.300000000000000024e-03,1.100285306111947303e+00,2.201173092526158559e+00,2.000547567343594846e+00
5.349999999999999721e-03,1.085773146989540194e+00,2.083199145252990103e+00,1.918632037483110286e+00
5.400000000000000286e-03,1.013047456545487668e+00,2.007031697621356692e+00,1.981182307554845812e+00
5.449999999999999983e-03,1.089731002695079942e+00,2.189713135632984198e+00,2.009407028172522924e+00
5.499999999999999681e-03,1.017335161683204037e+00,2.015939689497261433e+00,1.981588531907069406e+00
5.550000000000000246e-03,1.070931182159587269e+00,2.226435435331903356e+00,2.078971527229399374e+00
5.599999999999999943e-03,1.002658065661732545e+00,2.069650622485936786e+00,2.064163939198965458e+00
5.649999999999999641e-03,1.051306773293017471e+00,2.116615088613039930e+00,2.013318226784697629e+00
5.700000000000000205e-03,1.012882556104324205e+00,2.062117267443155821e+00,2.035889802835900930e+00
5.749999999999999903e-03,9.279534559861720711e-01,1.905367313439534804e+00,2.053300519706160454e+00
5.799999999999999600e-03,9.464234723682904971e-01,1.900197715005051302e+00,2.007766893450007029e+00
5.850000000000000165e-03,1.014366764725573855e+00,2.089769534248106631e+00,2.060171534517371228e+00
5.899999999999999863e-03,1.023107009044327276e+00,2.140438154295737583e+00,2.092096071451114980e+00
5.950000000000000427e-03,9.327358529566295298e-01,1.915488213744908963e+00,2.053623442985605507e+00
6.000000000000000125e-03,8.751819826926998669e-01,1.841144446618119934e+00,2.103727548130519320e+00
6.049999999999999822e-03,9.371884641086452028e-01,1.904891526475428920e+00,2.032559724566350479e+00
6.100000000000000387e-03,9.599461556017041541e-01,2.087858553509598813e+00,2.174974649698875773e+00
6.150000000000000085e-03,9.955668976731660846e-01,2.169285759202213892e+00,2.178945246444269568e+00
6.199999999999999782e-03,9.683566491948726318e-01,2.002933458266217936e+00,2.068384060698639004e+00
6.250000000000000347e-03,9.195429586402925626e-01,2.067645912901755256e+00,2.248558257636094293e+00
6.300000000000000044e-03,1.001668633704135392e+00,1.986274423101810571e+00,1.982965579901047271e+00
6.349999999999999742e-03,9.696758886007832423e-01,2.026112133597817166e+00,2.089473562678188845e+00
6.400000000000000307e-03,9.195430322906014142e-01,1.967032349087217247e+00,2.139141160351460069e+00
6.450000000000000004e-03,9.020624014473457297e-01,1.831099402045205160e+00,2.029903251822970933e+00
6.499999999999999702e-03,9.340551724378467480e-01,2.103583124716355446e+00,2.252097292310996313e+00
6.550000000000000266e-03,9.787460057231934796e-01,2.065991165082418313e+00,2.110855270929929972e+00
6.599999999999999964e-03,8.695750040109445633e-01,1.890748599149285392e+00,2.174336417707664726e+00
6.649999999999999661e-03,8.807889364540436583e-01,1.898828571778310437e+00,2.155827001441206647e+00
6.700000000000000226e-03,9.051957560714527506e-01,2.060391245802618787e+00,2.276183059833059019e+00
6.749999999999999924e-03,9.012378989928437889e-01,1.903029101500339104e+00,2.111572431238213809e+00
6.799999999999999621e-03,8.806240305693375792e-01,1.888818004449053012e+00,2.144863118518241851e+00
6.850000000000000186e-03,8.454980075059447264e-01,1.805385219171059541e+00,2.135292103758583693e+00
6.899999999999999883e-03,8.750170698156118920e-01,1.817826320730476342e+00,2.077475266983692226e+00
6.949999999999999581e-03,8.418699804769160799e-01,1.858772185171245539e+00,2.207908855614804544e+00
7.000000000000000146e-03,9.068448663025138190e-01,1.988907970748372778e+00,2.193217434044440139e+00
7.049999999999999843e-03,8.855713549428425591e-01,1.791472432982457175e+00,2.022956617762420972e+00
7.100000000000000408e-03,9.096483351357708136e-01,1.914043927811527324e+00,2.104158116802186118e+00
7.150000000000000105e-03,9.030519212691655584e-01,1.821008539567865903e+00,2.016504806289086460e+00
7.199999999999999803e-03,8.407155921043543145e-01,1.918658714979046831e+00,2.282173344943615678e+00
7.250000000000000368e-03,8.539084809876028581e-01,2.028398137864597661e+00,2.375428026570971962e+00
7.300000000000000065e-03,8.405506811400553779e-01,1.997237059351096855e+00,2.376105455821182488e+00
7.349999999999999763e-03,8.037755778937752948e-01,1.814983510296692915e+00,2.258072477211488405e+00
7.400000000000000328e-03,9.000835075245248174e-01,1.895713897651455149e+00,2.106153353331832179e+00
7.450000000000000025e-03,8.916730716083747232e-01,1.911987380111215717e+00,2.144269509745793556e+00
7.499999999999999722e-03,8.108667258842473524e-01,1.781452043878724689e+00,2.196972679987648114e+00
7.550000000000000287e-03,7.811828288808859710e-01,1.835514029285600923e+00,2.349659978977185482e+00
7.599999999999999985e-03,7.869546108484870572e-01,1.792642515900672473e+00,2.277949059816629429e+00
7.649999999999999682e-03,8.413752384054484779e-01,1.885458676713232418e+00,2.240924846191697295e+00
7.700000000000000247e-03,8.380770422339103298e-01,1.918384828137367215e+00,2.289031594307697315e+00
7.749999999999999944e-03,8.603400106712636441e-01,2.021514516456561772e+00,2.349669306765489463e+00
7.799999999999999642e-03,8.356033817679742182e-01,1.862703158346101118e+00,2.229171397565413937e+00
7.849999999999999339e-03,8.194420984216679305e-01,1.917552540178970366e+00,2.340070816318052582e+00
7.900000000000000772e-03,8.327998550681230405e-01,1.884481594791063142e+00,2.262826516266519317e+00
7.950000000000000469e-03,7.884389209290008083e-01,1.923756347555892532e+00,2.439956091068121502e+00
8.000000000000000167e-03,8.224104342963246550e-01,1.785514174817026012e+00,2.171074320506107824e+00
8.049999999999999864e-03,8.689153779809357658e-01,1.889813384974974531e+00,2.174910736838676861e+00
8.099999999999999561e-03,8.263683664397193374e-01,1.836595117634451491e+00,2.222489621120346648e+00
8.149999999999999259e-03,8.454980250448265178e-01,1.831702311494607827e+00,2.166418202334055909e+00
8.200000000000000691e-03,8.390664658999434922e-01,1.880180303029218125e+00,2.240800198125692866e+00
8.250000000000000389e-03,8.078983466479167097e-01,1.780909801488713029e+00,2.204373618138911972e+00
8.300000000000000086e-03,7.998177149094707339e-01,1.846725764090157984e+00,2.308933310259555949e+00
8.349999999999999784e-03,8.346139055412038488e-01,2.117357995824153960e+00,2.536931126795876956e+00
8.399999999999999481e-03,8.295016887708349662e-01,1.821672318235778354e+00,2.196104411716331750e+00
8.449999999999999178e-03,7.792038309528778184e-01,1.808653991114667070e+00,2.321156441059701425e+00
8.500000000000000611e-03,7.585899774278113128e-01,1.711176902003726408e+00,2.255733601709185354e+00
8.550000000000000308e-03,8.158140631152843714e-01,1.841868067483575899e+00,2.257705708639270892e+00
8.600000000000000006e-03,7.933861668351487317e-01,1.775306510943855054e+00,2.237632297051042052e+00
8.649999999999999703e-03,8.306560502320076145e-01,1.930432806556017233e+00,2.323985729131611944e+00
8.699999999999999400e-03,7.587549010343431766e-01,1.747023726301196067e+00,2.302487567354930764e+00
8.750000000000000833e-03,8.255438000157133693e-01,2.103241822217795765e+00,2.547704703466687981e+00
8.800000000000000530e-03,8.125158454602101621e-01,1.942644681224867886e+00,2.390900672373412306e+00
8.850000000000000228e-03,7.569409126341034577e-01,1.811558368740873837e+00,2.393262589594705059e+00
8.899999999999999925e-03,7.785442195116623054e-01,1.852456854616004067e+00,2.379385535452241296e+00
8.949999999999999623e-03,8.614943416183793445e-01,1.968500138009849687e+00,2.284983247030827780e+00
8.999999999999999320e-03,7.968493183959467485e-01,1.984133955026478935e+00,2.489973837237546395e+00
9.050000000000000752e-03,7.905827053782668035e-01,1.867381237443090258e+00,2.362031479742036755e+00
9.100000000000000450e-03,8.118562133239537459e-01,2.064954452529428330e+00,2.543497750759287079e+00
9.150000000000000147e-03,8.563821097736940002e-01,2.010821713930656340e+00,2.348042644727868389e+00
9.199999999999999845e-03,8.293367546693565240e-01,2.029489682284414620e+00,2.447123765898377545e+00
9.249999999999999542e-03,8.131754897708374230e-01,1.873827176354404989e+00,2.304333074380379820e+00
9.299999999999999239e-03,8.301613153349614027e-01,2.026490907744189940e+00,2.441080872247729516e+00
9.350000000000000672e-03,7.767301606517295065e-01,1.785429240427891084e+00,2.298648013011100666e+00
9.400000000000000369e-03,7.943756882391527219e-01,2.072489343913229476e+00,2.608953640697638132e+00
9.450000000000000067e-03,8.314806226612549978e-01,1.957329830232627632e+00,2.354029398746485757e+00
9.499999999999999764e-03,8.214209854354368456e-01,1.955932893106924197e+00,2.381157686238172477e+00
9.549999999999999462e-03,7.561163460271483894e-01,1.713888765208281928e+00,2.266699793244179695e+00
9.599999999999999159e-03,7.668355432906557301e-01,1.887729080588165020e+00,2.461713071472293457e+00
9.650000000000000591e-03,6.762994294220965319e-01,1.641776160371665405e+00,2.427587676326411703e+00
9.700000000000000289e-03,7.442427780614478960e-01,1.673357419222646580e+00,2.248402629557645582e+00
9.749999999999999986e-03,7.759056004787887595e-01,1.730484407719056872e+00,2.230276990720553076e+00
9.799999999999999684e-03,6.950993413320568637e-01,1.716373061853671667e+00,2.469248580446777641e+00
9.849999999999999381e-03,7.213201200943686331e-01,1.860279670466824742e+00,2.578993180203331459e+00
9.900000000000000813e-03,7.392954258565891390e-01,1.770899032043119048e+00,2.395387513714501981e+00
9.950000000000000511e-03,7.442427278099001953e-01,1.802787699583865200e+00,2.422311474764381245e+00
1.000000000000000021e-02,8.143298711781702393e-01,1.958736962388530012e+00,2.405336009048316903e+00
1.004999999999999991e-02,7.737618041796012758e-01,1.872343969051488477e+00,2.419793738767816560e+00
1.009999999999999960e-02,7.759056239699786417e-01,1.792124852157675141e+00,2.309720147391296940e+00
1.014999999999999930e-02,8.245543295526842620e-01,1.822884478699827060e+00,2.210751206277372649e+00
1.020000000000000073e-02,7.396252575869375345e-01,1.670796277608624258e+00,2.258976772994037763e+00
1.025000000000000043e-02,7.731021182186658125e-01,1.759856375085393054e+00,2.276356943815320832e+00
1.030000000000000013e-02,6.990571805869398858e-01,1.607460934844596512e+00,2.299469885274543657e+00
1.034999999999999983e-02,6.817415388813635735e-01,1.595117994146057594e+00,2.339769404052170376e+00
1.039999999999999952e-02,7.528180901143317616e-01,1.789993101570913403e+00,2.377723284119094505e+00
1.044999999999999922e-02,6.451313158170925988e-01,1.579195140992467161e+00,2.447866197585423009e+00
1.050000000000000065e-02,7.806881274311483487e-01,1.850767216801360693e+00,2.370687028239181871e+00
1.055000000000000035e-02,7.462216074263835486e-01,1.698464578203263242e+00,2.276086033023133393e+00
1.060000000000000005e-02,7.521584839585376825e-01,1.830679215484557032e+00,2.433900905896678513e+00
1.064999999999999974e-02,6.959238484930871937e-01,1.780763599170678502e+00,2.558848361105370728e+00
1.069999999999999944e-02,7.219797764592585931e-01,1.831651339144215518e+00,2.536984274167651598e+00
1.074999999999999914e-02,7.442427557580180153e-01,1.906020495482069421e+00,2.561019883278232712e+00
1.080000000000000057e-02,6.784433546993700048e-01,1.653148655130578737e+00,2.436678970587187187e+00
1.085000000000000027e-02,6.741555268308612181e-01,1.693618699023223817e+00,2.512207690389721471e+00
1.089999999999999997e-02,6.982326443106156022e-01,1.709613782484364242e+00,2.448487329280218727e+00
1.094999999999999966e-02,7.114255025173807923e-01,1.678772891031385939e+00,2.359731110412888189e+00
1.099999999999999936e-02,7.508391507213341143e-01,1.688125446013866160e+00,2.248318357389964994e+00
1.105000000000000079e-02,7.305551576483957366e-01,1.754928868970425437e+00,2.402185311536797041e+00
1.110000000000000049e-02,6.988922600266730401e-01,1.677541760730347997e+00,2.400286648855325833e+00
1.115000000000000019e-02,7.056536273863661668e-01,1.793101869212237132e+00,2.541051019398304689e+00
1.119999999999999989e-02,7.163728088837451047e-01,1.761190152182993351e+00,2.458482692729902386e+00
1.124999999999999958e-02,6.820713306836503342e-01,1.602050923171044472e+00,2.348802612133374268e+00
1.129999999999999928e-02,7.081273142444386437e-01,1.707344509846468794e+00,2.411069980640670796e+00
1.135000000000000071e-02,6.848747948227659199e-01,1.660858723675433968e+00,2.425054530011191645e+00
1.140000000000000041e-02,7.289060374201924430e-01,1.785771665928247431e+00,2.449933975370276240e+00
1.145000000000000011e-02,7.696389704301962453e-01,1.823708876555523828e+00,2.369564102940559636e+00
1.149999999999999981e-02,7.577654543901768402e-01,1.939969043746751609e+00,2.560118084702041497e+00
1.154999999999999950e-02,7.661759257632141384e-01,1.916876093709932949e+00,2.501874607715540932e+00
1.159999999999999920e-02,7.554566386679728573e-01,2.015641092342300045e+00,2.668109576608254319e+00
1.165000000000000063e-02,7.216500045278633202e-01,1.915214746675029778e+00,2.653938522356209972e+00
1.170000000000000033e-02,6.705275875107145067e-01,1.732548523739226187e+00,2.583858674884933482e+00
1.175000000000000003e-02,7.620531180481099343e-01,1.883050448956060885e+00,2.471022563071751943e+00
1.179999999999999973e-02,7.279165746541143012e-01,2.016471906312307549e+00,2.770196443556019794e+00
1.184999999999999942e-02,7.122500275812664317e-01,1.800858993696261123e+00,2.528408457647671082e+00
1.190000000000000085e-02,7.191763025850346214e-01,1.801307941987276839e+00,2.504682002886617909e+00
1.195000000000000055e-02,7.397901480866984070e-01,1.931539604365962282e+00,2.610929071387956490e+00
1.200000000000000025e-02,7.178570201362498571e-01,1.878887764112570746e+00,2.617356536759863683e+00
1.204999999999999995e-02,6.977378377789327235e-01,1.805237304278911381e+00,2.587271617697294079e+00
1.209999999999999964e-02,7.983335421281495536e-01,2.180632377336574113e+00,2.731480342819588181e+00
1.214999999999999934e-02,7.188464700167110921e-01,1.764119234214923004e+00,2.454097373774280832e+00
1.220000000000000077e-02,6.660749729342478886e-01,1.655708640282178790e+00,2.485769181490659729e+00
1.225000000000000047e-02,7.943756775812222948e-01,1.991631691300511431e+00,2.507166001563376767e+00
1.230000000000000017e-02,7.242885464473478585e-01,2.018033194881902137e+00,2.786228230144466522e+00
1.234999999999999987e-02,6.662398696402963560e-01,1.829335450032953059e+00,2.745760998993670654e+00
1.239999999999999956e-02,6.926256615073760337e-01,1.915886941711941294e+00,2.766121800255502361e+00
1.244999999999999926e-02,7.064781351453441882e-01,1.792378792267658172e+00,2.537061945871701862e+00
1.250000000000000069e-02,6.698679621786494121e-01,1.705329244433541280e+00,2.545769227247713928e+00
1.255000000000000039e-02,7.249481626417267899e-01,1.982648472844239063e+00,2.734883092357148993e+00
1.260000000000000009e-02,6.596434941329076818e-01,1.651501449438236513e+00,2.503627283718021790e+00
1.264999999999999979e-02,7.084570658194335735e-01,1.663184892266109216e+00,2.347615646041152804e+00
1.269999999999999948e-02,7.678250073806480724e-01,1.983033612005207225e+00,2.582663488351482517e+00
1.274999999999999918e-02,7.729372441524899884e-01,1.870991341039242251e+00,2.420625160960831135e+00
1.280000000000000061e-02,7.053237750099962122e-01,1.935136688209015743e+00,2.743614715357624245e+00
1.285000000000000031e-02,7.569409430728862853e-01,1.872909007484754529e+00,2.474313253397908863e+00
1.290000000000000001e-02,6.654152670442989859e-01,1.728599053787903017e+00,2.597774862404568452e+00
1.294999999999999971e-02,6.901520092053294864e-01,1.775611118804854893e+00,2.572782655301358190e+00
1.299999999999999940e-02,6.903168958027997570e-01,1.741396928340243733e+00,2.522605109230445564e+00
1.305000000000000084e-02,6.921309015512048246e-01,1.833465699261842774e+00,2.649015807779535159e+00
1.310000000000000053e-02,7.444076610157140950e-01,1.954173100816291919e+00,2.625138352485386850e+00
1.315000000000000023e-02,6.885028517817948224e-01,1.761593858250457556e+00,2.558586146290581009e+00
1.319999999999999993e-02,6.715170611324335903e-01,1.615262492461747357e+00,2.405393080762236124e+00
1.324999999999999963e-02,6.743205226588786516e-01,1.686710373079681302e+00,2.501348122149538167e+00
1.329999999999999932e-02,6.476049851748825192e-01,1.773279262281136637e+00,2.738211259757784788e+00
1.335000000000000075e-02,6.977378778751700539e-01,1.890114804424693373e+00,2.708918154451760429e+00
1.340000000000000045e-02,6.776187793473013032e-01,1.827103798908475740e+00,2.696359449583711321e+00
1.345000000000000015e-02,6.319384615874150679e-01,1.641631178275440250e+00,2.597770634424909186e+00
1.349999999999999985e-02,7.165377074664049939e-01,2.065813334490442799e+00,2.883049018864507929e+00
1.354999999999999954e-02,6.147877087003239538e-01,1.784783764164543429e+00,2.903089536285003547e+00
1.359999999999999924e-02,7.092816496736893406e-01,1.886083775741206559e+00,2.659146442896012097e+00
1.365000000000000067e-02,7.595794438365822687e-01,2.139955323261825360e+00,2.817289673418571727e+00
1.370000000000000037e-02,6.855344657112828477e-01,1.853928577338655792e+00,2.704355025264987056e+00
1.375000000000000007e-02,6.438120267584511724e-01,1.738884434324027728e+00,2.700919464147307103e+00
1.379999999999999977e-02,6.352366461819819454e-01,1.752724456732813074e+00,2.759167732635333881e+00
1.384999999999999946e-02,6.957589802210460972e-01,1.923188030757933209e+00,2.764158401731195536e+00
1.389999999999999916e-02,7.180219196308137430e-01,1.873909112083287587e+00,2.609821595762421786e+00
1.395000000000000059e-02,7.049939664597351108e-01,1.809182677420212215e+00,2.566238526132892162e+00
1.400000000000000029e-02,7.546321258508741359e-01,1.951153260744862727e+00,2.585568774381118651e+00
1.404999999999999999e-02,7.026852045769357291e-01,1.758711975974759811e+00,2.502844751133793899e+00
1.409999999999999969e-02,6.507383080738379233e-01,1.625014754942649464e+00,2.497186249496567978e+00
1.414999999999999938e-02,6.990571505121835338e-01,1.618225571390359940e+00,2.314868777473662043e+00
1.420000000000000082e-02,6.316086032634526948e-01,1.524029226410730686e+00,2.412932975479178399e+00
1.425000000000000051e-02,6.512330392796489287e-01,1.674751599954619863e+00,2.571662521617637420e+00
1.430000000000000021e-02,6.698679542582087754e-01,1.740859901329506521e+00,2.598810542082553354e+00
1.434999999999999991e-02,6.474400133844592231e-01,1.578285778927135174e+00,2.437732834392992931e+00
1.439999999999999961e-02,6.222087027646434620e-01,1.601066295588290833e+00,2.573198170443960819e+00
1.444999999999999930e-02,6.525523546246186912e-01,1.587064796142729772e+00,2.432088069095529104e+00
1.450000000000000074e-02,6.525522820133317081e-01,1.622475000752537255e+00,2.486352504578920541e+00
1.455000000000000043e-02,5.663039143849362134e-01,1.566028599067607718e+00,2.765350122590048532e+00
1.460000000000000013e-02,6.710223396207640745e-01,1.846688679326154769e+00,2.752052458297933768e+00
1.464999999999999983e-02,6.190753557922731298e-01,1.718720925094064711e+00,2.776270948299177199e+00
1.469999999999999953e-02,6.781135307613095353e-01,1.789317348996999346e+00,2.638669290359322517e+00
1.474999999999999922e-02,6.507382654178504033e-01,1.638140970774773830e+00,2.517357681006963332e+00
1.480000000000000066e-02,6.027492372710725466e-01,1.659491234532909365e+00,2.753203375331011227e+00
1.485000000000000035e-02,6.157771480381089013e-01,1.623110235186700168e+00,2.635872799693843138e+00
1.490000000000000005e-02,6.462857160457283756e-01,1.684077037293354007e+00,2.605777902066763296e+00
1.494999999999999975e-02,6.222087251757912885e-01,1.587201864249144334e+00,2.550915472618477953e+00
1.499999999999999944e-02,6.692082661910353503e-01,1.671939302791493720e+00,2.498384116364477325e+00
1.504999999999999914e-02,6.546961333840231045e-01,1.673519609062665170e+00,2.556177627646127881e+00
1.510000000000000057e-02,6.175912155535890902e-01,1.507370258892306358e+00,2.440724901731556873e+00
1.515000000000000027e-02,6.391945556726948974e-01,1.816561094802993992e+00,2.841953328108726584e+00
1.519999999999999997e-02,6.052228546988966951e-01,1.631528707169073389e+00,2.695748672579081795e+00
1.524999999999999967e-02,6.819064819356766005e-01,1.702780795556410487e+00,2.497088443451739526e+00
1.529999999999999936e-02,6.301244097341925920e-01,1.581079225673386546e+00,2.509154067433029933e+00
1.535000000000000080e-02,7.425936405697868281e-01,1.891507267680090587e+00,2.547163299471229436e+00
1.540000000000000049e-02,6.522224624945131000e-01,1.564842043635406688e+00,2.399245861067796692e+00
1.545000000000000019e-02,6.433172867165254383e-01,1.777444455396057332e+00,2.762935944824500556e+00
1.549999999999999989e-02,6.190753851529214868e-01,1.670972668437756381e+00,2.699142476848759742e+00
1.554999999999999959e-02,6.035738030690729339e-01,1.553767079472460066e+00,2.574278524965483150e+00
1.559999999999999928e-02,6.114894891057975901e-01,1.607841274470717785e+00,2.629384974093210037e+00
1.565000000000000072e-02,5.554197807798463282e-01,1.452270205858313457e+00,2.614725395302323285e+00
1.569999999999999868e-02,6.804222451510566483e-01,1.810213889676896004e+00,2.660427260538815730e+00
1.575000000000000011e-02,6.741556412168003831e-01,1.597339615742797481e+00,2.369392938490760603e+00
1.580000000000000154e-02,5.816406562686561310e-01,1.517325686339893398e+00,2.608699495103812271e+00
1.584999999999999951e-02,6.749801417179932539e-01,1.717053189010929515e+00,2.543857341699860442e+00
1.590000000000000094e-02,6.101702384963809678e-01,1.501079333405472394e+00,2.460099229199582904e+00
1.594999999999999890e-02,7.071378188080349458e-01,1.789375762134640890e+00,2.530448399932628156e+00
1.600000000000000033e-02,6.451312727088602816e-01,1.664928446663070494e+00,2.580759168087069177e+00
1.604999999999999830e-02,6.504084818256625766e-01,1.624268069378816293e+00,2.497304562848843723e+00
1.609999999999999973e-02,6.187455584011779530e-01,1.560536189226943815e+00,2.522096794131868602e+00
1.615000000000000116e-02,6.975729759389690532e-01,1.858348678655115105e+00,2.664020457721548496e+00
1.619999999999999912e-02,6.400190784311914349e-01,1.732868663383602126e+00,2.707526575037720651e+00
1.625000000000000056e-02,6.438120349761317085e-01,1.808245614246767774e+00,2.808654569984553984e+00
1.629999999999999852e-02,6.746503405960294630e-01,1.845984519996991313e+00,2.736209276002336210e+00
1.634999999999999995e-02,7.297305637137033729e-01,1.958785583456127632e+00,2.684258657726472652e+00
1.640000000000000138e-02,6.558505462105288508e-01,1.812707714794485003e+00,2.763903644310762964e+00
1.644999999999999934e-02,6.799275230338577281e-01,1.968758862524047304e+00,2.895542239177764099e+00
1.650000000000000078e-02,7.054886894635101768e-01,1.952250984094953790e+00,2.767232151630305559e+00
1.654999999999999874e-02,6.532119592053664547e-01,1.777561169251625328e+00,2.721262438939470396e+00
1.660000000000000017e-02,6.301243899319037833e-01,1.754716131947748003e+00,2.784713875521270587e+00
1.665000000000000160e-02,6.157772058746588950e-01,1.628169154624154791e+00,2.644088055048221086e+00
1.669999999999999957e-02,7.010361102768312147e-01,2.188313926577599489e+00,3.121542377772036581e+00
1.675000000000000100e-02,6.662398735697512286e-01,1.949164553896391316e+00,2.925619782335536989e+00
1.679999999999999896e-02,6.484295370886435927e-01,1.899034684662667116e+00,2.928667767339937722e+00
1.685000000000000039e-02,6.342472318127234665e-01,1.833589810986463009e+00,2.890970143844275864e+00
1.689999999999999836e-02,6.860291977561052690e-01,1.867206090880801250e+00,2.721758923655351214e+00
1.694999999999999979e-02,6.459558363020807548e-01,1.907482962995164177e+00,2.952961883454724656e+00
1.700000000000000122e-02,6.347419631142945384e-01,1.883281178807802991e+00,2.967002795226712841e+00
1.704999999999999918e-02,6.741556066065105268e-01,2.003749994146866165e+00,2.972236638708858347e+00
1.710000000000000062e-02,6.174262793162962337e-01,1.708919102315911376e+00,2.767810764725262551e+00
1.714999999999999858e-02,6.182508687313343909e-01,1.625703568240382424e+00,2.629520879730205873e+00
1.720000000000000001e-02,7.138991390800686343e-01,1.968679123345890014e+00,2.757643223779107533e+00
1.725000000000000144e-02,6.543663321452642956e-01,1.869857322336253347e+00,2.857508448220650976e+00
1.729999999999999941e-02,5.766932671300948332e-01,1.497480465829986285e+00,2.596667155977344432e+00
1.735000000000000084e-02,6.588189491147731225e-01,1.664179408060572074e+00,2.526004162898864536e+00
1.739999999999999880e-02,6.337524631877413661e-01,1.636452942025111934e+00,2.582164231431685941e+00
1.745000000000000023e-02,5.704266538270903464e-01,1.557378103926806645e+00,2.730198691590040028e+00
1.750000000000000167e-02,6.198999986464551748e-01,1.722788345533355692e+00,2.779139134207202932e+00
1.754999999999999963e-02,6.215490506732065379e-01,1.595069107812588038e+00,2.566280337947505874e+00
1.760000000000000106e-02,6.167666353567906601e-01,1.609801751650977719e+00,2.610066205542604489e+00
1.764999999999999902e-02,6.317735142639677726e-01,1.563819112093033814e+00,2.475284380851139332e+00
1.770000000000000046e-02,6.710223569170561397e-01,1.693969998559696100e+00,2.524461340367955220e+00
1.774999999999999842e-02,6.490891476613012134e-01,1.716080762590297626e+00,2.643829077675104333e+00
1.779999999999999985e-02,6.072018344569151127e-01,1.588212705538428304e+00,2.615625670760588495e+00
1.785000000000000128e-02,6.009352016574108779e-01,1.550744101784251150e+00,2.580551276588919141e+00
1.789999999999999925e-02,5.903809005745891403e-01,1.587905125576795085e+00,2.689628211263887181e+00
1.795000000000000068e-02,6.228683296493133792e-01,1.583267925847037683e+00,2.541898264017448561e+00
1.799999999999999864e-02,6.154473917956492235e-01,1.710334593616492205e+00,2.779010223158740800e+00
1.805000000000000007e-02,6.090158202520565833e-01,1.594571076847404623e+00,2.618275295685177806e+00
1.810000000000000150e-02,5.872476064982894428e-01,1.568247401784195416e+00,2.670504544302069405e+00
1.814999999999999947e-02,6.230332211948859111e-01,1.710157817858880769e+00,2.744890255737968854e+00
1.820000000000000090e-02,6.109947920528371323e-01,1.604135713961842624e+00,2.625449078824752647e+00
1.824999999999999886e-02,5.794968032239465883e-01,1.653053102424087317e+00,2.852566387299404482e+00
1.830000000000000029e-02,5.912054269890717473e-01,1.557399363129207570e+00,2.634277853403391934e+00
1.835000000000000173e-02,5.422269379666072586e-01,1.524703546820789901e+00,2.811928807038885925e+00
1.839999999999999969e-02,6.537067121767835554e-01,1.753489126026803735e+00,2.682378952768964542e+00
1.845000000000000112e-02,6.321033340909505416e-01,1.786491269697642270e+00,2.826264588948666834e+00
1.849999999999999908e-02,6.317735297132280881e-01,1.692043157270839204e+00,2.678243195847227476e+00
1.855000000000000052e-02,5.888967259837591950e-01,1.553649453921142953e+00,2.638237547212972878e+00
1.859999999999999848e-02,5.921949056293785985e-01,1.633212984481507535e+00,2.757897727515480124e+00
1.864999999999999991e-02,6.601382073845001308e-01,1.742035569874733181e+00,2.638895234949001356e+00
1.870000000000000134e-02,5.704267052934285376e-01,1.487683802980491077e+00,2.608019205929750228e+00
1.874999999999999931e-02,6.009351778737791472e-01,1.644960555099364674e+00,2.737334434172321806e+00
1.880000000000000074e-02,5.877423457360219095e-01,1.510081811497324900e+00,2.569292177861150162e+00
1.884999999999999870e-02,6.055527319971721889e-01,1.590961826164123849e+00,2.627288660587784097e+00
1.890000000000000013e-02,6.289700358256620216e-01,1.737848413493864319e+00,2.763006684750179964e+00
1.895000000000000157e-02,6.438120212233953144e-01,1.700157832164915339e+00,2.640767454037613149e+00
1.899999999999999953e-02,5.991211793030309929e-01,1.567140476187983245e+00,2.615732059432563261e+00
1.905000000000000096e-02,6.109947652381666483e-01,1.590836534921923562e+00,2.603682757088455979e+00
1.909999999999999892e-02,6.403489242349044153e-01,1.705003329883366225e+00,2.662616060330736278e+00
1.915000000000000036e-02,5.949984006988631169e-01,1.606074007993753883e+00,2.699291302476307219e+00
1.919999999999999832e-02,5.918650971877347233e-01,1.713966335798038143e+00,2.895873306167236372e+00
1.924999999999999975e-02,6.146228273192304581e-01,1.675669529424525406e+00,2.726337934328292079e+00
1.930000000000000118e-02,5.982966003510755693e-01,1.704760253271337733e+00,2.849356409966224746e+00
1.934999999999999915e-02,5.946685949171335306e-01,1.715510554990575365e+00,2.884817812229734546e+00
1.940000000000000058e-02,6.149525891576499426e-01,1.834263073500653540e+00,2.982771527172836556e+00
1.944999999999999854e-02,5.755389628642509914e-01,1.500952680037187736e+00,2.607908025144787256e+00
1.949999999999999997e-02,5.989562642482451071e-01,1.635133536827473977e+00,2.729971509488665848e+00
1.955000000000000140e-02,5.626758841852828041e-01,1.627717328288364795e+00,2.892815160623404047e+00
1.959999999999999937e-02,6.073667221767811153e-01,1.583990730255268042e+00,2.607964302980414484e+00
1.965000000000000080e-02,6.236929401109602145e-01,1.679928506116072917e+00,2.693518553885184907e+00
1.969999999999999876e-02,5.671284154483356987e-01,1.530667488806539023e+00,2.698978656529651410e+00
1.975000000000000019e-02,6.119842428471032880e-01,1.600871246527144853e+00,2.615870041162322579e+00
1.980000000000000163e-02,5.641600963982414951e-01,1.459284154694220792e+00,2.586649009759296902e+00
1.984999999999999959e-02,6.711872354235652871e-01,1.779743794073235685e+00,2.651635341292053916e+00
1.990000000000000102e-02,5.918650811057224459e-01,1.550680160044057843e+00,2.619989267059102289e+00
1.994999999999999898e-02,5.912054585655373007e-01,1.595689459170604563e+00,2.699043853624562672e+00
2.000000000000000042e-02,6.134684480337854184e-01,1.766003898783710113e+00,2.878720013138233114e+00
2.004999999999999838e-02,6.017597622682502312e-01,1.642313327812902735e+00,2.729184353607209790e+00
2.009999999999999981e-02,5.953282249647762203e-01,1.486770982081646375e+00,2.497397099170989510e+00
2.015000000000000124e-02,5.855985145607015552e-01,1.555226779834006923e+00,2.655790172214988143e+00
2.019999999999999921e-02,5.549250600938820943e-01,1.523634503666071449e+00,2.745658131583214701e+00
2.025000000000000064e-02,5.417321879356401526e-01,1.593861239218134385e+00,2.942157166794547418e+00
2.029999999999999860e-02,5.732301738671106150e-01,1.535121678087459252e+00,2.678019664825494139e+00
2.035000000000000003e-02,5.854335782368091934e-01,1.545176255147513222e+00,2.639370737498910380e+00
2.040000000000000147e-02,5.699319582357831315e-01,1.530465217208815343e+00,2.685347250830345089e+00
2.044999999999999943e-02,6.047281230753031034e-01,1.678246823335144633e+00,2.775208824091951243e+00
2.050000000000000086e-02,5.926896853672773968e-01,1.706049222803780907e+00,2.878486440584127948e+00
2.054999999999999882e-02,6.166017299600112800e-01,1.641604216173094155e+00,2.662341242992551926e+00
2.060000000000000026e-02,5.874125260371914070e-01,1.748782641364603485e+00,2.977094569573208283e+00
2.065000000000000169e-02,5.696021087269698135e-01,1.687944871886298381e+00,2.963375391391658731e+00
2.069999999999999965e-02,6.631066090795912915e-01,1.862164222221397214e+00,2.808242591347608563e+00
2.075000000000000108e-02,6.637662421762327014e-01,1.736845597880191550e+00,2.616652501316949930e+00
2.079999999999999905e-02,6.052228997384708764e-01,1.600356922611295030e+00,2.644243836944771608e+00
2.085000000000000048e-02,5.999457157612773095e-01,1.667217656054595487e+00,2.778947515174845062e+00
2.089999999999999844e-02,6.312788770595842980e-01,2.009904750949293994e+00,3.183861877829924136e+00
2.094999999999999987e-02,5.733950199190359642e-01,1.725937282136439377e+00,3.010031866653016586e+00
2.100000000000000130e-02,5.720758142505526500e-01,1.697384112666313172e+00,2.967061480985644373e+00
2.104999999999999927e-02,5.902160632777839755e-01,1.780197217831696710e+00,3.016178868371209632e+00
2.110000000000000070e-02,6.299594286859965253e-01,2.120157974647301824e+00,3.365546856040621648e+00
2.114999999999999866e-02,6.517277353654424843e-01,2.030012499399853620e+00,3.114816800395286744e+00
2.120000000000000009e-02,5.928545751258018637e-01,1.751661927309821287e+00,2.954623276607292848e+00
2.125000000000000153e-02,6.009352445063870229e-01,1.810060126105636380e+00,3.012071837444705302e+00
2.129999999999999949e-02,6.108298062639762049e-01,1.839944722043173497e+00,3.012205205402211483e+00
2.135000000000000092e-02,6.382050615683161343e-01,2.020955606623653811e+00,3.166624222091542151e+00
2.139999999999999888e-02,6.078615224240430104e-01,1.726132036353982935e+00,2.839679717627918265e+00
2.145000000000000032e-02,5.696020998417863357e-01,1.644413776287820150e+00,2.886951745340432307e+00
2.149999999999999828e-02,5.827949884526258950e-01,1.766437309960604551e+00,3.030975463002277159e+00
2.154999999999999971e-02,6.472751912082239656e-01,1.978440883396067385e+00,3.056568381221359765e+00
2.160000000000000114e-02,6.401839750985764965e-01,1.753399726629653488e+00,2.738899745748341275e+00
2.164999999999999911e-02,6.372155776208001665e-01,2.314577035577548347e+00,3.632329649283820849e+00
2.170000000000000054e-02,5.626758956688476809e-01,1.839353850426141745e+00,3.268940192008258361e+00
2.174999999999999850e-02,5.984615156403344516e-01,1.862910584653973300e+00,3.112832715167523023e+00
2.179999999999999993e-02,6.462856785622013156e-01,1.875333504213500646e+00,2.901709826505169065e+00
2.185000000000000137e-02,5.397532711166818098e-01,1.470007103905444978e+00,2.723479750042431036e+00
2.189999999999999933e-02,6.530470249924071879e-01,1.811530337597318407e+00,2.773966143737322199e+00
2.195000000000000076e-02,6.337524911200157485e-01,1.876141102277491868e+00,2.960368801015412554e+00
2.199999999999999872e-02,5.818055283278026346e-01,1.532673329642280313e+00,2.634339577431338508e+00
2.205000000000000016e-02,6.063772687022701557e-01,1.562811748653632371e+00,2.577292766924232037e+00
2.210000000000000159e-02,5.783424498946748704e-01,1.627468996085295494e+00,2.814023069518211795e+00
2.214999999999999955e-02,5.473391399814440117e-01,1.585761135451422721e+00,2.897218597422401398e+00
2.220000000000000098e-02,5.791669569766174641e-01,1.603042237061339526e+00,2.767841324079644671e+00
2.224999999999999895e-02,6.190753880686296062e-01,1.611787488368797261e+00,2.603539923299482250e+00
2.230000000000000038e-02,6.029141423001035394e-01,1.656934244874873174e+00,2.748209286572226073e+00
2.234999999999999834e-02,6.307840802792101798e-01,1.837257518299489023e+00,2.912656764397487219e+00
2.239999999999999977e-02,5.776827591605805390e-01,1.532239959027155152e+00,2.652389974825668961e+00
2.245000000000000120e-02,5.417322224878128312e-01,1.561608824795634787e+00,2.882621265584337067e+00
2.249999999999999917e-02,5.791669732491929734e-01,1.650714205802769730e+00,2.850152515676220411e+00
2.255000000000000060e-02,5.811458934663724651e-01,1.687120673245817271e+00,2.903093168537447699e+00
2.259999999999999856e-02,5.527811944369042108e-01,1.497902388383440586e+00,2.709756416206041685e+00
2.264999999999999999e-02,5.890616590152711884e-01,1.581801759958745279e+00,2.685290641056198524e+00
2.270000000000000143e-02,6.814116749489860236e-01,1.717455196294368047e+00,2.520436997829462733e+00
2.274999999999999939e-02,5.910405887041741968e-01,1.758732843531039647e+00,2.975654933254195278e+00
2.280000000000000082e-02,5.684477579828058902e-01,1.611330649116257785e+00,2.834615189325799811e+00
2.284999999999999878e-02,5.930194507966008999e-01,1.913849158838211384e+00,3.227295759468504333e+00
2.290000000000000022e-02,5.669635647851660742e-01,1.480217616640219447e+00,2.610780848326829773e+00
2.295000000000000165e-02,5.506374077312584658e-01,1.620822038901695850e+00,2.943537827514883798e+00
2.299999999999999961e-02,5.763634671381883123e-01,1.578336387736338553e+00,2.738439331648197861e+00
2.305000000000000104e-02,6.114894860804773735e-01,1.711153502251838265e+00,2.798336751822148916e+00
2.309999999999999901e-02,6.015948516689172409e-01,1.829113448738883374e+00,3.040440661459518079e+00
2.315000000000000044e-02,5.915353068246392843e-01,1.528550530649311456e+00,2.584039385331990957e+00
2.319999999999999840e-02,5.313428149028374126e-01,1.530623238222715843e+00,2.880669871300714391e+00
2.324999999999999983e-02,5.989562310362364084e-01,1.509606728370695539e+00,2.520395732020300983e+00
2.330000000000000127e-02,5.689425005692777537e-01,1.582020907693548750e+00,2.780634081845873240e+00
2.334999999999999923e-02,5.595425891867834567e-01,1.617203009370437039e+00,2.890223265615606607e+00
2.340000000000000066e-02,6.057176247836689731e-01,1.585379026648258804e+00,2.617356606082700932e+00
2.344999999999999862e-02,5.626758511200832258e-01,1.525418647201136846e+00,2.711007846106390229e+00
2.350000000000000006e-02,5.621811711515274368e-01,1.663270635001645736e+00,2.958602529491932032e+00
2.355000000000000149e-02,5.745494677498412806e-01,1.532691727985246777e+00,2.667641019645988987e+00
2.359999999999999945e-02,6.322682711458139648e-01,1.742428815116708885e+00,2.755837821750934058e+00
2.365000000000000088e-02,5.587179983263050875e-01,1.626800493890002919e+00,2.911666527234211710e+00
2.369999999999999885e-02,5.552549251019802679e-01,1.568726536345739664e+00,2.825236599310886554e+00
2.375000000000000028e-02,6.105000195679133324e-01,1.664958630610829937e+00,2.727204876732385319e+00
2.380000000000000171e-02,6.065421504921004736e-01,1.687486238992677245e+00,2.782141748308149864e+00
2.384999999999999967e-02,5.903809067151308820e-01,1.703400112276859613e+00,2.885256099751850378e+00
2.390000000000000110e-02,5.989562864230205674e-01,1.748816737312513636e+00,2.919773574389683102e+00
2.394999999999999907e-02,5.379392535169358336e-01,1.523600664980890418e+00,2.832291295011292842e+00
2.400000000000000050e-02,5.583882039599472602e-01,1.631575876072789644e+00,2.921938294007767389e+00
2.404999999999999846e-02,5.658091552072687103e-01,1.698206899364075984e+00,3.001377555903959049e+00
2.409999999999999989e-02,5.841143340300417597e-01,1.512849182167256723e+00,2.589988113678868942e+00
2.415000000000000133e-02,6.098403931600370198e-01,1.654085627214227472e+00,2.712325463787629065e+00
2.419999999999999929e-02,5.649846105293261367e-01,1.785316546016274764e+00,3.159938364239048614e+00
2.425000000000000072e-02,5.758687231857620992e-01,1.692611873858867799e+00,2.939232164746113263e+00
2.429999999999999868e-02,5.831248794173690131e-01,1.905323484817363466e+00,3.267436448125954129e+00
2.435000000000000012e-02,5.570688932687267725e-01,1.602932843318183309e+00,2.877440946150511270e+00
2.440000000000000155e-02,6.042334122329290347e-01,1.893882957517978083e+00,3.134356556879538402e+00
2.444999999999999951e-02,5.941738495155105548e-01,1.708460050198002067e+00,2.875353823785884444e+00
2.450000000000000094e-02,5.704266738070123965e-01,1.671122050426477434e+00,2.929600117177995067e+00
2.454999999999999891e-02,6.011001586932157581e-01,1.632300758276681529e+00,2.715522088407500867e+00
2.460000000000000034e-02,5.761985471814740078e-01,1.753749092000634002e+00,3.043654137240110025e+00
2.464999999999999830e-02,5.224376269109405335e-01,1.655046520536529675e+00,3.167931319040816263e+00
2.469999999999999973e-02,5.283744448604388300e-01,1.527207401200053605e+00,2.890388466087605135e+00
2.475000000000000117e-02,6.136333195835692589e-01,1.891989079634605053e+00,3.083256758154149679e+00
2.479999999999999913e-02,5.953282421801138202e-01,1.776067188033808808e+00,2.983341058253486722e+00
2.485000000000000056e-02,6.009352031357408919e-01,1.853614121894794575e+00,3.084549069887148942e+00
2.489999999999999852e-02,5.493180714978825874e-01,1.562797116935784603e+00,2.844976704797538503e+00
2.494999999999999996e-02,5.392585483239893396e-01,1.706275521382189186e+00,3.164113998165217545e+00
2.500000000000000139e-02,5.262306112467461938e-01,2.066299753767065539e+00,3.926605008537199293e+00
2.504999999999999935e-02,5.245814132792093742e-01,2.033428895923568458e+00,3.876288492976537103e+00
2.510000000000000078e-02,5.524514310599900613e-01,1.761507291539379239e+00,3.188528787335332737e+00
2.514999999999999875e-02,5.588829329209413777e-01,1.636561751159678169e+00,2.928272907899271082e+00
2.520000000000000018e-02,5.555847291991681258e-01,1.777261429002949589e+00,3.198902589645926220e+00
2.525000000000000161e-02,5.786722164816158198e-01,1.653359327185540906e+00,2.857160375243395389e+00
2.529999999999999957e-02,5.442058723192321201e-01,1.531362620676332664e+00,2.813939905040261369e+00
2.535000000000000100e-02,5.590478421123924457e-01,1.746130139761605582e+00,3.123400196240376570e+00
2.539999999999999897e-02,5.216130517737287420e-01,1.764572378375975248e+00,3.382914542447897688e+00
2.545000000000000040e-02,5.532759651333563067e-01,1.764763137322581610e+00,3.189661667116192589e+00
2.549999999999999836e-02,5.366199835321836531e-01,1.555114308044821092e+00,2.897980611546780771e+00
2.554999999999999979e-02,5.018237448070812512e-01,1.450965013009864579e+00,2.891383733879843820e+00
2.560000000000000123e-02,5.541005225616584262e-01,1.615068079773618104e+00,2.914756463875918691e+00
2.564999999999999919e-02,5.275498435240869588e-01,1.447656666685149807e+00,2.744113536295746059e+00
2.570000000000000062e-02,5.679530340647536146e-01,1.697070204084464740e+00,2.988046726220988880e+00
2.574999999999999858e-02,5.372796335226578401e-01,1.535891243793679140e+00,2.858644080222535244e+00
2.580000000000000002e-02,5.747143877789675503e-01,1.893319864681682008e+00,3.294366567015273528e+00
2.585000000000000145e-02,5.242516319008685421e-01,1.985454766501645318e+00,3.787217140941733451e+00
2.589999999999999941e-02,5.585531155264641390e-01,1.649465600279066191e+00,2.953104287538281358e+00
2.595000000000000084e-02,5.508023074692357524e-01,1.688502935468715549e+00,3.065533518236076560e+00
2.599999999999999881e-02,5.606969232353772314e-01,2.076758396664518891e+00,3.703887627349629952e+00
2.605000000000000024e-02,5.484935921510497581e-01,1.649016913614770319e+00,3.006446998127641379e+00
2.610000000000000167e-02,5.216130371042969616e-01,1.488064352315561445e+00,2.852812806551884073e+00
2.614999999999999963e-02,5.328270082429981125e-01,1.673763146845923089e+00,3.141288112187053283e+00
2.620000000000000107e-02,5.390936164673304498e-01,1.729350275254009972e+00,3.207884906125224145e+00
2.624999999999999903e-02,5.296937500109841768e-01,1.664307457630599618e+00,3.142018303210273977e+00
2.630000000000000046e-02,5.458549209866209173e-01,1.701794655969501857e+00,3.117668432655228195e+00
2.634999999999999842e-02,5.646548403006466099e-01,1.668279168077115848e+00,2.954511409463615124e+00
2.639999999999999986e-02,5.440409193754448536e-01,1.747911557763109247e+00,3.212831049123472837e+00
2.645000000000000129e-02,5.451953852076779627e-01,1.643730292869648890e+00,3.014938015741847721e+00
2.649999999999999925e-02,4.835186511238968032e-01,1.428692596929962422e+00,2.954782806431750952e+00
2.655000000000000068e-02,4.821993527731870399e-01,1.327885488533259606e+00,2.753810184307442288e+00
2.659999999999999865e-02,4.945677246679651695e-01,1.603795597415792695e+00,3.242823009715247728e+00
2.665000000000000008e-02,5.108938489109374759e-01,1.511311140117094221e+00,2.958170554095977067e+00
2.670000000000000151e-02,5.920299990819055669e-01,1.678199452201079689e+00,2.834652728415044010e+00
2.674999999999999947e-02,5.600372947027448811e-01,1.778032220461211566e+00,3.174846099142291767e+00
2.680000000000000090e-02,5.455251606502723449e-01,1.697061454725825591e+00,3.110876595871230776e+00
2.684999999999999887e-02,5.537707096822541697e-01,1.967329940230202689e+00,3.552607434508460837e+00
2.690000000000000030e-02,5.328270158270861367e-01,1.677988811229146782e+00,3.149218717118672295e+00
2.695000000000000173e-02,5.356304712982016270e-01,1.922850086189495711e+00,3.589881810736243573e+00
2.699999999999999969e-02,5.572338263349454479e-01,1.718710262529704602e+00,3.084360965367188623e+00
2.705000000000000113e-02,5.631706311343137594e-01,1.742593304927672948e+00,3.094254580388571263e+00
2.709999999999999909e-02,5.837844459204645231e-01,1.571703992744547751e+00,2.692267674700395297e+00
2.715000000000000052e-02,5.326620957793825051e-01,1.599793099514369654e+00,3.003392041954061842e+00
2.719999999999999848e-02,5.760337023816367585e-01,1.641214177586180156e+00,2.849163461791398344e+00
2.724999999999999992e-02,5.176552004854921840e-01,1.548513067830453283e+00,2.991398649869937643e+00
2.730000000000000135e-02,4.883011117932000711e-01,1.466791326536878382e+00,3.003866448614759044e+00
2.734999999999999931e-02,5.079254579533356573e-01,1.434638294462173169e+00,2.824505588365245679e+00
2.740000000000000074e-02,4.948974851686160359e-01,1.402712327814742421e+00,2.834349274045766531e+00
2.744999999999999871e-02,5.001746547017889011e-01,1.418623161889994488e+00,2.836255593030393207e+00
2.750000000000000014e-02,5.577285643530502934e-01,1.754056800916255821e+00,3.145000835578348308e+00
2.755000000000000157e-02,5.074307628294062456e-01,1.555791198459955726e+00,3.066016710900515641e+00
2.759999999999999953e-02,5.470093164688278886e-01,1.611701453020875752e+00,2.946387574210028948e+00
2.765000000000000097e-02,5.034729153701306137e-01,1.675688161103621621e+00,3.328258799923191624e+00
2.769999999999999893e-02,5.138622841896407500e-01,1.599126481376445641e+00,3.111974804491174584e+00
2.775000000000000036e-02,5.343111950585569536e-01,1.693054250037320907e+00,3.168666997238890559e+00
2.779999999999999832e-02,5.407427202244249331e-01,1.561695960865226995e+00,2.888057300553347861e+00
2.784999999999999976e-02,5.440409580729177463e-01,1.656760404551366417e+00,3.045286168195650678e+00
2.790000000000000119e-02,4.833537594573240614e-01,1.495826698759741280e+00,3.094683075268001016e+00
2.794999999999999915e-02,5.385988755240838088e-01,1.567054038866432908e+00,2.909501133550660423e+00
2.800000000000000058e-02,4.704907268465557402e-01,1.367599662339320288e+00,2.906751577242763673e+00
2.804999999999999855e-02,5.926896385140807411e-01,1.801527522087313926e+00,3.039579916740040133e+00
2.809999999999999998e-02,5.194692228394744982e-01,1.733488495838938492e+00,3.337037921830102505e+00
2.815000000000000141e-02,4.825292289547032376e-01,1.321514050265468976e+00,2.738723316571407551e+00
2.819999999999999937e-02,5.222726990195569741e-01,1.576255069459920666e+00,3.018069051702234162e+00
2.825000000000000080e-02,4.924238766936278044e-01,1.350898586420336889e+00,2.743365320729213241e+00
2.829999999999999877e-02,4.691714125136038360e-01,1.370347153760085313e+00,2.920781439811939606e+00
2.835000000000000020e-02,5.534408471386597084e-01,1.573020695277587810e+00,2.842256229207240636e+00
2.840000000000000163e-02,5.288691298446509537e-01,1.341713521862168967e+00,2.536948076845176203e+00
2.844999999999999959e-02,5.320024708413840786e-01,1.404736481830187955e+00,2.640469845203047061e+00
2.850000000000000103e-02,4.935782236140631163e-01,1.469149443474759620e+00,2.976528082453474777e+00
2.854999999999999899e-02,4.919291221296129835e-01,1.378881557782622336e+00,2.803008595655607671e+00
2.860000000000000042e-02,4.901151262138751519e-01,1.400543119088486943e+00,2.857579870892051677e+00
2.864999999999999838e-02,5.259007408428080232e-01,1.432276743408889885e+00,2.723473522995089269e+00
2.869999999999999982e-02,5.753740046698695432e-01,1.614149736990615924e+00,2.805392186455766712e+00
2.875000000000000125e-02,5.064413405173520122e-01,1.509086520616252036e+00,2.979785416164197898e+00
2.879999999999999921e-02,5.471742129971663982e-01,1.721924233247815739e+00,3.146939662627582290e+00
2.885000000000000064e-02,5.491531645578501264e-01,1.752106745022925072e+00,3.190561136861755465e+00
2.889999999999999861e-02,5.362901890357564261e-01,1.482354051332767320e+00,2.764089445674966949e+00
2.895000000000000004e-02,5.951632963077898575e-01,1.919754111771471150e+00,3.225592242803001497e+00
2.900000000000000147e-02,5.681179531738563826e-01,1.653532626617412182e+00,2.910544575082976593e+00
2.904999999999999943e-02,5.643250089023593707e-01,1.906520632905615908e+00,3.378408900597715370e+00
2.910000000000000087e-02,5.155113355083003057e-01,1.573062038624899239e+00,3.051459648455336904e+00
2.914999999999999883e-02,5.219429283554321009e-01,1.580850399552769625e+00,3.028780185860175056e+00
2.920000000000000026e-02,4.980307631167500415e-01,1.616189419416208306e+00,3.245159815634392153e+00
2.925000000000000169e-02,5.196342349766202018e-01,1.629209152153929363e+00,3.135299875357965949e+00
2.929999999999999966e-02,5.145218677232266113e-01,1.620097843808513183e+00,3.148744388605853928e+00
2.935000000000000109e-02,5.202937520280735972e-01,1.672691813106637726e+00,3.214898903910696770e+00
2.939999999999999905e-02,5.221077926660590007e-01,1.626048669677593317e+00,3.114392645576957719e+00
2.945000000000000048e-02,5.242516735635622815e-01,1.763822267887932727e+00,3.364457104921535713e+00
2.949999999999999845e-02,5.839493863706806120e-01,1.819462948146472359e+00,3.115788783433209641e+00
2.954999999999999988e-02,5.371147119161765460e-01,1.476167058069761895e+00,2.748327359724483276e+00
2.960000000000000131e-02,5.597075150466536142e-01,1.708287943821648502e+00,3.052108284948177985e+00
2.964999999999999927e-02,5.613565235631521322e-01,1.673219484437715954e+00,2.980671666229385508e+00
2.970000000000000070e-02,5.686126826555146785e-01,1.560587127803685803e+00,2.744552092147307221e+00
2.974999999999999867e-02,5.311779208442376499e-01,1.760839926992797455e+00,3.314971985646868013e+00
2.980000000000000010e-02,5.801564140462401875e-01,1.637826420970583285e+00,2.823077331073071239e+00
2.985000000000000153e-02,5.432164100423642061e-01,1.886669810001023517e+00,3.473145831242260062e+00
2.989999999999999949e-02,5.184797911448574270e-01,1.782734414177298721e+00,3.438387463937283339e+00
2.995000000000000093e-02,5.704266513067742794e-01,1.805527337617692352e+00,3.165222616232009401e+00
2.999999999999999889e-02,5.773529853373277065e-01,1.847530855408511252e+00,3.200002255689492703e+00
3.005000000000000032e-02,5.108938719785264260e-01,1.829513848633051110e+00,3.581005662776765686e+00
3.009999999999999828e-02,5.564092814226092587e-01,1.839770702772831168e+00,3.306506135319966067e+00
3.014999999999999972e-02,5.494829943935433114e-01,1.730454149639314432e+00,3.149240590328354905e+00
3.020000000000000115e-02,5.681179177207875686e-01,1.525927670019486593e+00,2.685934772381942448e+00
3.024999999999999911e-02,5.442058901296079609e-01,1.664049928705211956e+00,3.057758026670571727e+00
3.030000000000000054e-02,5.315076933510833879e-01,1.593005179417986916e+00,2.997144160556373116e+00
3.034999999999999851e-02,5.451953859657238111e-01,1.553929283687952356e+00,2.850224568455256957e+00
3.039999999999999994e-02,5.212831832125066622e-01,1.605122788542907353e+00,3.079176233253935191e+00
3.045000000000000137e-02,5.090798263024908232e-01,1.450876485268288496e+00,2.849997996986410431e+00
3.049999999999999933e-02,5.219429226431914204e-01,1.734836664251916183e+00,3.323805322364488557e+00
3.055000000000000077e-02,4.990202915197332056e-01,1.750582916831981306e+00,3.508039545848320451e+00
3.059999999999999873e-02,5.156762910757765050e-01,1.503677241480864124e+00,2.915932470627983442e+00
3.065000000000000016e-02,5.414023789862079106e-01,1.559527623483128567e+00,2.880533377787128479e+00
3.070000000000000159e-02,5.239218145316431041e-01,1.499299931078091008e+00,2.861686399560174010e+00
3.074999999999999956e-02,4.805502741391403099e-01,1.405278433427162854e+00,2.924310959856560643e+00
3.080000000000000099e-02,4.569680219794763909e-01,1.248119472619315440e+00,2.731305939555157103e+00
3.084999999999999895e-02,4.798906289523824364e-01,1.291670942092303598e+00,2.691594426238464344e+00
3.090000000000000038e-02,4.772520176812432013e-01,1.496126066248332664e+00,3.134876356348053950e+00
3.094999999999999835e-02,4.967115708399493235e-01,1.385990737009007434e+00,2.790333099479178625e+00
3.099999999999999978e-02,4.325611996460475561e-01,1.247531942513435466e+00,2.884058818808194591e+00
3.105000000000000121e-02,4.703258410599913675e-01,1.316701867093199141e+00,2.799552463725356155e+00
3.109999999999999917e-02,4.732941394611987485e-01,1.294589099038123248e+00,2.735273883830237729e+00
3.115000000000000061e-02,4.355296368903880389e-01,1.332207443182549245e+00,3.058821559640113819e+00
3.119999999999999857e-02,4.897852423754420204e-01,1.393832619726558919e+00,2.845803628068737545e+00
3.125000000000000000e-02,4.902800342306087300e-01,1.475527262178826460e+00,3.009560167985130708e+00
3.130000000000000143e-02,5.191393510281341328e-01,1.443967627480203131e+00,2.781464407620968693e+00
3.135000000000000286e-02,4.808801157445444230e-01,1.375217295767557912e+00,2.859792390538576257e+00
3.139999999999999736e-02,4.521856527122682934e-01,1.367576224867114609e+00,3.024368899508895758e+00
3.144999999999999879e-02,4.846729661891631680e-01,1.351441043216549565e+00,2.788356556881068649e+00
3.150000000000000022e-02,5.024834472753944015e-01,1.459410773225449098e+00,2.904395719179968971e+00
3.155000000000000165e-02,4.850028321786797880e-01,1.412042600591551844e+00,2.911411041144893019e+00
3.160000000000000309e-02,4.747784865868526771e-01,1.280758998679975003e+00,2.697592740326665517e+00
3.164999999999999758e-02,5.067710359571465650e-01,1.409812199369121943e+00,2.781951017990574648e+00
3.169999999999999901e-02,4.894554757484777530e-01,1.322077121629072982e+00,2.701118257196624572e+00
3.175000000000000044e-02,5.052868648213663105e-01,1.503540837638445149e+00,2.975618291937968340e+00
3.180000000000000188e-02,4.906098259571458065e-01,1.413945793983847787e+00,2.882016867936424642e+00
3.185000000000000331e-02,4.952273320008607760e-01,1.461694871096493431e+00,2.951563406629488906e+00
3.189999999999999780e-02,4.480628730819686822e-01,1.410946292067838170e+00,3.148991752792960064e+00
3.194999999999999923e-02,4.271191117422847294e-01,1.256858035770509696e+00,2.942640591856430898e+00
3.200000000000000067e-02,4.338805092911131034e-01,1.307961063653979572e+00,3.014565152490867206e+00
3.205000000000000210e-02,5.623460302257310417e-01,1.575559009048164150e+00,2.801760703130988350e+00
3.209999999999999659e-02,5.044623697670567175e-01,1.395948588780393518e+00,2.767200632675524297e+00
3.214999999999999802e-02,4.924238584874014446e-01,1.447116801211131731e+00,2.938762564544089795e+00
3.219999999999999946e-02,4.775818329480960300e-01,1.300455805800462494e+00,2.723000993929761027e+00
3.225000000000000089e-02,4.635644651986907117e-01,1.320461799577162143e+00,2.848496592617797862e+00
3.230000000000000232e-02,5.018238258183921330e-01,1.482350125657921236e+00,2.953925360639168662e+00
3.234999999999999681e-02,4.617503734259396087e-01,1.267417871624104686e+00,2.744811795647386976e+00
3.239999999999999825e-02,4.571329142587202687e-01,1.287986225529438755e+00,2.817531149814529456e+00
3.244999999999999968e-02,5.308480793306583623e-01,1.514724272659848214e+00,2.853404451551846410e+00
3.250000000000000111e-02,5.067710752930206786e-01,1.489088367080937170e+00,2.938384686260812728e+00
3.255000000000000254e-02,4.633995724725124554e-01,1.415555505922014179e+00,3.054719058908887952e+00
3.259999999999999704e-02,5.389286884078349216e-01,1.633046605107848714e+00,3.030171969379441776e+00
3.264999999999999847e-02,5.094097196684390649e-01,1.647203255977958358e+00,3.233552860063365397e+00
3.269999999999999990e-02,5.364550143725841380e-01,1.605245021804170724e+00,2.992319912754659583e+00
3.275000000000000133e-02,5.141921090405153771e-01,1.567129333785875600e+00,3.047750648507900006e+00
3.280000000000000276e-02,5.483286833491211043e-01,1.512715721408947944e+00,2.758775470525223650e+00
3.284999999999999726e-02,4.327260856693881386e-01,1.297802953026911288e+00,2.999132698504476391e+00
3.289999999999999869e-02,5.414023668328035166e-01,1.647291190159584584e+00,3.042637585417691692e+00
3.295000000000000012e-02,5.026483194149858891e-01,1.629790800807894957e+00,3.242407738883418933e+00
3.300000000000000155e-02,5.209534443821060012e-01,1.522739909601925401e+00,2.922986547114629907e+00
3.305000000000000299e-02,5.235919977759920796e-01,1.480711278918115825e+00,2.827986839385592255e+00
3.309999999999999748e-02,4.793958901191286981e-01,1.432376366320500694e+00,2.987877860122160723e+00
3.314999999999999891e-02,4.729643789509551666e-01,1.365010468073101002e+00,2.886074573101514940e+00
3.320000000000000034e-02,5.348059445864945527e-01,1.571717867693282811e+00,2.938856390065962998e+00
3.325000000000000178e-02,4.968764549714353995e-01,1.460704718289574489e+00,2.939774472456232690e+00
3.330000000000000321e-02,5.115534976006683721e-01,1.515314949456790794e+00,2.962182756181024335e+00
3.334999999999999770e-02,4.713152652044079738e-01,1.366124582503754237e+00,2.898536676742838214e+00
3.339999999999999913e-02,4.981957337927819807e-01,1.548002122304132255e+00,3.107216736922126188e+00
3.345000000000000057e-02,4.820344479185498243e-01,1.320592344838121823e+00,2.739622345540882353e+00
3.350000000000000200e-02,5.341463225026510386e-01,1.547851701410143388e+00,2.897804658015709300e+00
3.355000000000000343e-02,4.747783242643192070e-01,1.554759940424629061e+00,3.274707081107310902e+00
3.359999999999999792e-02,4.850029049018835803e-01,1.463716695190486528e+00,3.017954491399587269e+00
3.364999999999999936e-02,5.259007876136494453e-01,1.706514078331493822e+00,3.244935391854131268e+00
3.370000000000000079e-02,5.298585666298474273e-01,2.081759554562557124e+00,3.928896663506902254e+00
3.375000000000000222e-02,4.765924189641772002e-01,1.478636556312499906e+00,3.102517995410331686e+00
3.379999999999999671e-02,5.354655847351363906e-01,1.821796376201127554e+00,3.402266043115103500e+00
3.384999999999999815e-02,5.301884501910648639e-01,1.571248117609253203e+00,2.963565345572918286e+00
3.389999999999999958e-02,4.742836812568136384e-01,1.460301275962347711e+00,3.078961671404478295e+00
3.395000000000000101e-02,4.808801052672942999e-01,1.546082420118939371e+00,3.215109968543112817e+00
3.400000000000000244e-02,5.272200157731340431e-01,1.538020366647587345e+00,2.917226813538518648e+00
3.404999999999999694e-02,4.927536667737257292e-01,1.503030382504457529e+00,3.050267271160976623e+00
3.409999999999999837e-02,4.625749479295168665e-01,1.291425175986222973e+00,2.791818237815591797e+00
3.414999999999999980e-02,4.876414681934425621e-01,1.364257490406527218e+00,2.797665045716209775e+00
3.420000000000000123e-02,5.117184589242785853e-01,1.695801183256461675e+00,3.313933968341363556e+00
3.425000000000000266e-02,5.346410401609357210e-01,1.869029169711568183e+00,3.495858023074621901e+00
3.429999999999999716e-02,5.374444816565281391e-01,1.685958352726589782e+00,3.136990722334847437e+00
3.434999999999999859e-02,5.118833681500963850e-01,1.760768017151520759e+00,3.439783604446436271e+00
3.440000000000000002e-02,5.219428597160767902e-01,1.713271702540428265e+00,3.282489013208079953e+00
3.445000000000000145e-02,4.944027629033122540e-01,1.624069353829957763e+00,3.284911565406377854e+00
3.450000000000000289e-02,5.303533808417382200e-01,1.896450982696214371e+00,3.575825197317127557e+00
3.454999999999999738e-02,4.836835282034538386e-01,1.517139951621922167e+00,3.136637621828960221e+00
3.459999999999999881e-02,5.197990983721063607e-01,1.475733718877489054e+00,2.839046322895046437e+00
3.465000000000000024e-02,4.808801133192234789e-01,1.426463871019626239e+00,2.966360703031805990e+00
3.470000000000000168e-02,4.383330634654770686e-01,1.395727601198627044e+00,3.184171392785098309e+00
3.475000000000000311e-02,4.878063677950579269e-01,1.617859639467648325e+00,3.316602132072535181e+00
3.479999999999999760e-02,5.153464264168886588e-01,1.813853435915721901e+00,3.519677915547255953e+00
3.484999999999999903e-02,5.097394491038816922e-01,1.703016721634993180e+00,3.340955314776763885e+00
3.490000000000000047e-02,5.227675232649102721e-01,1.694028250061293095e+00,3.240500173923106075e+00
3.495000000000000190e-02,4.907746740910181038e-01,1.409134347147980026e+00,2.871245036753149016e+00
3.500000000000000333e-02,5.148518009084386282e-01,1.463525145500373492e+00,2.842614404607370027e+00
3.504999999999999782e-02,4.986904489371370985e-01,1.573295359019297512e+00,3.154853601813458308e+00
3.509999999999999926e-02,5.080903926160309503e-01,1.546481041770351617e+00,3.043712426459995957e+00
3.515000000000000069e-02,5.056167002158394874e-01,1.688912648329883082e+00,3.340302342879327036e+00
3.520000000000000212e-02,5.364550792567005510e-01,1.735510059249200765e+00,3.235145171248788198e+00
3.524999999999999661e-02,4.851677206574778745e-01,1.596520657408986521e+00,3.290657208697751468e+00
3.529999999999999805e-02,5.653144660471935978e-01,1.762319698786279920e+00,3.117414827730868421e+00
3.534999999999999948e-02,4.635644564530926326e-01,1.469368172153333152e+00,3.169717073211406166e+00
3.540000000000000091e-02,4.970413514240343278e-01,1.490125462467447148e+00,2.997990928115347398e+00
3.545000000000000234e-02,4.695012538888987397e-01,1.400533601161191966e+00,2.983024197615049999e+00
3.549999999999999684e-02,5.102342236984550583e-01,1.491029698703772111e+00,2.922245567723737114e+00
3.554999999999999827e-02,5.308480979309446735e-01,1.659144452616844623e+00,3.125459917975771607e+00
3.559999999999999970e-02,5.014939495093135857e-01,1.584181936583687778e+00,3.158925323293988896e+00
3.565000000000000113e-02,4.213472713816359128e-01,1.280286006729029591e+00,3.038552979187110203e+00
3.570000000000000256e-02,5.011640940518392595e-01,1.439179676830873111e+00,2.871673557447648406e+00
3.574999999999999706e-02,5.592127508218417420e-01,1.584785331639079642e+00,2.833957790322224835e+00
3.579999999999999849e-02,5.150165966493808201e-01,1.579726842789611840e+00,3.067331913315168634e+00
3.584999999999999992e-02,5.082553472839655972e-01,1.456410146176623677e+00,2.865508752558028061e+00
3.590000000000000135e-02,5.049570780152724536e-01,1.614037718487109752e+00,3.196385967756041779e+00
3.595000000000000279e-02,4.835187135444522499e-01,1.388718921628380398e+00,2.872109977808973813e+00
3.599999999999999728e-02,4.878063031524778048e-01,1.425111191703219315e+00,2.921469408028046999e+00
3.604999999999999871e-02,5.130377059757256220e-01,1.559526770613145708e+00,3.039789770709240280e+00
3.610000000000000014e-02,4.523505060057393945e-01,1.393153063141511216e+00,3.079808786869877135e+00
3.615000000000000158e-02,5.100693130167008871e-01,1.647519121018797161e+00,3.229990667885667133e+00
3.620000000000000301e-02,5.316726212800433338e-01,1.700749225960632049e+00,3.198865538469792824e+00
3.624999999999999750e-02,4.953922621053110098e-01,1.568122105679777611e+00,3.165415016810304127e+00
3.629999999999999893e-02,4.685117299885863673e-01,1.446357499394820945e+00,3.087131883400350052e+00
3.635000000000000037e-02,4.841783598628159324e-01,1.618879035716394466e+00,3.343559254021756466e+00
3.640000000000000180e-02,5.115534511920188931e-01,1.615603369870269868e+00,3.158229831321829995e+00
3.645000000000000323e-02,5.071009660723273527e-01,1.580336558105013056e+00,3.116414015822661643e+00
3.649999999999999772e-02,4.854975461243710710e-01,1.398439758843128766e+00,2.880426008342557243e+00
3.654999999999999916e-02,4.777468194240325206e-01,1.403246227677011460e+00,2.937217309722235381e+00
3.660000000000000059e-02,4.586171422515692986e-01,1.376076858040772954e+00,3.000491545704023100e+00
3.665000000000000202e-02,4.874765176674832334e-01,1.361362136457970884e+00,2.792672235725170093e+00
3.670000000000000345e-02,4.948975393419767221e-01,1.462665796858299894e+00,2.955492158645772527e+00
3.674999999999999795e-02,4.762625388752025346e-01,1.386331476010383312e+00,2.910855595076837776e+00
3.679999999999999938e-02,4.648837569819197491e-01,1.483150997333945842e+00,3.190369581769725293e+00
3.685000000000000081e-02,4.709854475717240030e-01,1.504919820305836708e+00,3.195257577627512724e+00
3.690000000000000224e-02,4.797256879632274540e-01,1.408867860412509332e+00,2.936819719607142609e+00
3.694999999999999674e-02,5.026483794869203159e-01,1.600727312456001972e+00,3.184586637064161341e+00
3.699999999999999817e-02,5.395883169595279139e-01,1.676353982002451781e+00,3.106727720585891639e+00
3.704999999999999960e-02,4.920940438218425750e-01,1.563290001276655072e+00,3.176811467042725656e+00
3.710000000000000103e-02,4.876415364893006976e-01,1.497259010590202388e+00,3.070409098801315295e+00
3.715000000000000246e-02,4.980306910932917885e-01,1.471473246315325722e+00,2.954583467707791122e+00
3.719999999999999696e-02,4.754380754164098111e-01,1.339669865007728777e+00,2.817758892857679331e+00
3.724999999999999839e-02,4.533399587942102960e-01,1.369760349915079667e+00,3.021486024656543368e+00
3.729999999999999982e-02,5.230973264216552954e-01,1.485410700448342114e+00,2.839644986544990868e+00
3.735000000000000125e-02,4.686766467827770399e-01,1.330104121553274510e+00,2.837999568964555408e+00
3.740000000000000269e-02,4.764274737335941756e-01,1.378155842536363807e+00,2.892687593635694832e+00
3.744999999999999718e-02,4.360243527646728845e-01,1.309408416208547532e+00,3.003062576450287402e+00
3.749999999999999861e-02,4.871466645774429338e-01,1.411809856285538567e+00,2.898120748728024054e+00
3.755000000000000004e-02,4.813748759771515062e-01,1.475557860710816183e+00,3.065298864456843297e+00
3.760000000000000148e-02,4.678520995588587583e-01,1.410591499028121198e+00,3.015037231548556740e+00
3.765000000000000291e-02,4.472382931013891838e-01,1.321661258627602642e+00,2.955161217217107339e+00
3.769999999999999740e-02,5.291989954035491994e-01,1.584862362636049404e+00,2.994832523118240442e+00
3.774999999999999883e-02,4.681818618532890830e-01,1.336040130637680123e+00,2.853677682747021382e+00
3.780000000000000027e-02,4.531750716898745868e-01,1.348744217267384249e+00,2.976210081984347777e+00
3.785000000000000170e-02,4.703258630181288980e-01,1.411570069227298996e+00,3.001259722714609612e+00
3.790000000000000313e-02,4.765923822138224963e-01,1.505506501304325839e+00,3.158897534851663913e+00
3.794999999999999762e-02,4.495470347313253456e-01,1.350000694926183575e+00,3.003024357024221214e+00
3.799999999999999906e-02,4.371787131172213403e-01,1.287578698279174372e+00,2.945199891134530290e+00
3.805000000000000049e-02,4.635644425245595279e-01,1.411400268001781200e+00,3.044668957600227266e+00
3.810000000000000192e-02,4.818695870652897617e-01,1.490205561455677730e+00,3.092549522644528093e+00
3.815000000000000335e-02,4.643889647173969348e-01,1.442648649915501124e+00,3.106552393624216091e+00
3.819999999999999785e-02,4.752731247075016596e-01,1.392466351959451787e+00,2.929823462701410364e+00
3.824999999999999928e-02,4.233262051229371159e-01,1.229977305423798128e+00,2.905507125566685556e+00
3.830000000000000071e-02,4.902800440853042896e-01,1.420628265519553901e+00,2.897585334459130912e+00
3.835000000000000214e-02,4.378383337640832096e-01,1.323404641900699286e+00,3.022587425188262511e+00
3.839999999999999664e-02,4.607609483254159755e-01,1.432055687460635829e+00,3.108023135782842949e+00
3.844999999999999807e-02,4.752730823921159087e-01,1.435083953135539936e+00,3.019493437146832715e+00
3.849999999999999950e-02,4.495470558027884755e-01,1.363596507759512244e+00,3.033267574902565045e+00
3.855000000000000093e-02,4.709854247003521510e-01,1.440785012789223218e+00,3.059086199335938616e+00
3.860000000000000236e-02,4.417962220365971304e-01,1.467136418894504857e+00,3.320844194029734187e+00
3.864999999999999686e-02,5.127078889552382224e-01,1.486823334285926501e+00,2.899942377160756202e+00
3.869999999999999829e-02,5.110587796936901794e-01,1.581806798485344556e+00,3.095156293828708716e+00
3.874999999999999972e-02,4.795608072677670086e-01,1.423582213129136687e+00,2.968512421271046531e+00
3.880000000000000115e-02,4.172245063935450249e-01,1.306111420568273562e+00,3.130476279684995866e+00
3.885000000000000259e-02,4.764274945211140477e-01,1.433446568521553832e+00,3.008740228064287425e+00
3.889999999999999708e-02,5.008342567951626911e-01,1.644492621446933089e+00,3.283506667395392764e+00
3.894999999999999851e-02,5.158412578308959606e-01,1.661864590483378867e+00,3.221658921722338143e+00
3.899999999999999994e-02,5.039675755364672050e-01,1.534917371581809187e+00,3.045666916066790186e+00
3.905000000000000138e-02,5.003395780243204971e-01,1.718661442087222380e+00,3.434989989945751887e+00
3.910000000000000281e-02,4.645539229617988708e-01,1.502724941820613891e+00,3.234769673754720909e+00
3.914999999999999730e-02,4.493821217318020866e-01,1.332920118015889166e+00,2.966117372180185896e+00
3.919999999999999873e-02,4.648837016836769309e-01,1.447686087965584623e+00,3.114082259116583540e+00
3.925000000000000017e-02,5.120482416255597302e-01,1.642703459660802334e+00,3.208102921017440323e+00
3.930000000000000160e-02,5.006694325588600947e-01,1.624785806091605611e+00,3.245226691367045557e+00
3.935000000000000303e-02,5.082553282462201061e-01,1.673953153037825548e+00,3.293527996674326719e+00
3.939999999999999752e-02,4.490522575069317290e-01,1.423447896273658309e+00,3.169893642616161245e+00
3.944999999999999896e-02,5.148517134068829604e-01,1.622810888741277546e+00,3.151996674931493825e+00
3.950000000000000039e-02,4.370138184807257908e-01,1.472820972674421247e+00,3.370193138959927559e+00
3.955000000000000182e-02,5.108938577327527542e-01,1.595037086286668737e+00,3.122051796365554299e+00
3.960000000000000325e-02,4.845081227302623916e-01,1.579278586242494065e+00,3.259550278214256913e+00
3.964999999999999775e-02,4.457540127437077948e-01,1.431563388773291479e+00,3.211554686769332534e+00
3.969999999999999918e-02,4.868169841010253074e-01,1.517699369646202889e+00,3.117597411784726713e+00
3.975000000000000061e-02,4.510311965240788035e-01,1.332448463918158854e+00,2.954226834389324985e+00
3.980000000000000204e-02,4.630697155506520168e-01,1.370735703990179077e+00,2.960106562702314648e+00
3.984999999999999654e-02,4.977010146427121584e-01,1.457820956943302271e+00,2.929109875313068656e+00
3.989999999999999797e-02,4.775818598156490458e-01,1.374290519309448788e+00,2.877602009087902868e+00
3.994999999999999940e-02,4.477329927046412861e-01,1.427788810039821943e+00,3.188929190620759080e+00
4.000000000000000083e-02,4.586171184812036783e-01,1.419267338081996233e+00,3.094667165460734282e+00
4.005000000000000226e-02,4.732941914768101221e-01,1.326359069045928152e+00,2.802398789022356951e+00
4.009999999999999676e-02,4.414664214364226735e-01,1.584210430212203757e+00,3.588518522105428321e+00
4.014999999999999819e-02,4.597714186579528461e-01,1.384567645512000622e+00,3.011426089845855358e+00
4.019999999999999962e-02,4.536698928799622332e-01,1.434139783816543723e+00,3.161196734287162968e+00
4.025000000000000105e-02,4.469084087789683690e-01,1.317878382760175660e+00,2.948878018117512934e+00
4.030000000000000249e-02,5.016588389756184707e-01,1.499090157693755865e+00,2.988266210468613515e+00
4.034999999999999698e-02,4.450944606422332916e-01,1.332859844881142175e+00,2.994555005150905114e+00
4.039999999999999841e-02,4.338804666369909246e-01,1.343288439163342396e+00,3.095987357013732399e+00
4.044999999999999984e-02,5.204587520767255393e-01,1.557669607442368820e+00,2.992878112294168336e+00
4.050000000000000128e-02,4.686765987260800848e-01,1.430401891154742255e+00,3.052001945569180030e+00
4.055000000000000271e-02,3.794599815616127025e-01,1.199438257417157150e+00,3.160908437514391878e+00
4.059999999999999720e-02,5.006693772577632817e-01,1.469450508193500760e+00,2.934971809623924344e+00
4.064999999999999863e-02,4.739538801543837776e-01,1.551058485313346669e+00,3.272593706392088908e+00
4.070000000000000007e-02,4.548240838342269554e-01,1.373785951386640836e+00,3.020477587302423217e+00
4.075000000000000150e-02,3.995791135493305113e-01,1.246405397702529116e+00,3.119295667461489341e+00
4.080000000000000293e-02,4.678520896325986111e-01,1.632496969036329126e+00,3.489344186360948008e+00
4.084999999999999742e-02,4.826941026398490764e-01,1.447614109855492659e+00,2.999030031522046613e+00
4.089999999999999886e-02,4.129367969842987485e-01,1.463962795847613574e+00,3.545246649218520396e+00
4.095000000000000029e-02,4.861572995188419011e-01,1.508816205485461026e+00,3.103555591942694036e+00
4.100000000000000172e-02,4.597714345226519006e-01,1.375380010776821704e+00,2.991442937738794772e+00
4.105000000000000315e-02,5.433812804806186225e-01,1.608177141083026562e+00,2.959574057576293882e+00
4.109999999999999765e-02,5.072659044345140256e-01,1.457382344484741354e+00,2.873014590068675655e+00
4.114999999999999908e-02,6.243525648994983079e-01,1.642238945637754410e+00,2.630307037982785978e+00
4.120000000000000051e-02,6.166016496312759498e-01,1.651247294264379661e+00,2.677980662639834808e+00
4.125000000000000194e-02,6.830608307175057847e-01,1.909504774843815644e+00,2.795512037834199326e+00
4.130000000000000338e-02,7.928915448855758941e-01,1.855937898792952678e+00,2.340721011296428511e+00
4.134999999999999787e-02,7.602390565741048434e-01,1.850890688623286540e+00,2.434616680921430021e+00
4.139999999999999930e-02,9.358691496355650008e-01,1.940966293831848821e+00,2.073971873725805271e+00
4.145000000000000073e-02,1.101934470845663538e+00,2.212384019953380410e+00,2.007727390772627629e+00
4.150000000000000216e-02,1.291252044066610649e+00,2.347195206877478846e+00,1.817766885762541529e+00
4.154999999999999666e-02,1.708146772622228138e+00,2.732185306731856222e+00,1.599502660147637867e+00
4.159999999999999809e-02,2.292590877446425424e+00,3.148055627713012061e+00,1.373143223539053714e+00
4.164999999999999952e-02,2.774955185495011190e+00,3.490972521997184774e+00,1.258028432403115238e+00
4.170000000000000095e-02,3.501552429524084520e+00,3.812430166115411190e+00,1.088782830715340655e+00
4.175000000000000239e-02,4.254370590135697405e+00,4.110214255159890584e+00,9.661157080885121040e-01
4.179999999999999688e-02,5.340638413156760578e+00,4.782462932167459435e+00,8.954852514234580285e-01
4.184999999999999831e-02,6.662069339870453355e+00,5.328620327035233473e+00,7.998446211217085100e-01
4.189999999999999974e-02,7.931553036128206280e+00,5.810096625311496510e+00,7.325295057407444910e-01
4.195000000000000118e-02,9.232040190215826669e+00,6.282944230226889637e+00,6.805585873516444284e-01
4.200000000000000261e-02,1.052576591382315208e+01,6.842658571733441164e+00,6.500865236559362215e-01
4.204999999999999710e-02,1.155464486380043354e+01,6.689073375277216904e+00,5.789077426545082838e-01
4.209999999999999853e-02,1.242158127330777617e+01,7.157164327627620892e+00,5.761878596734987257e-01
4.214999999999999997e-02,1.307165997639973831e+01,7.409936614626031037e+00,5.668703613775388783e-01
4.220000000000000140e-02,1.332727175136827924e+01,7.287203947744375299e+00,5.467888765002646423e-01
4.225000000000000283e-02,1.359459233563593550e+01,7.407755709203867056e+00,5.449045860526234852e-01
4.229999999999999732e-02,1.306968099301620612e+01,7.299774919495041203e+00,5.585273981358597206e-01
4.234999999999999876e-02,1.336635555254360597e+01,7.670703040231155789e+00,5.738814151753899306e-01
4.240000000000000019e-02,1.250519118660031914e+01,7.469846087429952597e+00,5.973396148820270257e-01
4.245000000000000162e-02,1.178057269233732463e+01,7.784342222596528416e+00,6.607779117274880099e-01
4.250000000000000305e-02,1.064054392676789007e+01,7.139278350950880814e+00,6.709505078016689827e-01
4.254999999999999755e-02,1.004455606101382159e+01,6.793851668865320548e+00,6.763715218071668644e-01
4.259999999999999898e-02,9.120395456058634664e+00,6.478455077478918689e+00,7.103261156483420269e-01
4.265000000000000041e-02,8.563326743631781923e+00,6.465335357863049026e+00,7.550027636947371779e-01
4.270000000000000184e-02,7.794017383549786793e+00,6.095753725390154365e+00,7.821067654090658738e-01
4.275000000000000328e-02,7.416536401340978912e+00,6.016478479076591945e+00,8.112248296912230039e-01
4.279999999999999777e-02,6.769426236442622979e+00,5.599590213437485531e+00,8.271883048658650317e-01
4.284999999999999920e-02,6.333401830486433681e+00,5.548494328244644613e+00,8.760685768486120573e-01
4.290000000000000063e-02,6.042499080019071656e+00,5.491063965128219593e+00,9.087405545969712284e-01
4.295000000000000207e-02,5.909910879169012254e+00,5.441226415114072346e+00,9.206951722898329971e-01
4.299999999999999656e-02,5.418311457465017078e+00,5.129815868832865888e+00,9.467554438505597636e-01
4.304999999999999799e-02,5.305512350076718064e+00,4.936745387223234083e+00,9.304936189907933031e-01
4.309999999999999942e-02,4.990862514035770303e+00,4.982039945522761748e+00,9.982322557497432802e-01
4.315000000000000085e-02,4.867344285448817587e+00,4.971541826391122854e+00,1.021407472911626479e+00
4.320000000000000229e-02,4.790660704364824163e+00,4.907180592759917914e+00,1.024322300322569435e+00
4.324999999999999678e-02,4.377229139557916149e+00,4.783132759508389675e+00,1.092730722338074445e+00
4.329999999999999821e-02,4.181480018080073968e+00,4.710682833709936901e+00,1.126558733592333716e+00
4.334999999999999964e-02,4.099519326033381539e+00,4.556698272662545790e+00,1.111520134501115198e+00
4.340000000000000108e-02,4.104136727576030097e+00,4.499617185885560033e+00,1.096361423744063979e+00
4.345000000000000251e-02,3.844402107752146414e+00,4.318940682591112079e+00,1.123436248742572863e+00
4.349999999999999700e-02,3.752381907529333649e+00,4.348172580006225196e+00,1.158776661640279482e+00
4.354999999999999843e-02,3.701589332420228029e+00,4.384823948693592932e+00,1.184578718738267478e+00
4.359999999999999987e-02,3.382981536890931729e+00,4.097726997844457486e+00,1.211276784445711074e+00
4.365000000000000130e-02,3.364676438928091429e+00,4.030293029897750401e+00,1.197824843800347372e+00
4.370000000000000273e-02,3.429816173678774227e+00,4.181185857469726486e+00,1.219069957613805100e+00
4.374999999999999722e-02,3.200755067765641115e+00,3.899791882996144210e+00,1.218397471981035318e+00
4.379999999999999866e-02,3.251052871996215288e+00,4.017999011370859463e+00,1.235907002922324915e+00
4.385000000000000009e-02,3.153920311486454686e+00,3.810370287289459590e+00,1.208137781228092456e+00
4.390000000000000152e-02,2.973177998850437209e+00,3.680813227739933247e+00,1.238006345117278251e+00
4.395000000000000295e-02,2.978455251597310394e+00,3.771834493045349124e+00,1.266372724929326621e+00
4.399999999999999745e-02,2.970704325272540913e+00,3.931808214029433035e+00,1.323527279568193826e+00
4.404999999999999888e-02,2.719215286782780794e+00,3.580831261941582522e+00,1.316861992997331310e+00
4.410000000000000031e-02,2.744446704129138936e+00,3.673352405862932990e+00,1.338467385916518371e+00
4.415000000000000174e-02,2.706517095282062968e+00,3.727584752059005968e+00,1.377262592782747985e+00
4.420000000000000318e-02,2.692005042766437040e+00,3.654416522162339920e+00,1.357507309275647334e+00
4.424999999999999767e-02,2.496255861959536304e+00,3.454526853684523946e+00,1.383883321548919465e+00
4.429999999999999910e-02,2.618289778789455458e+00,3.514855153455340719e+00,1.342424044095075208e+00
4.435000000000000053e-02,2.604932066752295938e+00,3.570434296439951360e+00,1.370643918899350444e+00
4.440000000000000197e-02,2.326727461465014635e+00,3.306599338762479690e+00,1.421137367193187506e+00
4.445000000000000340e-02,2.439856288973205611e+00,3.537666347312638848e+00,1.449948656115905177e+00
4.449999999999999789e-02,2.507304771823755996e+00,3.497430061867745632e+00,1.394896265173138472e+00
4.454999999999999932e-02,2.411986335615088795e+00,3.413069845512336720e+00,1.415045265852203915e+00
4.460000000000000075e-02,2.429961621168208019e+00,3.628535048011744646e+00,1.493247883588926905e+00
4.465000000000000219e-02,2.372077857492972175e+00,3.496326883393527041e+00,1.473951148925930932e+00
4.469999999999999668e-02,2.315348736753718661e+00,3.267702021975819271e+00,1.411321746095737906e+00
4.474999999999999811e-02,2.295724268295409320e+00,3.406883026138231685e+00,1.484012288926956025e+00
4.479999999999999954e-02,2.200405679099123990e+00,3.277125228252768974e+00,1.489327745052207108e+00
4.485000000000000098e-02,2.274615615101033050e+00,3.409664920738257443e+00,1.499007084142789603e+00
4.490000000000000241e-02,2.297538076921257666e+00,3.590115987513626816e+00,1.562592595777323012e+00
4.494999999999999690e-02,2.194304004851876488e+00,3.296193651149375903e+00,1.502159064496571883e+00
4.499999999999999833e-02,2.098161028867587152e+00,3.125864221515848751e+00,1.489811400797454777e+00
4.504999999999999977e-02,2.162806009836620635e+00,3.340982671340694932e+00,1.544744492176195916e+00
4.510000000000000120e-02,2.075568162394987315e+00,3.033409078978774431e+00,1.461483719946127691e+00
4.515000000000000263e-02,2.141532573391485617e+00,3.226164803523161595e+00,1.506474775872296945e+00
4.519999999999999712e-02,2.088431269294455994e+00,3.314363772723054158e+00,1.587011179852119591e+00
4.524999999999999856e-02,2.042750763536481884e+00,3.081865617574059968e+00,1.508684109968768672e+00
4.529999999999999999e-02,2.119929302055775899e+00,3.230744130543096393e+00,1.523986732675528977e+00
4.535000000000000142e-02,2.033186079131526824e+00,3.272763754731045971e+00,1.609672517593177421e+00
4.540000000000000285e-02,2.013561731116115805e+00,3.118004223378049389e+00,1.548501928296850405e+00
4.544999999999999735e-02,2.047698167235385114e+00,3.094731755558195019e+00,1.511322227599792622e+00
4.549999999999999878e-02,2.029393165918568442e+00,3.100727388928507189e+00,1.527908658116042595e+00
4.555000000000000021e-02,1.941495613934768105e+00,3.017324650811174624e+00,1.554123856451087970e+00
4.560000000000000164e-02,1.939186955461676298e+00,3.225988008983678323e+00,1.663577614266513072e+00
4.565000000000000308e-02,1.872068193002260461e+00,3.047750903472510320e+00,1.628012758757891199e+00
4.569999999999999757e-02,1.847991137799934291e+00,2.938233182775495500e+00,1.589960645738546896e+00
4.574999999999999900e-02,1.863492803186314051e+00,3.017404128695140297e+00,1.619219630757788853e+00
4.580000000000000043e-02,1.927643185981453122e+00,3.100895984909636471e+00,1.608646251267101368e+00
4.585000000000000187e-02,1.963263880143434115e+00,3.184077521627269203e+00,1.621828605839090498e+00
4.590000000000000330e-02,1.910657234698774687e+00,3.051241993036976741e+00,1.596959380062757061e+00
4.594999999999999779e-02,1.911481875208706604e+00,3.242752796009071847e+00,1.696460132877278371e+00
4.599999999999999922e-02,1.832984272303031625e+00,2.938240014665773892e+00,1.602981574399466425e+00
4.605000000000000066e-02,1.817812610715612287e+00,2.977036089967310062e+00,1.637702408058083758e+00
4.610000000000000209e-02,1.862998038623500552e+00,3.115858803381084119e+00,1.672497092741587421e+00
4.614999999999999658e-02,1.778893484366400601e+00,2.977421540861497018e+00,1.673749196918321136e+00
4.619999999999999801e-02,1.748055222359727878e+00,2.885885207617461923e+00,1.650911922405837506e+00
4.624999999999999944e-02,1.796044289648914161e+00,2.958486172577516449e+00,1.647223395117852762e+00
4.630000000000000088e-02,1.863987521985743356e+00,3.038760558406355727e+00,1.630247264299871990e+00
4.635000000000000231e-02,1.731399128942222587e+00,2.930875196784804793e+00,1.692778486365178914e+00
4.639999999999999680e-02,1.735851806557910049e+00,3.072697053596204153e+00,1.770137889644610940e+00
4.644999999999999823e-02,1.634926399451680279e+00,2.630807688257906118e+00,1.609129126020732992e+00
4.649999999999999967e-02,1.751848055575066621e+00,2.897404112401161580e+00,1.653912908245944502e+00
4.655000000000000110e-02,1.833808867332095582e+00,3.109008460480036540e+00,1.695383044473526057e+00
4.660000000000000253e-02,1.726451896622543281e+00,2.785014954032946743e+00,1.613143673149115553e+00
4.664999999999999702e-02,1.674340120119617525e+00,2.663601261707085222e+00,1.590836431439505372e+00
4.669999999999999846e-02,1.708311704690837818e+00,2.810058614069374183e+00,1.644933185409465537e+00
4.674999999999999989e-02,1.678132910389741994e+00,2.842323627895344540e+00,1.693741663903857386e+00
4.680000000000000132e-02,1.691160918529807988e+00,2.858493011299376274e+00,1.690254889395371940e+00
4.685000000000000275e-02,1.683245144600155951e+00,2.736450630707618625e+00,1.625699405393291608e+00
4.689999999999999725e-02,1.602438999085792126e+00,2.787597040464607545e+00,1.739596354092081132e+00
4.694999999999999868e-02,1.658838350662730665e+00,2.820791968272016170e+00,1.700462234397382755e+00
4.700000000000000011e-02,1.788458417509326770e+00,3.009115460269252917e+00,1.682519107410871850e+00
4.705000000000000154e-02,1.752013063516943081e+00,3.066171122828197593e+00,1.750084623611909418e+00
4.710000000000000298e-02,1.697097802966524682e+00,2.968284938603615863e+00,1.749035873722220247e+00
4.714999999999999747e-02,1.684729383029570871e+00,2.900494234193004672e+00,1.721638064492696296e+00
4.719999999999999890e-02,1.630638690326380535e+00,2.836822413646176155e+00,1.739700174217239992e+00
4.725000000000000033e-02,1.631628130511226349e+00,2.758447581508967072e+00,1.690610458306257780e+00
4.730000000000000177e-02,1.605901974470736793e+00,2.839564221426109203e+00,1.768205199674130368e+00
4.735000000000000320e-02,1.665269986155182957e+00,3.035836137858942685e+00,1.823029396493332177e+00
4.739999999999999769e-02,1.592544242485977257e+00,2.789643095335632594e+00,1.751689542377153908e+00
4.744999999999999912e-02,1.637894667784691949e+00,2.752862989292957252e+00,1.680732615740362368e+00
4.750000000000000056e-02,1.651417494609845438e+00,2.811375313563846845e+00,1.702401314470782356e+00
4.755000000000000199e-02,1.534990291693221653e+00,2.747461094040474450e+00,1.789888254608957174e+00
4.760000000000000342e-02,1.605077535784054987e+00,2.961554774061189388e+00,1.845116331164971868e+00
4.764999999999999791e-02,1.583144262325428597e+00,2.787082200292140044e+00,1.760472666084319071e+00
4.769999999999999934e-02,1.595017936104369038e+00,2.887809782420281302e+00,1.810518688882831073e+00
4.775000000000000078e-02,1.747065757921429263e+00,3.125784371830689246e+00,1.789162404252939931e+00
4.780000000000000221e-02,1.657848921615874493e+00,3.138407798323225251e+00,1.893060192278725573e+00
4.784999999999999670e-02,1.776090074992886514e+00,3.289034434161744347e+00,1.851839881586477166e+00
4.789999999999999813e-02,1.544225363344958746e+00,2.678432773847061021e+00,1.734483086099095406e+00
4.794999999999999957e-02,1.573084782117703639e+00,2.856134752965679535e+00,1.815626713469772557e+00
4.800000000000000100e-02,1.696108325711333187e+00,3.159103378350816005e+00,1.862559914636298553e+00
4.805000000000000243e-02,1.599140630362905657e+00,2.971404448077981097e+00,1.858125790602704441e+00
4.809999999999999692e-02,1.700065978260155708e+00,2.963927196974457168e+00,1.743418923074817828e+00
4.814999999999999836e-02,1.661312252249674160e+00,3.168954669408628799e+00,1.907500931939419164e+00
4.819999999999999979e-02,1.577867219156776191e+00,2.952034639208512168e+00,1.870901811868619147e+00
4.825000000000000122e-02,1.663126023681789301e+00,3.043933245495252571e+00,1.830248100355416740e+00
4.830000000000000265e-02,1.542906091536317525e+00,2.716871593683840569e+00,1.760879426549266213e+00
4.834999999999999715e-02,1.587431987065785810e+00,2.742379094316027999e+00,1.727556907420676247e+00
4.839999999999999858e-02,1.594852986488355384e+00,2.747219923586923240e+00,1.722553706743791935e+00
4.845000000000000001e-02,1.546204409493601162e+00,2.684937280301708640e+00,1.736469812022496395e+00
4.850000000000000144e-02,1.530867511202033571e+00,2.806163933036357694e+00,1.833054730407704724e+00
4.855000000000000288e-02,1.591719628665422492e+00,2.947085892242947924e+00,1.851510680127713471e+00
4.859999999999999737e-02,1.620909047217283572e+00,2.979332394931653027e+00,1.838062659990984837e+00
4.864999999999999880e-02,1.497720399323041685e+00,2.637697926353903988e+00,1.761141750854247290e+00
4.870000000000000023e-02,1.567642771245869815e+00,2.879994294041824165e+00,1.837149602490735223e+00
4.875000000000000167e-02,1.567477776007178081e+00,2.695876163325571451e+00,1.719881585940409519e+00
4.880000000000000310e-02,1.597821386817883216e+00,2.897919607734422254e+00,1.813669307246994489e+00
4.884999999999999759e-02,1.524271171881398157e+00,2.956728212434446501e+00,1.939765224835273694e+00
4.889999999999999902e-02,1.456492703145341405e+00,2.693421398248251553e+00,1.849251556449080791e+00
4.895000000000000046e-02,1.600295136571737942e+00,2.929402897932828154e+00,1.830539149302419233e+00
4.900000000000000189e-02,1.466057646224422362e+00,2.682035355683986211e+00,1.829420120410069739e+00
4.905000000000000332e-02,1.560221676124219137e+00,2.822342372539216271e+00,1.808936778490514818e+00
4.909999999999999781e-02,1.439342033101982832e+00,2.675658388629880591e+00,1.858945495299309414e+00
4.914999999999999925e-02,1.473478609727050914e+00,2.742351726837333636e+00,1.861141185717877899e+00
4.920000000000000068e-02,1.512397607383065612e+00,2.836413589199497043e+00,1.875441732619112623e+00
4.925000000000000211e-02,1.436538650073713619e+00,2.661364513769309603e+00,1.852622979293140570e+00
4.929999999999999660e-02,1.497885283032906578e+00,2.815469404068307480e+00,1.879629525678740087e+00
4.934999999999999803e-02,1.562860316611759171e+00,2.948033694040717467e+00,1.886306576925555589e+00
4.939999999999999947e-02,1.449896386970014550e+00,2.687858818673768635e+00,1.853828206504356535e+00
4.945000000000000090e-02,1.549667395619857446e+00,2.979303402925440380e+00,1.922543773810081014e+00
4.950000000000000233e-02,1.486506527806445987e+00,2.909106917932071212e+00,1.957009177904436514e+00
4.954999999999999682e-02,1.386240734615563408e+00,2.628763807730969848e+00,1.896325610760519753e+00
4.959999999999999826e-02,1.358535696384985725e+00,2.466186042775108334e+00,1.815326641278208530e+00
4.964999999999999969e-02,1.454513921806603438e+00,2.773885175941282810e+00,1.907087401745823252e+00
4.970000000000000112e-02,1.410152853314469601e+00,2.829889396680487224e+00,2.006796206545284900e+00
4.975000000000000255e-02,1.477271569578239019e+00,2.865128100134432199e+00,1.939472849228680573e+00
4.979999999999999705e-02,1.480074935081501453e+00,2.808779084129049419e+00,1.897727620104844082e+00
4.984999999999999848e-02,1.344518380817563363e+00,2.615924468742721665e+00,1.945621946166368188e+00
4.989999999999999991e-02,1.420707073242060581e+00,2.629634960256331144e+00,1.850933953792101017e+00
4.995000000000000134e-02,1.382612751392598538e+00,2.557427353723717545e+00,1.849706182116300779e+00
5.000000000000000278e-02,1.493927631719736748e+00,2.823666992905944362e+00,1.890096235555584814e+00
5.004999999999999727e-02,1.389703737042433884e+00,2.797729120384429891e+00,2.013183850493598381e+00
5.009999999999999870e-02,1.545214902541246049e+00,3.114598280498918736e+00,2.015640850587629984e+00
5.015000000000000013e-02,1.364307626733713086e+00,2.535266412122854529e+00,1.858280612410363908e+00
5.020000000000000157e-02,1.341385001572207303e+00,2.433188074004941193e+00,1.813937140457852149e+00
5.025000000000000300e-02,1.390033649521550618e+00,2.523963163714279201e+00,1.815756880837400500e+00
5.029999999999999749e-02,1.309887141661297605e+00,2.561881826189956968e+00,1.955803477039087079e+00
5.034999999999999892e-02,1.326872777586977969e+00,2.501223847949409329e+00,1.885051747386121468e+00
5.040000000000000036e-02,1.397949426300179709e+00,2.607209994659926533e+00,1.865024546388764692e+00
5.045000000000000179e-02,1.384591570070548450e+00,2.533781456930562115e+00,1.829984749077635531e+00
5.050000000000000322e-02,1.315988661565853812e+00,2.690197823259712351e+00,2.044240882789012836e+00
5.054999999999999771e-02,1.382942605670826941e+00,2.658167532628441077e+00,1.922109798142373371e+00
5.059999999999999915e-02,1.436703497670355212e+00,2.774976884441273217e+00,1.931488918166452740e+00
5.065000000000000058e-02,1.257445375212995264e+00,2.457204178335627542e+00,1.954123993592491670e+00
5.070000000000000201e-02,1.400093336764208329e+00,2.736714705221974242e+00,1.954665902165398483e+00
5.075000000000000344e-02,1.356061958119919364e+00,2.609584022188954577e+00,1.924384064137417250e+00
5.079999999999999793e-02,1.411307264950963480e+00,2.497817642184228859e+00,1.769860968065672502e+00
5.084999999999999937e-02,1.276575133209180146e+00,2.497853308842833187e+00,1.956683350523587217e+00
5.090000000000000080e-02,1.311206154715136130e+00,2.503449227515217590e+00,1.909272022948290903e+00
5.095000000000000223e-02,1.318297446236650350e+00,2.421962828385720190e+00,1.837189956864217821e+00
5.099999999999999672e-02,1.328192186467873848e+00,2.694935514383594466e+00,2.029025273481217972e+00
5.104999999999999816e-02,1.402731873015754305e+00,2.608199468706250634e+00,1.859371358760704140e+00
5.109999999999999959e-02,1.291746797195844287e+00,2.646303223147222994e+00,2.048623792907311891e+00
5.115000000000000102e-02,1.351444611383552985e+00,2.563135871326875481e+00,1.896589656532681190e+00
5.120000000000000245e-02,1.388384563001771488e+00,2.732296977534133475e+00,1.967968421967140058e+00
5.124999999999999695e-02,1.308897599613658702e+00,2.515714987349537246e+00,1.922010543905107172e+00
5.129999999999999838e-02,1.317143088990978983e+00,2.709149844501183235e+00,2.056837914684406687e+00
5.134999999999999981e-02,1.323244850222993874e+00,2.606993124793410832e+00,1.970151725399935660e+00
5.140000000000000124e-02,1.320276408339241314e+00,2.735230046002148807e+00,2.071710157604618185e+00
5.145000000000000268e-02,1.339900764140884881e+00,2.687760140310217594e+00,2.005939702582042017e+00
5.149999999999999717e-02,1.391188072636537099e+00,2.637172073782052983e+00,1.895625850776714305e+00
5.154999999999999860e-02,1.345837465997175686e+00,2.577322605993937810e+00,1.915032588340311870e+00
5.160000000000000003e-02,1.430107201611751755e+00,2.754809478849538529e+00,1.926295787997450715e+00
5.165000000000000147e-02,1.292901153889985499e+00,2.612077652145445406e+00,2.020322778958328680e+00
5.170000000000000290e-02,1.255631346991292974e+00,2.528983606058695432e+00,2.014113148830324995e+00
5.174999999999999739e-02,1.382777559302085901e+00,2.670225603053841823e+00,1.931059399316225056e+00
5.179999999999999882e-02,1.286469647988597531e+00,2.429347895601101648e+00,1.888383374920193924e+00
5.185000000000000026e-02,1.284655700224903718e+00,2.712854770214374156e+00,2.111736841037981538e+00
5.190000000000000169e-02,1.341055255332096907e+00,2.839632618256715535e+00,2.117461310386881124e+00
5.195000000000000312e-02,1.283006452662091679e+00,2.696216709893904273e+00,2.101483359105141613e+00
5.199999999999999761e-02,1.393991670911896685e+00,2.762260142951321384e+00,1.981547092849095026e+00
5.204999999999999905e-02,1.372058270604133545e+00,2.788044007245570555e+00,2.032015743775926975e+00
5.210000000000000048e-02,1.360020008018616444e+00,2.757262212750946517e+00,2.027368859644897103e+00
5.215000000000000191e-02,1.389209201167728613e+00,2.937567105764281372e+00,2.114560645938026173e+00
5.220000000000000334e-02,1.304280016239033113e+00,2.620125302248912824e+00,2.008867167806646314e+00
5.224999999999999784e-02,1.231059659795176175e+00,2.742825017540264199e+00,2.228019572988538588e+00
5.229999999999999927e-02,1.337427092483125080e+00,2.691593045886680802e+00,2.012515718437670298e+00
5.235000000000000070e-02,1.278389066880450953e+00,2.640755686132415736e+00,2.065690136553214984e+00
5.240000000000000213e-02,1.238810450162328269e+00,2.621080793273027343e+00,2.115804555030652345e+00
5.244999999999999662e-02,1.292901175914750178e+00,2.659013564258891016e+00,2.056625528534763880e+00
5.249999999999999806e-02,1.330830675748008618e+00,2.634725175413119569e+00,1.979759877365497411e+00
5.254999999999999949e-02,1.262227764545536646e+00,2.430633149796446624e+00,1.925669216024251229e+00
5.260000000000000092e-02,1.383437351283975270e+00,2.779095653938449040e+00,2.008833758434493522e+00
5.265000000000000235e-02,1.306423837471521798e+00,2.425473234913410714e+00,1.856574539858151240e+00
5.269999999999999685e-02,1.380798680710374038e+00,2.641602625428834283e+00,1.913097587890089324e+00
5.274999999999999828e-02,1.279873181129623116e+00,2.491950725736980399e+00,1.947029410787068038e+00
5.279999999999999971e-02,1.378490096000984488e+00,2.756474260417132616e+00,1.999632981342191584e+00
5.285000000000000114e-02,1.265361048875685901e+00,2.472983221106586083e+00,1.954369642801879747e+00
5.290000000000000258e-02,1.284820543796918013e+00,2.557658370286935323e+00,1.990673625694457494e+00
5.294999999999999707e-02,1.314504520513609664e+00,2.577790827361625681e+00,1.961036106862849460e+00
5.299999999999999850e-02,1.309887069081979050e+00,2.599415183885022795e+00,1.984457473655951265e+00
5.304999999999999993e-02,1.224298221069591852e+00,2.472520546858528512e+00,2.019541076110070499e+00
5.310000000000000137e-02,1.252333220848049988e+00,2.332357013564009485e+00,1.862409281121356175e+00
5.315000000000000280e-02,1.270803128381008174e+00,2.493626340269621711e+00,1.962244414244147528e+00
5.319999999999999729e-02,1.234028012677492736e+00,2.492305657242694483e+00,2.019650795313061131e+00
5.324999999999999872e-02,1.256950648400236625e+00,2.470564495806130800e+00,1.965522273249551422e+00
5.330000000000000016e-02,1.351939310580306808e+00,2.872134261491338769e+00,2.124455024729255737e+00
5.335000000000000159e-02,1.310546536948103968e+00,2.720862706137312514e+00,2.076128263612400993e+00
5.340000000000000302e-02,1.256126077867434354e+00,2.425342874188980868e+00,1.930811657303193263e+00
5.344999999999999751e-02,1.218031699067205986e+00,2.438237606106562705e+00,2.001785017560557378e+00
5.349999999999999895e-02,1.327862337309700713e+00,2.777375414387431629e+00,2.091613969573456799e+00
5.355000000000000038e-02,1.356227094325430427e+00,2.621344624468749274e+00,1.932821306576662845e+00
5.360000000000000181e-02,1.312855296559827467e+00,2.600970354236119775e+00,1.981155395458765511e+00
5.365000000000000324e-02,1.246066508506290527e+00,2.434062526365250889e+00,1.953396957344643248e+00
5.369999999999999774e-02,1.245242028844251392e+00,2.622291235851205382e+00,2.105848642359941181e+00
5.374999999999999917e-02,1.180267006525999696e+00,2.399773906480756391e+00,2.033246624036586070e+00
5.380000000000000060e-02,1.287953923698938352e+00,2.706778158466673023e+00,2.101611019354592713e+00
5.385000000000000203e-02,1.269318908351634967e+00,2.460855502653589433e+00,1.938721220066996098e+00
5.390000000000000346e-02,1.246231452319064292e+00,2.411146242524902839e+00,1.934749951975688997e+00
5.394999999999999796e-02,1.257610227575071349e+00,2.553154041173903543e+00,2.030163229585771223e+00
5.399999999999999939e-02,1.283996043017189947e+00,2.487383886668340427e+00,1.937220835060657453e+00
5.405000000000000082e-02,1.257775175072448404e+00,2.493444104107189752e+00,1.982424326321726271e+00
5.410000000000000225e-02,1.287624078061325061e+00,2.584299895749641696e+00,2.007029799909163081e+00
5.414999999999999675e-02,1.224298351532670193e+00,2.344888757043376515e+00,1.915291933627016441e+00
5.419999999999999818e-02,1.226771919970016000e+00,2.511671463155265460e+00,2.047382583729707495e+00
5.424999999999999961e-02,1.234852490022426919e+00,2.453429335629091490e+00,1.986819766290087941e+00
5.430000000000000104e-02,1.175814338229193234e+00,2.361422900893396903e+00,2.008329737201334897e+00
5.435000000000000248e-02,1.244252636224260300e+00,2.552375961403380522e+00,2.051332572739148929e+00
5.439999999999999697e-02,1.183895153752777318e+00,2.377487240811667846e+00,2.008190702762297164e+00
5.444999999999999840e-02,1.250684041830906645e+00,2.414604783562758872e+00,1.930627322971164128e+00
5.449999999999999983e-02,1.135905953839001059e+00,2.276032196836879073e+00,2.003715350856832611e+00
5.455000000000000127e-02,1.162951528077214247e+00,2.300054664455111197e+00,1.977773457383856570e+00
5.460000000000000270e-02,1.287624003216166102e+00,2.652008448087090908e+00,2.059614018892961251e+00
5.464999999999999719e-02,1.166744421088648842e+00,2.443965053495264161e+00,2.094687584805321023e+00
5.469999999999999862e-02,1.272287408662252428e+00,2.611217594446135326e+00,2.052380285042435748e+00
5.475000000000000006e-02,1.228585947099603892e+00,2.836703381855942840e+00,2.308917327723565283e+00
5.480000000000000149e-02,1.182246120468361861e+00,2.551366251059211443e+00,2.158066926071582348e+00
5.485000000000000292e-02,1.221164923660178925e+00,2.520052801488064986e+00,2.063646566210524114e+00
5.489999999999999741e-02,1.211929849049101060e+00,2.371466457807038353e+00,1.956768751646580595e+00
5.494999999999999885e-02,1.169218003634145742e+00,2.322171114773134981e+00,1.986089084803174254e+00
5.500000000000000028e-02,1.177628668758968544e+00,2.485430288031359680e+00,2.110538197622688461e+00
5.505000000000000171e-02,1.212754571624143018e+00,2.478205777289548717e+00,2.043452018466267450e+00
5.510000000000000314e-02,1.175154655723064545e+00,2.432909649649943162e+00,2.070288908614322576e+00
5.514999999999999764e-02,1.120404528732290128e+00,2.485736978694003785e+00,2.218606686199807942e+00
5.519999999999999907e-02,1.250354170785645813e+00,2.695296282181210756e+00,2.155626257868722195e+00
5.525000000000000050e-02,1.229245689352593596e+00,2.503227981467032404e+00,2.036393540485308851e+00
5.530000000000000193e-02,1.163446115406885140e+00,2.608178062654083362e+00,2.241769539745242845e+00
5.535000000000000336e-02,1.158498814013683154e+00,2.414387461084960051e+00,2.084065544029502615e+00
5.539999999999999786e-02,1.133597361485040533e+00,2.394636664314842012e+00,2.112422581133929889e+00
5.544999999999999929e-02,1.113807920816124231e+00,2.379673612473619304e+00,2.136520640587609599e+00
5.550000000000000072e-02,1.138874515282076283e+00,2.398400904445453730e+00,2.105939567759506748e+00
5.555000000000000215e-02,1.169053164076558904e+00,2.414974854161797246e+00,2.065752806091926796e+00
5.559999999999999665e-02,1.188842374469790242e+00,2.615628387357845863e+00,2.200147339570046601e+00
5.564999999999999808e-02,1.213249383132004589e+00,2.433486198193700378e+00,2.005759270951906981e+00
5.569999999999999951e-02,1.169217980440717453e+00,2.518423755769911843e+00,2.153938613585666406e+00
5.575000000000000094e-02,1.213414047829000975e+00,2.563101702665629755e+00,2.112305941447969904e+00
5.580000000000000238e-02,1.202365255925072374e+00,2.375659685001330512e+00,1.975821966989184331e+00
5.584999999999999687e-02,1.168228645584123093e+00,2.501729184669443828e+00,2.141472214472673219e+00
5.589999999999999830e-02,1.109520106977647469e+00,2.276808838579958749e+00,2.052066316113933642e+00
5.594999999999999973e-02,1.136895594234430984e+00,2.523564049953349819e+00,2.219697272776117281e+00
5.600000000000000117e-02,1.155695411008609508e+00,2.828199531968904612e+00,2.447184184542751773e+00
5.605000000000000260e-02,1.230235099011304234e+00,2.750316710924918251e+00,2.235602539006771305e+00
5.609999999999999709e-02,1.136565615303986920e+00,2.431345251240875527e+00,2.139203595905534883e+00
5.614999999999999852e-02,1.210610754142477319e+00,2.699556259303851125e+00,2.229912670167920385e+00
5.619999999999999996e-02,1.109685165674171969e+00,2.344294491463265739e+00,2.112576218894505864e+00
5.625000000000000139e-02,1.180596913118661773e+00,2.627308413392184239e+00,2.225406812602866324e+00
5.630000000000000282e-02,1.148274388100866350e+00,2.513421729028087359e+00,2.188868579734710718e+00
5.634999999999999731e-02,1.159323390863306047e+00,2.453427047883998569e+00,2.116257695841900155e+00
5.639999999999999875e-02,1.161137516761828303e+00,2.476518014335246320e+00,2.132837823759016427e+00
5.645000000000000018e-02,1.208796578258728216e+00,2.511556979300791248e+00,2.077733362646252413e+00
5.650000000000000161e-02,1.176639045896656022e+00,2.600888817848737045e+00,2.210438984596787559e+00
5.655000000000000304e-02,1.165755056872186168e+00,2.446165719186736531e+00,2.098353084352037268e+00
5.659999999999999754e-02,1.196758047112470580e+00,2.429707372873889160e+00,2.030241099056129261e+00
5.664999999999999897e-02,1.249859443308753537e+00,2.697971609746308008e+00,2.158620014586573266e+00
5.670000000000000040e-02,1.127825376302558302e+00,2.558165487786818293e+00,2.268228345928392287e+00
5.675000000000000183e-02,1.152727012159619591e+00,2.377761153988350085e+00,2.062727019412553098e+00
5.680000000000000326e-02,1.197747660487258781e+00,2.507561108556819907e+00,2.093563770800197066e+00
5.684999999999999776e-02,1.145635761344007797e+00,2.285698882023278422e+00,1.995135765788072391e+00
5.689999999999999919e-02,1.160477761018612552e+00,2.413625711811558716e+00,2.079855205232879367e+00
5.695000000000000062e-02,1.181421508465973158e+00,2.693542912891040864e+00,2.279916942081488429e+00
5.700000000000000205e-02,1.126011409961750642e+00,2.285623310782823658e+00,2.029840275650904413e+00
5.704999999999999655e-02,1.164930274670832544e+00,2.510239085345250309e+00,2.154840628598611918e+00
5.709999999999999798e-02,1.131123664655583339e+00,2.376816174449301045e+00,2.101287638759657295e+00
5.714999999999999941e-02,1.140358729595077669e+00,2.361515256683217157e+00,2.070852965296062553e+00
5.720000000000000084e-02,1.158004173196321096e+00,2.346479784070589769e+00,2.026313754633405573e+00
5.725000000000000228e-02,1.170207401576331518e+00,2.563148054336366055e+00,2.190336559898415913e+00
5.729999999999999677e-02,1.170537318752298050e+00,2.372749685085697280e+00,2.027060262901198673e+00
5.734999999999999820e-02,1.116776411044814399e+00,2.543561940117230247e+00,2.277592824276766681e+00
5.739999999999999963e-02,1.111664171564111570e+00,2.733836473247057253e+00,2.459228733980469261e+00
5.745000000000000107e-02,1.077857435125811003e+00,2.330350962085891098e+00,2.162021512440450710e+00
5.750000000000000250e-02,1.086432848739742774e+00,2.471790246550698456e+00,2.275143143377857058e+00
5.754999999999999699e-02,1.181751176755148514e+00,2.670185836905484500e+00,2.259516122706370922e+00
5.759999999999999842e-02,1.143986827021476804e+00,2.491858644136014433e+00,2.178223197398087674e+00
5.764999999999999986e-02,1.200056334690833948e+00,2.667480934928122327e+00,2.222796428648773137e+00
5.770000000000000129e-02,1.196098494781838495e+00,2.422759388465110408e+00,2.025551740960101821e+00
5.775000000000000272e-02,1.122218419562993841e+00,2.305902481579861441e+00,2.054771550156706095e+00
5.779999999999999721e-02,1.161467300626519927e+00,2.344097030950894389e+00,2.018220426598698936e+00
5.784999999999999865e-02,1.083134592874264612e+00,2.447962097393429293e+00,2.260071937040977197e+00
5.790000000000000008e-02,1.154211132288269326e+00,2.542682901007037533e+00,2.202961685152063698e+00
5.795000000000000151e-02,1.182081035503129263e+00,2.395819046429453980e+00,2.026780715088387641e+00
5.800000000000000294e-02,1.187688080523924494e+00,2.557526401120745252e+00,2.153365385289161438e+00
5.804999999999999744e-02,1.047843643701798166e+00,2.317296777748018233e+00,2.211490990737439599e+00
5.809999999999999887e-02,1.141348192556965957e+00,2.195515974504225198e+00,1.923616288895682036e+00
5.815000000000000030e-02,1.163446125197273195e+00,2.473933492387299093e+00,2.126384229409694626e+00
5.820000000000000173e-02,1.141348145087690336e+00,2.403897372574161473e+00,2.106191159043298455e+00
5.825000000000000316e-02,1.131288595369569272e+00,2.486548833291540639e+00,2.197979227819613079e+00
5.829999999999999766e-02,1.220670179784218545e+00,2.449469533056060744e+00,2.006659598655109900e+00
5.834999999999999909e-02,1.182410887181074122e+00,2.375066108182469105e+00,2.008663937326172544e+00
5.840000000000000052e-02,1.061861075914278141e+00,2.211919321866079979e+00,2.083059047965935218e+00
5.845000000000000195e-02,1.048338383091983905e+00,2.130829860079896942e+00,2.032578311017476658e+00
5.850000000000000339e-02,1.089236296011776073e+00,2.328573707733779141e+00,2.137803997406090950e+00
5.854999999999999788e-02,1.121723771432626027e+00,2.445038209937639095e+00,2.179715070863589510e+00
5.859999999999999931e-02,1.116776513346864563e+00,2.252105346164726463e+00,2.016612383273890696e+00
5.865000000000000074e-02,1.133267351323999916e+00,2.360056979506489849e+00,2.082524460577839687e+00
5.870000000000000218e-02,1.088906572536786799e+00,2.131166340742463028e+00,1.957161793759367940e+00
5.874999999999999667e-02,1.183400210752294290e+00,2.461257663156656950e+00,2.079818510081235416e+00
5.879999999999999810e-02,1.116116736041955493e+00,2.237703819805164862e+00,2.004901232590287297e+00
5.884999999999999953e-02,1.120074650742296063e+00,2.144721427954778381e+00,1.914802220131870847e+00
5.890000000000000097e-02,1.095337986640335881e+00,2.244392917897892747e+00,2.049041433121463918e+00
5.895000000000000240e-02,1.088411678531547855e+00,2.186768405750687094e+00,2.009137212402028805e+00
5.899999999999999689e-02,1.140358671381641376e+00,2.269290639499626838e+00,1.989979728702539363e+00
5.904999999999999832e-02,1.140523686003846127e+00,2.308988922823816736e+00,2.024498878154846526e+00
5.909999999999999976e-02,1.164930290891885267e+00,2.575084065842973224e+00,2.210504856794011541e+00
5.915000000000000119e-02,1.127000898394516337e+00,2.355577482584006788e+00,2.090129196826440161e+00
5.920000000000000262e-02,1.124692107646840356e+00,2.378247275007711270e+00,2.114576299449319574e+00
5.924999999999999711e-02,1.058068011891885929e+00,2.077743193041793113e+00,1.963714212781718871e+00
5.929999999999999855e-02,1.108036241074359385e+00,2.256230646066343049e+00,2.036242644806172120e+00
5.934999999999999998e-02,1.044710393525043690e+00,2.219560734563246207e+00,2.124570357794606679e+00
5.940000000000000141e-02,1.188842277875691300e+00,2.390212774673805107e+00,2.010538167388199682e+00
5.945000000000000284e-02,1.085278452905531044e+00,2.304224165365472476e+00,2.123164022280690677e+00
5.949999999999999734e-02,1.152727116961450582e+00,2.283442444068006782e+00,1.980904596125996564e+00
5.954999999999999877e-02,1.145305966786123619e+00,2.617485972351722534e+00,2.285403244424479841e+00
5.960000000000000020e-02,1.131453377130096749e+00,2.503994198131852755e+00,2.213077665191270693e+00
5.965000000000000163e-02,1.094513503992405212e+00,2.277917435581998884e+00,2.081214555391913468e+00
5.970000000000000306e-02,1.074064501759285584e+00,2.213176096409778637e+00,2.060561626219526321e+00
5.974999999999999756e-02,1.137555163565057592e+00,2.451958811717945608e+00,2.155463655963367753e+00
5.979999999999999899e-02,1.168558365155826229e+00,2.646480531744420439e+00,2.264739708907491877e+00
5.985000000000000042e-02,1.217207148655585325e+00,2.674235224877675510e+00,2.197025566134235053e+00
5.990000000000000185e-02,1.164270684988598870e+00,2.434811118760054960e+00,2.091275809099236938e+00
5.995000000000000329e-02,1.208136962377667212e+00,2.436439676051700420e+00,2.016691610243162458e+00
5.999999999999999778e-02,1.156849596385459034e+00,2.491968107324888937e+00,2.154098609802835629e+00
6.004999999999999921e-02,1.210280949529804806e+00,2.425234815921337272e+00,2.003861018273106698e+00
6.010000000000000064e-02,1.069941811583176250e+00,2.383679499135792135e+00,2.227859004415107869e+00
6.015000000000000208e-02,1.187523040923641249e+00,2.375027104864337435e+00,1.999984019692847115e+00
6.019999999999999657e-02,1.161467220098649999e+00,2.477147068356397863e+00,2.132773982330728124e+00
6.024999999999999800e-02,1.091545026061494061e+00,2.389386776645320065e+00,2.188995157869658037e+00
6.029999999999999943e-02,1.117601115414040169e+00,2.586519239437051532e+00,2.314349192895014173e+00
6.035000000000000087e-02,1.148933949156776935e+00,2.519996285307037454e+00,2.193334340199893706e+00
6.040000000000000230e-02,1.121229045685433912e+00,2.287961964570034645e+00,2.040583922949792406e+00
6.044999999999999679e-02,1.193295070297319072e+00,2.464388639488000354e+00,2.065196363271641022e+00
6.049999999999999822e-02,1.137060340481686804e+00,2.491500773627718601e+00,2.191177270831781598e+00
6.054999999999999966e-02,1.092699455802325970e+00,2.412990645496547959e+00,2.208283927189095497e+00
6.060000000000000109e-02,1.074229405424519834e+00,2.185061311327009648e+00,2.034073262464366483e+00
6.065000000000000252e-02,1.160147916702107818e+00,2.516576219926942581e+00,2.169185656153814534e+00
6.069999999999999701e-02,1.132607794362114007e+00,2.730215749928843749e+00,2.410557090918224343e+00
6.074999999999999845e-02,1.179607638922377078e+00,2.606410734275585117e+00,2.209557354729115630e+00
6.079999999999999988e-02,1.186203808132480386e+00,2.741174118817981675e+00,2.310879547026235326e+00
6.085000000000000131e-02,1.058068072909990498e+00,2.305446723684575705e+00,2.178920981278583024e+00
6.090000000000000274e-02,1.116776369485813492e+00,2.442397608363704897e+00,2.187006884366862192e+00
6.094999999999999724e-02,1.098636183436431990e+00,2.464604122819977317e+00,2.243330558357294002e+00
6.099999999999999867e-02,1.062685577047204344e+00,2.270682518922720217e+00,2.136739754417365855e+00
6.105000000000000010e-02,1.011728124576495524e+00,2.267344973433880195e+00,2.241061524688739759e+00
6.110000000000000153e-02,1.045699978685603160e+00,2.204997596789153746e+00,2.108633108667301137e+00
6.115000000000000296e-02,1.032836686419591921e+00,2.352227263376282185e+00,2.277443563251475567e+00
6.119999999999999746e-02,1.052955934898082146e+00,2.231659459176795757e+00,2.119423411002287594e+00
6.124999999999999889e-02,1.076043292000510077e+00,2.264039722525142295e+00,2.104041481747436215e+00
6.130000000000000032e-02,1.076373239808512405e+00,2.296542942901673712e+00,2.133593495236123072e+00
6.135000000000000175e-02,1.002988036507892478e+00,2.095189138631026626e+00,2.088947287871802505e+00
6.140000000000000319e-02,1.059717186986050441e+00,2.146355864977548045e+00,2.025404411041038966e+00
6.144999999999999768e-02,1.003977322550775542e+00,2.345233520384372383e+00,2.335942722715993902e+00
6.149999999999999911e-02,1.039103458033863614e+00,2.224427022892033534e+00,2.140717563485907693e+00
6.155000000000000054e-02,1.050647116118654356e+00,2.288603776379258381e+00,2.178280167782610466e+00
6.160000000000000198e-02,1.121228847497415471e+00,2.391146821388452803e+00,2.132612647922407678e+00
6.165000000000000341e-02,1.074394424209021093e+00,2.480977270375643862e+00,2.309186658523625368e+00
6.169999999999999790e-02,9.856723294554861070e-01,2.113187206104394811e+00,2.143904361474548548e+00
6.174999999999999933e-02,9.470830480386233097e-01,2.037715053532986431e+00,2.151569556390038773e+00
6.180000000000000077e-02,1.150747971883799625e+00,2.542602484291232035e+00,2.209521586320014386e+00
6.185000000000000220e-02,1.042566473189943776e+00,2.382086701309485299e+00,2.284829564891922349e+00
6.189999999999999669e-02,1.040092904465970580e+00,2.273814904662734726e+00,2.186165192454813777e+00
6.194999999999999812e-02,1.127495662500273221e+00,2.336583247118888984e+00,2.072365619515917690e+00
6.199999999999999956e-02,1.063510061870447165e+00,2.106308501974084813e+00,1.980525222553717102e+00
6.205000000000000099e-02,1.088246981782788003e+00,2.269548521098569971e+00,2.085508675044106308e+00
6.210000000000000242e-02,9.678618963690920340e-01,2.008994684979494405e+00,2.075703871095849529e+00
6.214999999999999691e-02,1.026735082765637186e+00,2.180482894626859292e+00,2.123705453556199441e+00
6.219999999999999835e-02,1.009584299084354431e+00,2.166949308292610787e+00,2.146377781684929431e+00
6.224999999999999978e-02,1.001338754060070002e+00,2.051027750338699995e+00,2.048285599675951030e+00
6.230000000000000121e-02,1.025910562508369983e+00,2.137693188016214219e+00,2.083703264336723038e+00
6.235000000000000264e-02,1.008924551394342561e+00,2.304052727375423437e+00,2.283671979427205123e+00
6.239999999999999714e-02,1.029703457718944337e+00,2.266314248768827699e+00,2.200938757445072280e+00
6.244999999999999857e-02,1.052626020869022572e+00,2.465194322688228024e+00,2.341946972442333408e+00
6.250000000000000000e-02,1.095337980801196265e+00,2.266019711818659133e+00,2.068785846502972259e+00
6.254999999999999449e-02,9.607708603746698550e-01,2.013772882321782642e+00,2.095997042974925062e+00
6.260000000000000286e-02,1.000184383754035622e+00,2.242586795881647443e+00,2.242173375537467095e+00
6.264999999999999736e-02,1.037454304330837740e+00,2.345912684819262406e+00,2.261220253293358962e+00
6.270000000000000573e-02,9.515356035668007806e-01,2.103591080001669944e+00,2.210732916473567844e+00
6.275000000000000022e-02,9.828689763995887008e-01,2.327250058430252899e+00,2.367813120885505995e+00
6.279999999999999472e-02,9.807246786233487779e-01,2.053431371327002264e+00,2.093789843454760824e+00
6.285000000000000309e-02,1.012882630663041628e+00,2.355649474599887494e+00,2.325688488761880723e+00
6.289999999999999758e-02,9.818793140983421708e-01,2.137261672682455593e+00,2.176705061400645569e+00
6.295000000000000595e-02,9.299323394510368157e-01,1.923795894966560560e+00,2.068748244740286513e+00
6.300000000000000044e-02,1.056748805014638082e+00,2.350936187492141727e+00,2.224687812596652492e+00
6.304999999999999494e-02,9.840232122746120913e-01,2.174496441548779746e+00,2.209801978677248258e+00
6.310000000000000331e-02,1.031352653390532614e+00,2.220857165665152788e+00,2.153344114027504919e+00
6.314999999999999780e-02,9.909493736119103779e-01,2.075050790251733446e+00,2.094002827499030328e+00
6.320000000000000617e-02,1.091215191063244827e+00,2.249284915995995338e+00,2.061266131938985335e+00
6.325000000000000067e-02,1.061036884269515479e+00,2.160848219555601801e+00,2.036543923770628872e+00
6.329999999999999516e-02,9.723140336095393854e-01,2.083509515595862727e+00,2.142836001102660148e+00
6.335000000000000353e-02,1.036299972848843565e+00,2.194350699753871758e+00,2.117486014905013647e+00
6.339999999999999802e-02,9.551636849392213247e-01,2.076523001595874440e+00,2.173997016781481939e+00
6.345000000000000639e-02,1.010408885061803375e+00,2.287990459531630716e+00,2.264420368187559873e+00
6.350000000000000089e-02,9.754477934100634906e-01,2.118872117431345181e+00,2.172204531852996112e+00
6.354999999999999538e-02,1.017335089341795173e+00,2.190903062933288403e+00,2.153570722062461140e+00
6.360000000000000375e-02,1.019808884810726735e+00,2.258099934810891440e+00,2.214238342540021609e+00
6.364999999999999825e-02,1.045040167686715815e+00,2.189221644942305200e+00,2.094868420022869770e+00
6.370000000000000662e-02,9.658830255582275814e-01,2.056573843195977691e+00,2.129216259916557163e+00
6.375000000000000111e-02,9.296025905996734284e-01,2.040777385605296423e+00,2.195322395012711869e+00
6.379999999999999560e-02,9.909493208463184821e-01,2.248082186433270291e+00,2.268614690116846688e+00
6.385000000000000397e-02,1.016015811560610604e+00,2.148750829996503242e+00,2.114879321312923555e+00
6.389999999999999847e-02,9.427955930183056221e-01,1.965382367012832088e+00,2.084632534949356408e+00
6.395000000000000684e-02,9.637390187178287437e-01,2.055010548262987680e+00,2.132330961339513831e+00
6.400000000000000133e-02,9.803950590070128479e-01,2.162128572880780197e+00,2.205364616046391557e+00
6.404999999999999583e-02,1.002822919954465597e+00,2.239061937641048328e+00,2.232759037600293262e+00
6.410000000000000420e-02,1.080496071360045995e+00,2.257911344455542313e+00,2.089698800675374724e+00
6.414999999999999869e-02,9.995247416706549703e-01,2.258056489196899719e+00,2.259130159622334766e+00
6.419999999999999318e-02,1.019644013915399272e+00,2.121529496462025932e+00,2.080657040603242525e+00
6.425000000000000155e-02,9.432900488545645779e-01,2.035648333733974358e+00,2.158030116193697445e+00
6.429999999999999605e-02,9.685215071540792531e-01,2.084960990437058737e+00,2.152725546140472623e+00
6.435000000000000442e-02,9.637392246335078072e-01,2.013091114810037663e+00,2.088833849816146060e+00
6.439999999999999891e-02,9.871563947087758084e-01,2.124530548534954377e+00,2.152172198774763512e+00
6.444999999999999341e-02,1.066808239132168934e+00,2.398134334585070526e+00,2.247952580996106509e+00
6.450000000000000178e-02,1.009749422600153768e+00,2.245859176570180082e+00,2.224174756928291696e+00
6.454999999999999627e-02,1.027064893775330834e+00,2.195701264564868804e+00,2.137840829603095738e+00
6.460000000000000464e-02,9.670373688945815838e-01,2.059541516654605608e+00,2.129743464835141875e+00
6.464999999999999913e-02,1.002822927744508208e+00,2.200132081407587759e+00,2.193938750838095419e+00
6.469999999999999363e-02,9.596164792984314129e-01,2.012096753210307565e+00,2.096771779785750134e+00
6.475000000000000200e-02,9.838581882547517976e-01,2.078602703183410672e+00,2.112705599239466103e+00
6.479999999999999649e-02,9.423005483141626559e-01,1.982788787827507226e+00,2.104199972476771041e+00
6.485000000000000486e-02,9.000835657449903771e-01,1.986854255191919050e+00,2.207410879174778628e+00
6.489999999999999936e-02,9.807248735053496480e-01,2.072808883125821122e+00,2.113547784015202158e+00
6.494999999999999385e-02,9.342201731731371028e-01,2.103170618311996698e+00,2.251257978264852078e+00
6.500000000000000222e-02,9.790757671151556485e-01,2.303538487624601228e+00,2.352768360728579644e+00
6.504999999999999671e-02,9.327358621540856598e-01,2.068086654175198991e+00,2.217226481888562972e+00
6.510000000000000508e-02,9.202025072680883877e-01,2.143014148096940019e+00,2.328850585790245287e+00
6.514999999999999958e-02,9.363641348507525386e-01,1.998501827585731583e+00,2.134321203902447284e+00
6.519999999999999407e-02,9.528548945075863141e-01,2.067802381809924928e+00,2.170112567746758536e+00
6.525000000000000244e-02,8.852415755648949114e-01,1.903713718240554353e+00,2.150501931662830657e+00
6.529999999999999694e-02,9.320761866081188618e-01,2.165741804294461392e+00,2.323567360062835263e+00
6.535000000000000531e-02,9.685214792718994659e-01,2.120513755651042942e+00,2.189433895926780060e+00
6.539999999999999980e-02,9.904547480908566515e-01,2.054891372172396036e+00,2.074694857219157029e+00
6.544999999999999429e-02,1.009419422419923773e+00,2.113214628091344860e+00,2.093495113285264608e+00
6.550000000000000266e-02,9.317463641061147772e-01,2.023339588718031656e+00,2.171556194543515783e+00
6.554999999999999716e-02,9.531848371431158595e-01,2.061343284927946495e+00,2.162585056541815653e+00
6.560000000000000553e-02,8.994238577764347431e-01,2.118008714280683602e+00,2.354850492310541110e+00
6.565000000000000002e-02,1.002493084100389176e+00,2.326740433869615821e+00,2.320954100104910989e+00
6.569999999999999452e-02,9.998547086962465968e-01,2.148388390565162176e+00,2.148700578073526213e+00
6.575000000000000289e-02,8.793047887864349210e-01,1.998286033459757194e+00,2.272574946643557858e+00
6.579999999999999738e-02,9.535146244637435764e-01,2.131531310039533000e+00,2.235446898612913902e+00
6.585000000000000575e-02,1.004472027742133511e+00,2.205861276557126160e+00,2.196040522418023500e+00
6.590000000000000024e-02,9.639041493576625541e-01,2.073621768478367766e+00,2.151273827237087488e+00
6.594999999999999474e-02,9.584618997191125533e-01,2.111885674117431222e+00,2.203411189048142482e+00
6.600000000000000311e-02,9.177288590503661636e-01,1.952949563129654287e+00,2.128024572694050764e+00
6.604999999999999760e-02,8.537436468763309749e-01,1.904111902839694226e+00,2.230308723006537708e+00
6.610000000000000597e-02,9.922687477683225232e-01,2.442738288896178389e+00,2.461770860354170143e+00
6.615000000000000047e-02,8.976098110441850242e-01,1.969284183414100386e+00,2.193920074384260399e+00
6.619999999999999496e-02,8.181227347176825981e-01,1.899686500250020504e+00,2.322006735218724138e+00
6.625000000000000333e-02,9.924335559836644505e-01,2.086871679524249679e+00,2.102782263801849627e+00
6.629999999999999782e-02,9.012380678491789254e-01,1.997126254765735576e+00,2.215980800202896006e+00
6.635000000000000620e-02,1.008429871986056270e+00,2.182205590448062171e+00,2.163963653863514303e+00
6.640000000000000069e-02,9.681917331642325708e-01,2.094269673102526319e+00,2.163073285348202202e+00
6.644999999999999518e-02,1.002658241841071662e+00,2.220528568756998222e+00,2.214641516016149669e+00
6.650000000000000355e-02,1.010738439308118020e+00,2.166477071421585077e+00,2.143459659953772078e+00
6.654999999999999805e-02,9.701707822393549341e-01,2.120298266507960605e+00,2.185489715134353528e+00
6.660000000000000642e-02,1.000184422351468427e+00,2.265718110132251439e+00,2.265300338117113732e+00
6.665000000000000091e-02,9.757774955110636306e-01,2.272926319113815374e+00,2.329348985368195901e+00
6.669999999999999540e-02,9.790758159973420582e-01,2.150783835313441195e+00,2.196749015930427262e+00
6.675000000000000377e-02,9.708303200227337282e-01,2.169734990934447438e+00,2.234927099190350042e+00
6.679999999999999827e-02,9.790758302827149429e-01,2.095533639721138375e+00,2.140318017161181974e+00
6.685000000000000664e-02,9.076693044853391124e-01,1.921147097763456824e+00,2.116571628312112541e+00
6.690000000000000113e-02,9.091535604510393442e-01,1.968742131917467164e+00,2.165467108703568400e+00
6.694999999999999563e-02,9.317464883884810645e-01,2.028667271511929826e+00,2.177273858064812995e+00
6.700000000000000400e-02,9.385077671232578966e-01,2.113860325924198591e+00,2.252363166267303818e+00
6.704999999999999849e-02,9.418059984832850562e-01,2.016792167270716085e+00,2.141409345999731872e+00
6.710000000000000686e-02,8.288420962728575425e-01,1.810432348036793426e+00,2.184291020180993748e+00
6.715000000000000135e-02,9.188832019641410831e-01,1.943831590685257238e+00,2.115428366227892099e+00
6.719999999999999585e-02,9.218518205823836853e-01,1.851256884146240900e+00,2.008193554335773623e+00
6.725000000000000422e-02,8.834275403085893874e-01,2.017650733388152595e+00,2.283889330282106389e+00
6.729999999999999871e-02,9.551637437583274659e-01,2.152393197806780734e+00,2.253428495241725393e+00
6.734999999999999321e-02,9.578022997091049096e-01,2.054035567378215799e+00,2.144529792841433746e+00
6.740000000000000158e-02,9.525251604362727775e-01,2.076993174076410043e+00,2.180512662914974253e+00
6.744999999999999607e-02,9.215220628434523942e-01,2.078008024130110432e+00,2.254973709167852114e+00
6.750000000000000444e-02,9.338900020927695111e-01,2.077169290967924464e+00,2.224211937501377800e+00
6.754999999999999893e-02,9.276238532761946765e-01,2.073706942257559138e+00,2.235504116171239453e+00
6.759999999999999343e-02,8.957957114466035264e-01,2.057334017398300574e+00,2.296655354685669170e+00
6.765000000000000180e-02,9.607707565601313338e-01,2.268198915129317150e+00,2.360811774965132948e+00
6.769999999999999629e-02,8.903538108739500467e-01,2.022496112382150990e+00,2.271564503550467240e+00
6.775000000000000466e-02,9.467531993205061669e-01,2.102885497492040567e+00,2.221154889153056811e+00
6.779999999999999916e-02,8.946414766916215289e-01,2.050789080820110577e+00,2.292302709241600844e+00
6.784999999999999365e-02,8.646276535895245363e-01,2.017221588776838548e+00,2.333052361212702319e+00
6.790000000000000202e-02,9.048659369593722301e-01,2.160099630847777785e+00,2.387204051581802933e+00
6.794999999999999651e-02,9.597813382174393837e-01,1.999418128107239179e+00,2.083201713236759289e+00
6.800000000000000488e-02,8.647925205091593348e-01,1.915748982727118133e+00,2.215270064545878270e+00
6.804999999999999938e-02,9.272937499860540722e-01,2.049226573744356905e+00,2.209900124717950387e+00
6.809999999999999387e-02,8.728732982622252612e-01,2.046384973889226355e+00,2.344423844747349772e+00
6.815000000000000224e-02,9.304269493652889134e-01,2.056140835625516861e+00,2.209889596413945334e+00
6.819999999999999674e-02,9.878162506600312032e-01,2.184819813334677452e+00,2.211767433340808164e+00
6.825000000000000511e-02,9.292726680680043483e-01,2.101234819054941472e+00,2.261160681098577818e+00
6.829999999999999960e-02,1.004637076669714801e+00,2.128264434012339557e+00,2.118441060395015896e+00
6.834999999999999409e-02,9.335604201240655931e-01,2.155863767371443807e+00,2.309292168882802532e+00
6.840000000000000246e-02,9.828688365730013921e-01,2.185588092359164403e+00,2.223682358248045166e+00
6.844999999999999696e-02,8.862310144990025451e-01,2.038182370370619889e+00,2.299831914055535442e+00
6.850000000000000533e-02,1.011068479425311084e+00,2.363024283294769212e+00,2.337155525447600191e+00
6.854999999999999982e-02,8.769959335406058987e-01,2.019112798215047633e+00,2.302305770180130828e+00
6.859999999999999432e-02,9.051958326967169954e-01,2.175583998245453010e+00,2.403440139316654900e+00
6.865000000000000269e-02,1.013047408879333311e+00,2.293157514160245825e+00,2.263623098051267934e+00
6.869999999999999718e-02,9.370235915919040703e-01,2.219554040318618249e+00,2.368728023750000133e+00
6.875000000000000555e-02,1.006615995432462274e+00,2.196020053806504890e+00,2.181586686254723073e+00
6.880000000000000004e-02,9.807247466973417760e-01,2.366535302476613811e+00,2.413047402388982743e+00
6.884999999999999454e-02,9.282833241440771044e-01,1.944196255031336973e+00,2.094399634749424699e+00
6.890000000000000291e-02,8.603399507778595190e-01,2.091196608380462951e+00,2.430663142505178786e+00
6.894999999999999740e-02,9.508762038653709725e-01,2.296815003994900017e+00,2.415472166259081899e+00
6.900000000000000577e-02,9.060202646182539121e-01,2.185756469069703556e+00,2.412480773805493861e+00
6.905000000000000027e-02,9.312517181799689903e-01,2.062936149068330671e+00,2.215229361509385431e+00
6.909999999999999476e-02,8.990939011335874476e-01,2.145607601036956247e+00,2.386411028182652050e+00
6.915000000000000313e-02,9.236658946692337668e-01,1.965171615664240479e+00,2.127578410121953922e+00
6.919999999999999762e-02,8.623188874041960439e-01,1.884063629816805641e+00,2.184880393247939701e+00
6.925000000000000600e-02,8.689152824710514311e-01,1.921401417177007742e+00,2.211264384386081527e+00
6.930000000000000049e-02,9.075045848402714110e-01,2.059014445340818789e+00,2.268874978414817445e+00
6.934999999999999498e-02,9.015676983441669456e-01,2.074463418279464122e+00,2.300951356275802162e+00
6.940000000000000335e-02,8.781503159446103490e-01,2.055325371488184949e+00,2.340516576911219282e+00
6.944999999999999785e-02,8.868908717228990435e-01,2.037979462280916199e+00,2.297892026244311658e+00
6.950000000000000622e-02,9.634092042719240023e-01,2.168424315730403951e+00,2.250782228481141178e+00
6.955000000000000071e-02,9.055255502823851277e-01,1.983327863987190964e+00,2.190250582513874722e+00
6.959999999999999520e-02,9.141010168353567167e-01,2.042213481307697531e+00,2.234122316566168553e+00
6.965000000000000357e-02,9.088235999136373700e-01,2.089138464348022861e+00,2.298728229049671334e+00
6.969999999999999807e-02,8.878801959787619991e-01,2.097625980602463969e+00,2.362510156328161859e+00
6.975000000000000644e-02,8.395611777402277598e-01,1.869159083372752050e+00,2.226352448077460355e+00
6.980000000000000093e-02,8.379120395215404749e-01,1.992450191788089686e+00,2.377875120311920387e+00
6.984999999999999543e-02,8.623190596533655272e-01,2.024736535051061548e+00,2.348013200432985670e+00
6.990000000000000380e-02,8.694101045872973943e-01,1.978281650149550597e+00,2.275429788210969306e+00
