ap,peak_cyto,peak_az,serca_max_pct,serca_delta_pct
1,2.9486966627926283,13.845916529999952,100.3341783821157,7.985710993316431
1,2.774364934418064,12.807472890000014,99.49297073058308,7.30583083659829
1,2.8042503735679896,12.807473019999984,99.10117538603365,6.856418529615112
1,2.669765897393326,16.268951847000007,99.98847660751325,7.951140815856192
1,2.8025900713929937,11.422881010999998,99.44687716063609,7.801336713528457
1,3.3206043499916986,13.499768457999986,100.40331873703619,7.674579396174238
1,3.164535945542089,18.691987160000004,99.50449412306983,7.732196358607979
1,3.5331230283911674,26.999537039999975,99.74648536529153,8.054851348236909
1,3.19608168686701,12.807472708999995,101.08319889375433,8.826918644849059
1,3.3222646521666945,16.61509955000001,98.96289467619268,7.340401014058543
1,3.3372073717416573,25.96109345,100.23046784973498,8.711684719981577
1,3.56798937406608,22.845762150000002,100.8642544365061,8.896058999769522
1,2.8706624605678237,14.192064374999994,99.52754090804333,7.2021203042175586
1,3.6094969284409766,20.768874592000007,100.25351463470847,8.100944918183927
1,3.031711771542421,12.115176889999999,99.49297073058308,7.35192440654528
1,2.965299684542587,17.653543360000004,98.34063148190828,7.294307444111553
1,3.6642869002158394,35.65323447000001,100.61073980179765,8.677114542521323
1,2.799269467043002,10.038289619999995,98.07559345471307,5.7962664208343
1,3.5231612153411924,18.691987439999995,100.97948836137358,9.115003457017735
1,3.1363108085671594,17.999691413999987,100.40331873703619,7.801336713528471
1,3.260833471691848,19.038135107,101.07167550126756,8.976722747176751
1,3.259173169516852,14.884360173,100.40331873703619,8.527310440193588
1,3.0582766063423543,16.268951857,99.80410232772529,6.914035492048868
1,2.8955669931927615,20.076579139999993,98.69785664899746,7.006222631942833
1,3.184459571642039,16.26895132000001,100.11523392486748,7.478681723899513
1,2.676407106093309,12.461324649999998,98.01797649227933,6.821848352154873
1,3.2359289390669104,13.15362115000003,101.7515556579857,9.138050241991237
1,3.3139631412917154,15.922803821999988,101.15233924867482,8.41207651532612
1,3.2359289390669104,22.499614130000005,100.25351463470847,8.031804563263435
1,3.37207371741657,22.1534665,100.2650380271952,7.801336713528457
1,2.9188112236427033,21.46117046000001,100.48398248444342,8.181608665591142
1,3.4202224804914496,14.538212360000008,100.63378658677114,8.15856188061764
1,3.770546239415574,20.768874783999987,101.97050011523392,9.529845586540674
1,2.9138303171177156,23.191910255999993,98.8476607513252,7.317354229085041
1,3.249211356466877,21.115022490000005,99.91933625259276,7.824383498501945
1,2.8042503735679896,9.692141591000004,99.17031574095414,7.709149573634477
1,3.2209862194919476,15.576655899999999,100.41484212952294,8.49274026273335
1,2.8490785322928773,15.230507950000003,99.6427748329108,7.743719751094716
1,3.1346505063921635,16.96124805000001,100.77206729661212,8.55035722516709
1,2.998505728042504,13.499768689999996,99.79257893523852,7.3749711915187675
1,2.9603187780175992,10.730585280999998,100.29960820465544,7.974187600829666
1,3.1180474846422053,16.268951786000002,99.61972804793731,7.8820004609357
1,3.450107919641375,26.307241143999995,100.81816086655913,8.481216870246612
1,3.2143450107919644,20.076578869999988,100.63378658677114,7.778289928554969
1,2.93209364104267,13.499768840000009,99.00898824613967,7.720672966121228
1,2.68802922131828,10.384437326000006,99.76953215026504,7.121456556810315
1,2.878963971442803,12.807472300000004,99.0435584235999,7.939617423369441
1,3.358791300016603,11.769028899999999,100.0,8.054851348236923
1,3.0068072389174834,17.307395720000006,99.29707305830836,7.835906890988696
1,3.2458907521168854,21.46117045399999,100.2419912422217,7.824383498501945
1,2.722895566993193,13.153621119999983,99.22793270338788,7.513251901359766
1,3.0948032541922634,18.345839187999996,99.9769532150265,8.193132058077893
1,3.0682384193923298,26.307241307,100.10371053238075,8.331412767918891
1,2.943715756267641,17.307395389999993,99.94238303756626,7.0292694169163354
1,3.1794786651170517,22.153466319999993,99.98847660751325,8.227702235538146
1,2.678067408268305,12.115177113999993,97.8220788200046,7.167550126757305
1,2.766063423543085,14.538212310000013,99.29707305830836,7.893523853422437
1,3.0250705628424375,15.230508329999985,99.41230698317585,7.179073519244071
1,2.556865349493608,11.076733250000007,98.35215487439503,6.314819082737969
1,2.973601195417566,10.730585410000018,99.79257893523852,7.582392256280244
1,3.3770546239415578,13.499768869999986,100.42636552200968,9.241760774371969
1,2.4107587580939733,13.153620940999955,99.28554966582162,6.74118460474763
1,3.3305661630416736,17.307395660000005,99.48144733809634,7.017746024429599
1,2.722895566993193,11.422881043,98.19082737958055,6.821848352154873
1,3.591233604516022,21.807318749999975,99.90781286010602,7.985710993316431
1,2.8507388344678732,17.307395572999994,99.78105554275179,7.766766536068218
1,3.0599369085173502,14.884360100000004,99.80410232772529,7.202120304217573
1,3.6227793458409434,17.65354359999997,101.38280709840977,9.299377736805724
1,3.1246886933421885,13.845916650000005,99.38926019820235,7.398017976492284
1,2.940395151917649,24.922649540000013,100.13828070984098,8.53883383268034
1,2.933753943217666,18.69198689,98.61719290159023,7.21364369670431
1,2.8490785322928773,18.691987419999993,98.89375432127218,7.374971191518782
1,3.1263489955171844,15.576656014000003,99.4007835906891,7.651532611200736
1,3.4335048978914164,14.19206451799999,100.76054390412537,9.506798801567172
1,2.9005478997177487,10.038289189999993,98.62871629407698,6.6950910348006545
1,3.3471691847916323,36.34553093,100.92187139893984,8.64254436506107
1,3.328905860866678,11.076733152000006,99.85019589767228,8.273795805485136
1,3.803752282915491,21.115022429000007,101.62479834063147,9.668126296381644
1,2.976921799767558,17.999691529999993,99.76953215026504,8.377506337865867
1,3.08816204549228,13.499768516999998,100.046093569947,7.962664208342957
1,3.4086003652664787,18.345839220000006,100.94491818391333,8.665591150034558
1,2.854059438817865,22.153465889999996,100.20742106476146,8.100944918183913
1,2.86402125186784,16.268951934999997,100.03457017746025,7.78981332104172
1,2.976921799767558,9.692141496000007,100.11523392486748,7.582392256280258
1,2.834135812717915,19.384283160000003,100.12675731735423,8.112468310670664
1,2.975261497592562,13.499768630000005,99.41230698317585,7.294307444111553
1,3.382035530466545,25.268797239999998,100.16132749481447,7.870477068448949
1,2.68802922131828,13.153620668000034,99.05508181608666,7.409541368979021
1,3.15623443466711,18.345839549999997,101.70546208803873,9.518322194053937
1,2.975261497592562,12.807472909000007,100.87577782899287,8.21617884305141
1,3.0400132824174,14.884360090000005,100.17285088730121,7.905047245909188
1,2.9951851236925124,13.153620622000004,101.42890066835677,9.518322194053937
1,2.8175327909679564,18.69198742000001,97.8451256049781,6.568333717446393
1,3.2243068238419395,14.884360289999995,101.18690942613506,8.45817008527311
1,3.1213680889921966,15.57665591999999,101.0025351463471,8.193132058077921
1,3.3255852565166863,20.076578849999997,100.59921640931091,8.953675962203278
1,2.8391167192429023,11.076733179000014,99.43535376814935,7.524775293846517
1,2.767723725718081,19.03813527000001,98.31758469693477,6.706614427287391
1,2.9088494105927283,16.96124779,100.46093569946993,8.239225628024897
1,3.465050639216338,13.845916670000005,100.74902051163863,8.40055312283937
1,2.766063423543085,10.384437319000007,99.0666052085734,7.663056003687487
1,2.787647351818031,13.153620680000001,99.23945609587463,7.593915648766995
1,2.877303669267807,18.691987137999988,98.64023968656372,7.2366904816777975
1,2.8972272953677574,20.768874319999984,100.46093569946993,8.412076515326106
1,3.164535945542089,14.538212320000017,100.76054390412537,8.458170085273096
1,2.8822845757927946,12.11517700999998,99.68886840285779,7.92809403088269
1,3.255852565166861,11.076733148999997,99.7119151878313,8.204655450564644
1,3.0931429520172675,20.076578849999997,100.05761696243374,8.723208112468313
1,3.159555039017101,14.538211989999997,101.39433049089652,8.815395252362293
1,3.0001660302174997,16.615100180000006,99.34316662825536,7.374971191518782
1,3.380375228291549,15.230508109999995,100.67988015671814,8.700161327494826
1,3.049975095467375,20.422726794,100.40331873703619,8.043327955750186
1,2.4173999667939565,14.538212309999995,98.67480986402397,6.51071675501268
1,3.3139631412917154,16.615099629999975,101.87831297533994,9.045863102097258
1,2.8723227627428196,17.307395550999995,98.99746485365291,7.812860106015208
1,3.5198406109912006,14.88436024,101.64784512560499,9.426135054159957
1,3.229287730366927,20.076579009999996,99.89628946761927,8.008757778289933
1,2.5734683712435666,21.807318413,98.37520165936851,6.464623185065676
1,2.6415407604183962,13.845916559999992,98.64023968656372,7.374971191518782
1,3.297360119541757,14.884360282000001,99.57363447799032,8.077898133210425
1,3.044994188942388,11.422881055000007,99.00898824613967,7.524775293846517
1,3.2010625933919976,9.692141470000019,101.27909656602905,8.35445955289238
1,3.0018263323924956,19.384282739999986,100.21894445724821,7.812860106015222
1,2.643201062593392,7.269105629999998,100.17285088730121,6.614427287393397
1,3.141291715092147,12.461325219999992,99.7119151878313,8.043327955750172
1,2.357629088494106,17.653543441999997,98.69785664899746,7.2021203042175586
1,2.9171509214677074,26.653389333999993,99.50449412306983,7.1329799492970665
1,2.7079528474182304,26.30724124000001,99.56211108550357,7.78981332104172
1,3.778847750290553,16.615099849999986,101.20995621110855,8.896058999769537
1,3.3455088826166364,14.192064563999987,100.74902051163863,9.725743258815399
1,3.1379711107421553,14.192064129999997,99.9769532150265,8.043327955750172
1,3.182799269467043,23.191909799999998,98.97441806867941,7.2482138741645485
1,3.098123858542255,20.422726969999996,99.98847660751325,8.58492740262733
1,3.2143450107919644,18.345839419999994,100.12675731735423,8.054851348236923
1,2.7295367756931763,15.230508151999992,99.17031574095414,7.0523162018898375
1,3.4982566827162547,18.345839260000005,100.8873012214796,8.285319197971887
1,3.1695168520670762,14.53821224,100.87577782899287,9.506798801567186
1,3.066578117217334,11.076732820000005,100.53007605439042,8.907582392256288
1,3.0151087497924625,15.57665560999996,99.79257893523852,8.527310440193588
1,2.968620288892579,15.576656004,100.046093569947,7.409541368979035
1,3.15623443466711,24.230353489999995,101.35976031343628,8.873012214796049
1,3.1678565498920808,16.268951830000002,99.82714911269878,7.92809403088269
1,3.051635397642371,14.88436093999998,99.61972804793731,7.490205116386264
1,3.1230283911671926,16.61509975999998,99.74648536529153,7.97418760082968
1,2.996845425867508,17.99969127,99.53906430053007,7.559345471306756
1,3.272455586916819,20.076578519999995,100.51855266190366,8.492740262733335
1,3.19608168686701,14.884360270000013,99.93085964507951,8.389029730352618
1,2.955337871492612,9.692141149999976,99.98847660751325,7.478681723899513
1,3.043333886767392,13.845916290000005,100.05761696243374,7.962664208342929
1,3.254192262991865,20.42272688000001,101.4865176307905,9.091956672044248
1,3.071559023742321,22.499614629999975,100.27656141968195,8.147038488130903
1,3.3903370413415246,24.23035369,99.82714911269878,8.181608665591142
1,3.119707786817201,20.76887465999999,99.26250288084813,7.513251901359766
1,2.732857380043168,11.769028729999983,99.29707305830836,6.948605669509092
1,3.294039515191765,13.153620804999994,100.74902051163863,9.195667204424993
1,3.0001660302174997,15.922803980000007,98.38672505185527,6.8333717446416244
1,2.9022082018927446,14.884360210000004,100.21894445724821,7.547822078820005
1,2.961979080192595,11.076733069999984,100.50702926941693,8.423599907812886
1,3.08816204549228,13.845916180000001,100.05761696243374,8.112468310670664
1,3.5563672588411093,14.192064779999999,100.89882461396635,8.469693477759861
1,3.066578117217334,16.268951820999998,99.80410232772529,7.812860106015222
1,3.5131994022912174,16.268952160000005,101.85526619036645,9.276330951832222
1,2.9005478997177487,22.499614275000003,99.34316662825536,7.8820004609357
1,3.3787149261165537,16.961247769999993,101.17538603364831,9.091956672044262
1,3.252531960816869,15.576655998000005,100.89882461396635,8.319889375432126
1,3.0383529802424043,14.192064569999996,100.18437427978797,7.939617423369441
1,3.297360119541757,23.884205789999992,100.5761696243374,8.285319197971873
1,3.494936078366263,11.769028719999996,101.10624567872782,8.976722747176765
1,2.8955669931927615,17.653543279999987,99.86171929015903,8.27379580548515
1,2.3924954341690188,12.115176796,98.87070753629868,7.421064761465772
1,2.634899551718413,25.614945590000016,99.55058769301682,8.043327955750172
1,3.1280092976921803,16.61509983000001,100.19589767227473,7.893523853422451
1,2.8922463888427696,25.961093119999997,99.38926019820235,6.914035492048853
1,2.555205047318612,21.11502234999998,99.89628946761927,7.97418760082968
1,3.5563672588411093,24.23035362,100.80663747407237,8.642544365061084
1,2.966959986717583,28.38412859199999,100.01152339248675,8.135515095644152
1,3.2193259173169517,13.499768730000005,100.5761696243374,8.273795805485122
1,3.4451270131163874,13.499768526000002,100.2650380271952,8.976722747176765
1,3.259173169516852,19.038135370000006,100.54159944687714,8.365982945379102
1,3.365432508716587,19.038134900000003,100.78359068909887,8.619497580087582
1,2.8391167192429023,22.84576223999999,99.34316662825536,7.628485826227248
1,3.1246886933421885,15.576656049999995,100.2419912422217,7.8820004609357
1,2.6996513365432513,13.15362078,97.92578935238534,6.960129061995843
1,3.4766727544413087,21.461170370000016,100.71445033417838,8.469693477759847
1,3.162875643367093,17.653543650000017,100.5761696243374,8.561880617653827
1,3.380375228291549,15.230508110000004,98.73242682645771,7.467158331412776
1,3.1794786651170517,21.46117046099999,99.38926019820235,7.92809403088269
1,3.0682384193923298,11.076732979999987,99.45840055312284,7.524775293846517
1,3.149593225967126,15.57665619599996,100.046093569947,8.239225628024911
1,2.7096131495932263,16.961247960000023,99.65429822539755,7.2366904816777975
1,3.5215009131661965,16.26895134000002,101.27909656602905,8.5042636552201
1,3.1280092976921803,26.99953703,100.61073980179765,8.849965429822547
1,3.207703802091981,19.03813496999999,100.67988015671814,8.953675962203278
1,3.1695168520670762,22.499614170000005,100.13828070984098,8.331412767918891
1,3.1213680889921966,19.038135190000006,99.81562572021203,8.412076515326106
1,2.930433338867674,11.769029000999998,100.42636552200968,8.020281170776684
1,3.1014444628922466,24.576501589999975,99.50449412306983,7.490205116386264
1,3.2674746803918318,17.653543800000005,100.61073980179765,7.939617423369441
1,3.1778183629420558,27.691832749999996,100.55312283936391,8.216178843051395
1,3.083181138967292,14.192064089999997,100.13828070984098,7.732196358607993
1,3.242570147766894,12.115176894000003,100.48398248444342,8.700161327494811
1,3.2176656151419563,15.230508207000007,100.51855266190366,8.481216870246598
1,3.5663290718910843,21.461170509999995,100.89882461396635,9.091956672044262
1,2.9188112236427033,8.999845719,99.72343858031805,7.674579396174224
1,3.2110244064419726,10.038289439999996,100.18437427978797,8.077898133210425
1,2.887265482317782,18.69198713,99.53906430053007,7.501728508873015
1,2.8374564170679064,12.461324629,98.490435584236,6.798801567181371
1,3.5962145110410098,21.46117056000001,100.84120765153261,8.59645079511408
1,3.0250705628424375,15.230508319999998,99.78105554275179,7.812860106015208
1,3.2326083347169186,19.730430939999994,100.3341783821157,8.665591150034572
1,3.3206043499916986,16.615099880000006,99.87324268264577,8.481216870246598
1,3.164535945542089,16.961247599999997,101.02558193132059,9.184143811938242
1,3.131329902042172,12.461324600000003,99.48144733809634,7.236690481677812
1,3.0283911671924293,15.230508330000012,101.31366674348928,8.515787047706837
1,3.074879628092313,17.30739562999999,100.50702926941693,8.135515095644166
1,2.66810559521833,17.999691509999998,98.29453791196127,6.268725512790951
1,2.769384027893077,18.34583952999999,100.61073980179765,8.746254897441801
1,2.86402125186784,17.999691366000004,99.0896519935469,7.363447799032031
1,3.066578117217334,17.653543340000006,99.7580087577783,7.674579396174252
1,3.031711771542421,13.845916537999985,100.63378658677114,7.997234385803168
1,3.17615806076706,16.615099800000014,99.82714911269878,8.296842590458624
1,3.7057944545907358,16.615099737,101.79764922793271,8.619497580087582
1,2.767723725718081,14.884360403999993,99.94238303756626,7.847430283475447
1,2.8025900713929937,15.576656130000002,99.43535376814935,7.271260659138065
1,3.4152415739664623,15.230507969999996,100.42636552200968,7.593915648766995
1,3.0931429520172675,18.345839238000007,100.84120765153261,8.873012214796034
1,2.9935248215175165,16.961247589000003,100.11523392486748,8.884535607282785
1,2.93209364104267,16.615099752999992,99.29707305830836,7.3864945840055185
1,3.1994022912170017,14.192064274,101.54413459322424,9.218713989398466
1,3.152913830317118,17.307395560000007,100.34570177460245,7.847430283475447
1,3.066578117217334,21.80731869999999,100.09218713989398,7.4441115464392595
1,3.7439814046156403,16.961247439999998,100.87577782899287,8.631020972574333
1,3.10808567159223,9.69214157000001,99.87324268264577,7.686102788660975
1,3.0068072389174834,16.961247663,100.97948836137358,8.792348467388791
1,3.252531960816869,28.384128637999986,99.98847660751325,7.962664208342929
1,2.744479495268139,15.576656050000002,99.59668126296381,8.342936160405614
1,3.353810393491616,14.538212069999997,100.94491818391333,8.389029730352604
1,2.787647351818031,11.422881240000002,99.86171929015903,8.135515095644166
1,3.1114062759422216,18.691987130000008,100.80663747407237,8.112468310670664
1,3.0798605346173007,12.115176969999998,100.9103480064531,8.677114542521323
1,3.0815208367922966,13.153620669999997,99.93085964507951,8.607974187600817
1,3.0018263323924956,9.692141029999986,100.20742106476146,8.204655450564644
1,2.689689523493276,9.34599370800003,98.82461396635169,6.568333717446421
1,2.9486966627926283,12.80747225,99.52754090804333,7.467158331412776
1,3.395317947866512,16.961247840000006,99.87324268264577,7.570868863793493
1,3.3023410260667445,24.92264960000002,99.88476607513252,7.789813321041706
1,3.08816204549228,23.19191010000001,100.55312283936391,8.135515095644152
1,2.965299684542587,12.80747252999999,99.96542982253975,7.686102788660975
1,3.0068072389174834,16.615100050000002,99.57363447799032,7.720672966121228
1,3.269134982566827,29.07642449999999,99.49297073058308,8.031804563263421
1,3.370413415241574,13.49976834999999,100.85273104401935,8.711684719981548
1,3.151253528142122,17.653543389999985,100.49550587693017,8.64254436506107
1,2.9503569649676242,15.922803913999989,99.05508181608666,7.766766536068218
1,3.131329902042172,15.576656180000006,100.78359068909887,9.1265268495045
1,3.1894404781670267,12.807472739999984,100.21894445724821,7.732196358607979
1,2.985223310642537,20.076578933999986,100.25351463470847,7.939617423369455
1,3.098123858542255,19.038135060000013,101.16386264116156,8.250749020511634
1,2.7727046322430686,13.499768558999996,99.38926019820235,7.305830836598304
1,2.6930101278432677,12.807472735,98.45586540677576,6.718137819774142
1,2.875643367092811,18.69198746999999,99.21640931090113,7.559345471306756
1,3.3455088826166364,10.038289464,100.13828070984098,8.135515095644166
1,3.0001660302174997,16.268951989999987,100.54159944687714,8.412076515326092
1,2.752781006143118,22.49961443,99.67734501037106,7.409541368979035
1,3.031711771542421,16.26895181500001,100.27656141968195,8.227702235538132
1,3.3222646521666945,19.384283044999993,101.10624567872782,8.988246139663516
1,3.4982566827162547,13.845916550000005,101.16386264116156,9.241760774371969
1,2.8092312800929773,8.999845700999995,98.97441806867941,7.16755012675732
1,3.3106425369417236,22.15346643,100.11523392486748,8.389029730352618
1,2.9486966627926283,20.422726949999998,99.68886840285779,7.363447799032016
1,2.747800099618131,11.76902892999999,99.29707305830836,6.867941922101863
1,2.9254524323426865,14.19206436,100.9333947914266,8.043327955750172
1,3.3322264652166695,17.65354376999998,100.20742106476146,8.412076515326106
1,3.15623443466711,13.845916544000003,101.56718137819773,9.184143811938227
1,3.17615806076706,21.461170619999983,100.39179534454942,7.939617423369427
1,3.2160053129669603,16.961247760000003,99.68886840285779,7.939617423369427
1,2.689689523493276,17.307395529999983,98.91680110624567,6.752707997234381
1,2.9486966627926283,12.461324620000003,99.94238303756626,8.999769532150268
1,3.1230283911671926,15.57665581999999,99.15879234846739,7.789813321041706
1,3.305661630416736,11.769028759999996,100.34570177460245,8.930629177229775
1,2.6813880126182967,17.65354375,99.43535376814935,7.490205116386278
1,3.063257512867342,11.76902932999999,99.0435584235999,7.455634938926025
1,3.295699817366761,17.307395990000042,101.17538603364831,8.734731504955064
1,3.186119873817035,20.07657918,99.95390643005301,7.709149573634477
1,3.8519010459903704,21.461170220000003,101.80917262041945,9.898594146116608
1,3.5198406109912006,17.30739565,100.6222631942844,8.942152569716527
1,2.7195749626432013,15.230508029999996,99.81562572021203,7.4441115464392595
1,3.4351652000664123,17.999691396999996,100.03457017746025,7.962664208342943
1,3.4036194587414914,19.38428300000001,101.33671352846278,8.45817008527311
1,3.3089822347667277,11.769028859999995,100.49550587693017,8.296842590458624
1,3.119707786817201,18.34583939,100.40331873703619,8.158561880617654
1,3.1114062759422216,20.422726956,99.90781286010602,7.939617423369441
1,2.9154906192927115,15.576656119999999,99.58515787047708,7.132979949297081
1,3.252531960816869,14.19206438,99.52754090804333,7.513251901359766
1,3.1346505063921635,13.499768110000007,99.18183913344089,7.720672966121228
1,3.5364436327411592,15.230508820000022,101.15233924867482,9.218713989398495
1,3.1014444628922466,14.884360200999996,100.36874855957593,8.181608665591142
1,3.0997841607172507,14.88436012,99.65429822539755,7.674579396174238
1,3.265814378216836,19.038134959999987,101.02558193132059,8.435123300299608
1,3.066578117217334,16.615099489999995,100.53007605439042,8.054851348236923
1,3.053295699817367,40.845453551000006,99.51601751555657,8.158561880617654
1,3.1147268802922135,17.65354358000001,100.12675731735423,8.273795805485136
1,3.2475510542918813,19.73043102,101.0025351463471,8.043327955750186
1,3.6310808567159225,27.69183256999998,101.76307905047246,9.16109702696474
1,3.338867673916653,13.153620600999982,100.54159944687714,8.44664669278633
1,3.6659472023908353,16.61509973,100.92187139893984,8.469693477759847
1,3.275776191266811,15.57665568,100.81816086655913,8.123991703157415
1,2.9005478997177487,16.26895174,100.20742106476146,8.15856188061764
1,3.254192262991865,21.46117072000001,101.02558193132059,8.40055312283937
1,3.129669599867176,16.26895215000001,99.43535376814935,7.351924406545308
1,3.164535945542089,17.653543129999992,99.91933625259276,8.112468310670664
1,3.242570147766894,18.345839320000014,101.33671352846278,9.368518091726202
1,3.2276274281919313,10.730585269999992,101.31366674348928,8.700161327494811
1,3.0383529802424043,12.115177000000012,100.9333947914266,8.296842590458624
1,3.1130665781172175,22.153466332999997,100.16132749481447,7.524775293846503
1,3.084841441142288,17.307395499999988,99.78105554275179,7.858953675962198
1,3.3554706956666114,17.307395663999984,101.62479834063147,9.253284166858705
1,2.9188112236427033,15.230507959999999,100.82968425904586,8.68863793500806
1,3.6460235762908852,13.499768390000007,101.47499423830375,9.16109702696474
1,2.855719740992861,16.615099809999993,98.89375432127218,7.236690481677812
1,3.154574132492114,15.576655795999988,100.55312283936391,7.778289928554955
1,3.240909845591898,16.961247920000005,101.0025351463471,9.391564876699718
1,3.0267308650174334,8.999845670000006,100.13828070984098,7.374971191518796
1,3.0798605346173007,16.615099728999994,100.84120765153261,7.582392256280258
1,2.9287730366926783,12.461324590000007,98.87070753629868,7.524775293846503
1,3.649344180640877,22.499614180000005,100.35722516708918,7.985710993316417
1,3.305661630416736,13.499768640000001,99.6427748329108,7.789813321041706
1,3.1114062759422216,14.538212049999988,100.2650380271952,7.951140815856192
1,3.3106425369417236,12.115176669999991,100.65683337174465,8.239225628024897
1,3.285738004316786,17.999691360000003,100.89882461396635,7.916570638395953
1,2.6946704300182636,13.845916431999994,99.20488591841438,7.006222631942833
1,2.878963971442803,22.845762141999995,99.50449412306983,7.905047245909188
1,3.194421384692014,13.499768394000009,99.82714911269878,7.97418760082968
1,2.742819193093143,13.153620468,98.99746485365291,7.0868863793500765
1,3.2243068238419395,20.42272688999999,99.44687716063609,7.478681723899513
1,3.056616304167359,17.653543570000018,100.65683337174465,8.711684719981577
1,2.787647351818031,7.615254130000004,99.83867250518553,7.109933164323579
1,3.0400132824174,8.999846210000008,100.09218713989398,7.640009218713985
1,3.4899551718412756,15.230508289999994,101.23300299608205,9.103480064530999
1,3.1064253694172344,11.076733269999991,99.44687716063609,7.317354229085041
1,3.5962145110410098,17.307395990000007,101.46347084581701,8.435123300299622
1,3.2060434999169853,17.30739535,100.50702926941693,8.354459552892394
1,3.0698987215673257,12.807472470000008,100.94491818391333,9.011292924637004
1,3.360451602191599,17.653543498999998,100.34570177460245,8.158561880617654
1,2.6066744147434835,16.96124776899999,98.89375432127218,7.616962433740483
1,2.862360949692844,20.42272660999999,100.59921640931091,7.905047245909202
1,3.096463556367259,14.192064080000002,100.02304678497349,8.273795805485122
1,3.054956001992363,23.19191016899999,101.03710532380732,9.068909887070745
1,3.5298024240411756,13.499768260000002,101.4404240608435,8.515787047706823
1,3.4550888261663624,12.461325190000014,100.81816086655913,8.849965429822547
1,3.3089822347667277,23.88420581000001,99.27402627333487,7.559345471306756
1,3.2143450107919644,17.307395560000007,100.11523392486748,7.455634938926025
1,2.9055288062427365,15.922804027000002,99.12422217100715,6.914035492048868
1,2.590071392993525,14.8843601,97.9142659598986,6.487669970039178
1,3.2442304499418895,15.576655990000003,101.06015210878083,8.631020972574333
1,3.056616304167359,11.076732810000001,98.72090343397096,7.236690481677812
1,3.174497758592064,21.115022610000004,100.2419912422217,7.893523853422437
1,3.043333886767392,13.153620359999994,100.9103480064531,7.801336713528471
1,3.4799933587913,22.499614300000008,100.77206729661212,7.951140815856178
1,2.945376058442637,23.191909837999994,99.49297073058308,7.593915648766995
1,3.142952017267143,25.26879775,102.27010831988939,10.647614657755256
1,2.97194089324257,20.768874811999986,99.81562572021203,7.709149573634477
1,2.888925784492778,16.268951540000018,99.81562572021203,7.640009218713985
1,3.0267308650174334,15.230508419999989,100.58769301682415,8.389029730352604
1,3.2259671260169354,14.88436047999998,100.05761696243374,8.100944918183913
1,3.142952017267143,20.768874810000014,99.51601751555657,7.040792809403072
1,2.6149759256184626,10.730585255,99.05508181608666,6.914035492048853
1,3.240909845591898,13.49976866999997,99.98847660751325,7.663056003687473
1,3.0084675410924793,12.461324859999994,101.33671352846278,8.216178843051395
1,3.197741989042006,19.730430789000003,100.10371053238075,8.31988937543214
1,3.2060434999169853,20.422726579999992,100.3341783821157,8.296842590458638
1,3.5879130001660307,16.615099720000007,100.05761696243374,8.53883383268034
1,3.858542254690354,17.999691540000004,102.03964047015441,9.864023968656369
1,3.373734019591566,24.230353774,100.97948836137358,8.711684719981562
1,2.8291549061929273,14.192064529999987,98.83613735883844,6.9831758469693455
1,2.4821517516187948,15.230507650000005,98.60566950910348,6.775754782207883
1,3.3770546239415578,15.922803770000003,99.45840055312284,7.616962433740497
1,3.3554706956666114,11.076732919999971,100.3802719520627,8.066374740723688
1,3.338867673916653,17.999691519999995,101.06015210878083,8.365982945379116
1,3.0184293541424543,18.345839189999992,98.57109933164323,7.0292694169163354
1,3.581271791466047,26.65338916000001,101.5787047706845,8.780825074902054
1,3.1695168520670762,22.49961431000003,100.66835676423138,8.527310440193574
1,2.888925784492778,16.961247729999975,100.63378658677114,8.02028117077667
1,3.139631412917151,16.961247800000006,101.04862871629408,8.100944918183913
1,3.182799269467043,15.230507953000009,100.20742106476146,8.273795805485136
1,3.4335048978914164,17.653543484999993,101.04862871629408,8.746254897441801
1,3.098123858542255,15.576655969999994,100.2650380271952,8.412076515326106
1,3.2143450107919644,23.191910070000002,100.3802719520627,7.951140815856206
1,2.869002158392828,16.615099540000017,99.7119151878313,7.616962433740483
1,2.8839448779677905,11.422880939999995,99.43535376814935,7.294307444111553
1,3.3139631412917154,13.153620601999998,100.06914035492049,8.135515095644166
1,3.6211190436659475,15.230507967,102.1779211799954,9.40308826918644
1,3.571309978416072,22.49961419999999,102.03964047015441,8.953675962203278
1,3.1114062759422216,15.922804219999998,99.94238303756626,7.962664208342943
1,3.139631412917151,16.268951773999987,99.56211108550357,8.089421525697162
1,3.5663290718910843,19.038135160000003,101.33671352846278,9.241760774371969
1,3.259173169516852,13.153620630000002,100.73749711915187,7.97418760082968
1,3.4766727544413087,13.153620544999995,100.59921640931091,8.826918644849059
1,2.6913498256682717,11.422881111000002,99.81562572021203,8.469693477759847
1,2.7311970778681722,10.038289760000012,97.45333026042867,6.579857109933158
1,3.475012452266313,21.115022509999978,101.17538603364831,8.435123300299608
1,3.152913830317118,10.73058491000001,99.63125144042407,7.674579396174238
1,2.9603187780175992,9.345993623999993,99.1357455634939,7.593915648767009
1,2.6415407604183962,14.538212484999997,98.68633325651072,7.490205116386264
1,2.852399136642869,11.769028966999993,99.50449412306983,7.421064761465786
1,2.8042503735679896,12.807472489999999,99.3777368057156,7.1329799492970665
1,3.252531960816869,15.576656030000011,100.43788891449643,7.92809403088269
1,2.545243234268637,17.999691520000013,98.43281862180226,6.211108550357224
1,3.4418064087663955,19.38428303999998,100.76054390412537,9.034339709610506
1,2.9586584758426038,13.153620559999993,99.7580087577783,7.07536298686334
1,3.7556035198406112,19.384283048999997,101.63632173311822,8.930629177229775
1,3.240909845591898,20.07657861,101.02558193132059,8.36598294537913
1,3.1130665781172175,14.192064302000002,100.80663747407237,8.550357225167105
1,3.17615806076706,14.19206446999997,100.14980410232772,8.02028117077667
1,2.766063423543085,22.845761820000018,100.18437427978797,8.35445955289238
1,3.679229619790802,26.307241450000003,100.80663747407237,8.838442037335795
1,2.787647351818031,11.422881081999996,98.58262272412999,6.9831758469693455
1,3.2209862194919476,15.92280417999999,101.2445263885688,8.296842590458638
1,3.064917815042338,12.115176910000008,99.95390643005301,7.893523853422451
1,3.1329902042171676,27.345684870000007,99.44687716063609,7.674579396174238
1,3.066578117217334,28.384129050000002,100.65683337174465,8.031804563263435
1,3.3255852565166863,13.845916468999993,100.70292694169163,8.757778289928552
1,2.724555869168189,26.99953704000001,99.22793270338788,6.672044249827152
1,3.194421384692014,18.691987200000003,99.7580087577783,7.455634938926025
1,3.262493773866844,29.42257254400001,100.71445033417838,8.35445955289238
1,2.862360949692844,29.76872033000001,100.89882461396635,8.5042636552201
1,3.70413415241574,25.614945529000003,103.13436275639549,10.129061995851586
1,2.767723725718081,15.230508079999991,99.05508181608666,6.821848352154873
1,3.3870164369915328,15.922803810000003,100.01152339248675,7.985710993316431
1,2.779345840943052,9.692141502000004,98.96289467619268,7.017746024429599
1,3.3670928108915827,15.576656139999999,100.5761696243374,8.515787047706837
1,2.873983064917815,14.884360179999991,99.74648536529153,7.109933164323564
1,3.1114062759422216,11.076733449999999,100.17285088730121,8.170085273104391
1,3.2060434999169853,26.999537061999998,100.58769301682415,8.5042636552201
1,2.6730865017433176,11.769029096000034,99.88476607513252,7.789813321041706
1,3.3023410260667445,16.96124781,100.48398248444342,7.640009218713985
1,3.342188278266645,15.230507980000008,100.16132749481447,7.847430283475461
1,2.779345840943052,13.845916410000005,99.81562572021203,7.386494584005533
1,2.5933919973435167,8.999845744999991,98.96289467619268,7.732196358607979
1,3.239249543416902,16.615099775,100.55312283936391,8.64254436506107
1,2.986883612817533,15.576655970000012,99.93085964507951,7.778289928554969
1,3.083181138967292,11.076733142000002,99.78105554275179,7.559345471306756
1,3.0599369085173502,13.499768508000008,100.01152339248675,7.870477068448949
1,3.475012452266313,26.307241009999984,100.8873012214796,9.057386494584009
1,3.0217499584924457,13.499768950000004,100.046093569947,7.640009218714013
1,4.006309148264984,18.345839050000016,101.67089191057848,9.045863102097258
1,3.1462726216171344,16.961247760000006,100.046093569947,7.905047245909202
1,3.1678565498920808,12.807472719999998,99.93085964507951,7.374971191518782
1,2.975261497592562,14.192064439999996,99.18183913344089,7.490205116386264
1,3.3670928108915827,15.576656156000004,100.2419912422217,8.884535607282785
1,3.4235430848414414,16.268952160000023,101.45194745333026,9.25328416685872
1,2.986883612817533,15.230508029000005,99.28554966582162,7.063839594376589
1,2.95201726714262,11.422880939999995,98.89375432127218,7.2943074441115385
1,3.1894404781670267,20.076578800000004,100.5761696243374,8.054851348236909
1,3.1994022912170017,12.461324740000002,100.32265498962896,8.31988937543214
1,3.1678565498920808,16.9612475,100.5761696243374,8.400553122839355
1,3.662626598040844,20.76887486,100.76054390412537,9.184143811938227
1,3.043333886767392,17.307395140000008,99.87324268264577,8.170085273104391
1,2.9088494105927283,13.153620349999972,100.56464623185066,7.905047245909202
1,3.475012452266313,13.153620219999995,101.76307905047246,8.861488822309283
1,3.1097459737672257,15.922804219999971,100.18437427978797,8.239225628024897
1,2.830815208367923,14.192064110000015,99.38926019820235,7.893523853422451
1,3.131329902042172,21.807318289999987,100.47245909195668,8.44664669278636
1,3.4019591565664955,12.807472750000006,99.78105554275179,8.112468310670664
1,3.2342686368919145,23.884205909999984,100.14980410232772,8.054851348236909
1,3.458409430516354,16.268951920000003,100.23046784973498,8.561880617653856
1,2.8241739996679396,15.922803590000004,98.21387416455406,6.925558884535619
1,3.37207371741657,19.730431250000006,100.21894445724821,8.654067757547821
1,2.8125518844429687,15.230508088999992,99.61972804793731,7.179073519244071
1,3.0051469367424875,17.99969128,99.26250288084813,7.893523853422451
1,2.965299684542587,20.768874569999962,99.98847660751325,8.193132058077893
1,2.9038685040677406,12.807472522000008,99.0666052085734,8.077898133210425
1,2.8607006475178482,17.653543469999985,99.76953215026504,7.421064761465772
1,2.8723227627428196,16.96124729999999,99.67734501037106,7.847430283475461
1,3.1811389672920476,14.192064289999996,100.09218713989398,7.939617423369441
1,3.076539930267309,20.768874747999998,99.57363447799032,7.0984097718368275
1,2.6963307321932595,13.845916910000012,99.60820465545056,7.720672966121228
1,2.6515025734683713,15.922803928999999,98.69785664899746,7.2482138741645485
1,3.066578117217334,25.268797619999994,100.41484212952294,7.997234385803182
1,3.166196247717085,14.884360166000004,100.2880848121687,8.239225628024883
1,2.742819193093143,13.845916477999994,98.90527771375893,6.487669970039178
1,3.328905860866678,16.96124767999999,100.2419912422217,7.8820004609357
1,3.1927610825170185,19.73043106000001,98.98594146116618,7.974187600829694
1,3.6128175327909684,15.576655709999986,101.46347084581701,8.677114542521323
1,3.129669599867176,12.807472750000002,99.80410232772529,8.331412767918877
1,3.207703802091981,13.84591608999998,99.82714911269878,8.331412767918877
1,2.5635065581935916,11.422881130999963,99.63125144042407,7.248213874164563
1,3.2375892412419063,15.576655989999987,100.41484212952294,8.135515095644166
1,2.9902042171675247,14.538212291999967,100.99101175386033,8.942152569716512
1,3.1346505063921635,11.422881079999994,100.2650380271952,8.446646692786345
1,3.252531960816869,19.730430839999993,100.65683337174465,8.769301682415318
1,2.66810559521833,28.037980590000014,100.21894445724821,7.743719751094716
1,2.9071891084177324,14.538211839999967,99.60820465545056,8.077898133210411
1,2.58010957994355,9.345993636999983,98.66328647153722,6.64899746485365
1,2.6996513365432513,21.80731831,98.89375432127218,6.55681032495967
1,3.4235430848414414,23.884205649000005,100.48398248444342,7.939617423369427
1,2.6847086169682886,7.961402025000001,98.92832449873242,7.156026734270569
1,2.9387348497426533,12.461324870000006,98.4673887992625,6.960129061995843
1,2.84409762576789,12.80747326,99.0666052085734,7.501728508873015
1,3.073219325917317,17.307395539999998,99.43535376814935,7.524775293846517
1,3.4202224804914496,17.653543249999977,101.03710532380732,9.472228624106933
1,2.8507388344678732,18.69198723799999,99.57363447799032,7.870477068448949
1,2.3891748298190274,11.422881062999995,99.90781286010602,7.69762618114774
1,2.8258343018429355,13.499768420000011,99.72343858031805,7.386494584005533
1,2.996845425867508,20.07657894,99.3777368057156,7.812860106015208
1,2.885605180142786,11.42288097,98.89375432127218,6.683567642313903
1,3.5281421218661797,20.768874620000002,100.18437427978797,7.916570638395953
1,3.086501743317284,14.192064370999997,99.90781286010602,7.812860106015208
1,2.764403121368089,14.884360139999995,99.22793270338788,7.893523853422451
1,3.4152415739664623,20.07657883699999,100.99101175386033,8.481216870246598
1,3.0815208367922966,11.76902926000001,99.0205116386264,7.2827840516247875
1,3.297360119541757,15.576655958000002,100.80663747407237,9.057386494584009
1,2.9902042171675247,9.345993614000001,98.536529154183,6.7872781746946345
1,3.049975095467375,13.153620470000007,100.2419912422217,8.077898133210411
1,3.3787149261165537,11.769029249999988,99.70039179534454,7.743719751094716
1,3.249211356466877,10.03828959,99.89628946761927,8.066374740723674
1,2.666445293043334,16.961247479999997,99.18183913344089,7.07536298686334
1,3.0483147932923793,12.807472629999998,99.21640931090113,7.363447799032031
1,2.9835630084675415,11.769029032000004,101.11776907121457,8.561880617653841
1,3.139631412917151,15.23050830199997,100.31113159714221,7.582392256280258
1,3.043333886767392,12.115176979999967,99.76953215026504,8.861488822309298
1,2.867341856217832,11.769029167999987,99.43535376814935,7.386494584005533
1,3.2475510542918813,14.884360590000002,100.36874855957593,7.478681723899513
1,3.475012452266313,10.384437320000014,100.84120765153261,8.135515095644166
1,3.4036194587414914,17.999691388000013,101.1292924637013,9.241760774371969
1,3.149593225967126,17.653543536,100.046093569947,9.08043327955751
1,3.2259671260169354,26.999537169999996,99.9769532150265,8.043327955750172
1,2.8059106757429855,10.730585529999999,99.9769532150265,7.812860106015208
1,3.2774364934418068,13.845916490000006,100.05761696243374,7.605439041253746
1,3.197741989042006,15.230507919999992,99.23945609587463,7.83590689098871
1,3.1180474846422053,17.99969184999998,100.46093569946993,8.319889375432126
1,3.230948032541923,24.92264945,100.17285088730121,7.951140815856178
1,3.239249543416902,22.153466369999986,99.78105554275179,7.640009218713985
1,3.2209862194919476,15.922803960000003,99.79257893523852,7.674579396174224
1,3.503237589241242,16.268951885,101.35976031343628,8.677114542521323
1,3.2442304499418895,18.345839169999973,100.59921640931091,8.757778289928567
1,2.9603187780175992,19.730431109999998,100.53007605439042,8.435123300299608
1,3.4019591565664955,17.307395500000005,100.39179534454942,8.077898133210411
1,3.2774364934418068,18.691987280000003,101.46347084581701,8.607974187600846
1,3.239249543416902,15.576656161999995,100.3341783821157,8.389029730352618
1,3.086501743317284,12.11517698999999,99.48144733809634,7.65153261120075
1,3.2375892412419063,16.615099840000006,98.67480986402397,7.063839594376589
1,3.473352150091317,16.268951510000004,100.84120765153261,9.16109702696474
1,2.7859870496430355,11.422881610000015,99.05508181608666,7.559345471306756
1,3.274115889091815,11.422881219999994,100.21894445724821,7.35192440654528
1,2.9902042171675247,12.115176520000013,99.6658216178843,7.398017976492284
1,3.516520006641209,22.153466509999976,100.56464623185066,8.204655450564658
1,3.08816204549228,9.692141399999997,100.19589767227473,7.524775293846517
1,3.6061763240909848,30.80716415399999,100.23046784973498,8.031804563263435
1,3.230948032541923,20.076578810000015,99.78105554275179,8.412076515326106
1,2.5037356798937407,13.845916440999991,99.07812860106016,6.222631942843989
1,2.734517682218164,12.461324806000004,99.42383037566259,7.35192440654528
1,2.9121700149427197,9.69214175000001,98.81309057386495,7.006222631942862
1,3.458409430516354,7.961402289999985,100.09218713989398,8.100944918183913
1,2.734517682218164,11.076733159000002,98.96289467619268,7.444111546439274
1,3.033372073717417,12.11517697199998,100.65683337174465,8.584927402627343
1,3.1180474846422053,14.884360169000013,99.67734501037106,6.683567642313903
1,3.066578117217334,17.653543415999998,100.21894445724821,8.285319197971887
1,2.465548729868836,14.884360109999978,98.19082737958055,6.764231389721132
1,3.1695168520670762,22.153466079999973,100.08066374740723,7.709149573634463
1,2.9387348497426533,9.34599385999997,99.42383037566259,7.30583083659829
1,3.2060434999169853,17.65354381,100.13828070984098,8.227702235538146
1,3.0234102606674416,16.615099309999994,100.87577782899287,8.423599907812871
1,2.8490785322928773,12.115176559999988,98.95137128370592,7.144503341783832
1,2.9088494105927283,14.538212106000007,99.74648536529153,7.824383498501945
1,3.274115889091815,13.153620558000004,100.32265498962896,8.654067757547836
1,3.0350323758924125,13.499768459999993,100.41484212952294,8.227702235538146
1,2.9603187780175992,11.769029219999993,99.00898824613967,7.006222631942848
1,3.589573302341026,12.115177015,101.69393869555196,8.82691864484903
1,3.1329902042171676,21.115022769999996,98.57109933164323,7.640009218713985
1,3.162875643367093,16.268951790000003,100.08066374740723,7.686102788660975
1,2.7494604017931263,13.15362074000001,99.03203503111317,6.925558884535619
1,3.0234102606674416,16.26895181,100.02304678497349,8.11246831067065
1,3.3372073717416573,16.961247409999995,100.74902051163863,8.481216870246612
1,3.5082184957662297,18.691987170000008,100.9564415764001,8.435123300299608
1,3.1578947368421053,13.153620440000003,100.47245909195668,8.41207651532612
1,2.95201726714262,15.922804079999997,100.44941230698316,7.974187600829666
1,3.1280092976921803,13.845916899999999,99.79257893523852,7.801336713528457
1,3.3189440478167027,26.30724156,100.42636552200968,8.504263655220086
1,2.7959488626930105,11.076733469999947,99.26250288084813,7.374971191518796
1,2.97194089324257,10.384437327,99.45840055312284,7.74371975109473
1,2.77602523659306,25.614945365999986,99.0205116386264,7.156026734270554
1,3.297360119541757,13.499768269999999,100.01152339248675,8.677114542521323
1,3.086501743317284,12.115176822,99.30859645079512,7.040792809403101
1,3.074879628092313,12.807471779999954,100.03457017746025,8.285319197971887
1,3.4335048978914164,14.884360129999996,100.35722516708918,8.481216870246584
1,3.473352150091317,12.807472870000005,100.20742106476146,8.73473150495505
1,3.3870164369915328,18.345839530000006,100.53007605439042,8.193132058077907
1,2.6382201560684044,15.576655850000009,99.10117538603365,6.879465314588614
1,3.0068072389174834,15.57665595699999,100.02304678497349,8.492740262733335
1,3.360451602191599,21.46117072500002,100.05761696243374,7.997234385803182
1,2.7311970778681722,13.499768670000023,98.5134823692095,6.7872781746946345
1,3.1894404781670267,24.230353799999996,99.68886840285779,7.35192440654528
1,3.385356134816537,16.268952024000008,99.44687716063609,7.8820004609357
1,3.2873983064917818,14.538212173999991,100.2880848121687,8.40055312283937
1,2.8009297692179977,13.845915010000029,100.2419912422217,8.469693477759847
1,2.869002158392828,14.192064050000006,100.01152339248675,7.720672966121228
1,2.810891582267973,11.769028911999996,99.88476607513252,7.709149573634477
1,3.2674746803918318,15.230508250000003,99.50449412306983,7.616962433740497
1,3.1363108085671594,14.538212439999965,100.27656141968195,8.826918644849044
1,2.9902042171675247,19.730430799999986,100.02304678497349,7.559345471306742
1,2.922131827992695,11.076733149999965,99.91933625259276,7.3404010140585285
1,3.0466544911173834,15.230508279999981,99.50449412306983,7.985710993316431
1,2.8092312800929773,26.653389088999997,98.93984789121917,7.386494584005533
1,3.504897891416238,20.076578939999994,100.39179534454942,8.147038488130889
1,3.242570147766894,21.115022589,100.84120765153261,8.59645079511408
1,2.8607006475178482,20.422726616999988,98.97441806867941,6.856418529615112
1,2.9171509214677074,12.461324479999986,99.17031574095414,7.674579396174238
1,3.1114062759422216,21.11502258000001,99.46992394560958,7.536298686333254
1,2.9819027062925456,15.230508149999995,100.2880848121687,8.135515095644166
1,3.483313963141292,16.61509991999998,101.02558193132059,9.11500345701775
1,3.030051469367425,11.076733222000005,99.86171929015903,7.939617423369441
1,3.2243068238419395,10.038289431000003,101.01405853883382,8.400553122839355
1,2.942055454092645,13.153620514000002,100.44941230698316,7.709149573634463
1,2.854059438817865,18.69198724999999,99.0205116386264,7.513251901359752
1,3.803752282915491,15.230507830000004,101.70546208803873,9.356994699239465
1,3.1114062759422216,13.15362024999999,99.60820465545056,7.340401014058543
1,3.1578947368421053,25.268797810000006,99.46992394560958,7.755243143581467
1,3.064917815042338,14.884359979999992,100.02304678497349,7.997234385803168
1,2.943715756267641,15.922803999999989,100.76054390412537,8.204655450564644
1,3.139631412917151,12.461325059999984,100.82968425904586,8.389029730352618
1,3.338867673916653,19.038135259999976,100.71445033417838,8.573404010140578
1,2.9819027062925456,23.538057980000016,100.21894445724821,7.893523853422437
1,3.239249543416902,20.076578579999985,101.11776907121457,8.389029730352618
1,3.4418064087663955,15.576656300000007,100.63378658677114,8.527310440193588
1,3.0898223476672757,18.691987069999982,99.80410232772529,8.193132058077907
1,3.064917815042338,14.884360609999993,99.0896519935469,7.1905969117308075
1,2.9105097127677237,10.384437469999991,100.11523392486748,8.089421525697162
1,2.746139797443135,20.076578678,99.0666052085734,7.16755012675732
1,3.084841441142288,16.615099596,99.67734501037106,7.92809403088269
1,3.4252033870164373,12.461324609999998,100.51855266190366,8.67711454252131
1,3.0217499584924457,17.307395391000004,98.96289467619268,7.570868863793507
1,3.282417399966794,20.76887485,99.29707305830836,7.5939156487669806
1,3.7240577785156903,19.03813506,101.41737727587001,9.080433279557496
1,2.8939066910177655,8.307549719999999,99.88476607513252,8.112468310670664
1,3.5879130001660307,19.730430899999995,100.3341783821157,8.123991703157415
1,3.3123028391167195,13.153620569999989,100.8873012214796,8.803871859875557
1,3.7306989872156735,23.538057720000026,101.27909656602905,9.875547361143134
1,2.747800099618131,11.422881399999994,98.70938004148422,7.040792809403101
1,3.240909845591898,21.80731855999999,100.74902051163863,8.896058999769537
1,2.623277436493442,17.653543569999993,99.52754090804333,7.674579396174238
1,3.350489789141624,20.768874949999987,100.8873012214796,8.11246831067065
1,3.1114062759422216,16.615099780000005,101.09472228624108,8.423599907812871
1,3.0798605346173007,12.461325099999993,100.49550587693017,8.49274026273335
1,3.1794786651170517,15.230508030000003,100.36874855957593,7.951140815856178
1,2.5286402125186784,13.845916411999994,99.12422217100715,6.660520857340401
1,3.172837456417068,14.884360270000013,100.71445033417838,8.123991703157401
1,3.383695832641541,21.115022591,101.40585388338327,8.711684719981562
1,3.172837456417068,13.49976853,100.64530997925789,8.63102097257432
1,2.5087165864187284,22.49961453000002,98.73242682645771,6.499193362525929
1,2.5751286734185626,11.422881080000012,98.8476607513252,6.51071675501268
1,3.083181138967292,20.4227267,100.08066374740723,8.135515095644152
1,3.131329902042172,22.153466019999993,99.58515787047708,7.593915648767009
1,3.073219325917317,17.307395660999987,100.20742106476146,7.398017976492284
1,3.1280092976921803,18.345839269999992,100.99101175386033,8.02028117077667
1,3.657645691515856,21.11502256000003,100.046093569947,8.631020972574333
1,3.5995351153910016,16.268952099999996,102.31620188983636,9.610509333947917
1,3.5663290718910843,12.115176649999999,100.54159944687714,8.147038488130889
1,3.119707786817201,24.230353802000003,101.01405853883382,8.043327955750158
1,2.646521666943384,11.076733329999982,98.58262272412999,6.453099792578939
1,3.350489789141624,25.614945460000012,101.18690942613506,8.55035722516709
1,3.2326083347169186,10.73058550999999,99.79257893523852,7.916570638395925
1,3.383695832641541,18.691987240000014,100.78359068909887,8.607974187600831
1,3.4451270131163874,18.34583940999999,100.56464623185066,8.527310440193602
1,3.2375892412419063,15.57665577999999,101.10624567872782,8.412076515326106
1,3.1479329237921303,19.730430860000006,101.04862871629408,8.734731504955064
1,3.3006807238917486,10.038289613000032,100.21894445724821,8.68863793500806
1,3.4268636891914332,14.53821250999996,100.56464623185066,8.135515095644166
1,3.1230283911671926,15.92280375999999,100.23046784973498,8.27379580548515
1,2.6747468039183135,16.615099771000004,99.35469002074211,7.017746024429599
1,3.1994022912170017,20.422726719999968,100.67988015671814,8.619497580087582
1,3.2923792130167695,14.538212009999988,100.046093569947,7.663056003687501
1,3.5015772870662465,16.961247470000004,101.14081585618806,8.665591150034558
1,3.362111904366595,27.345684739999996,100.56464623185066,8.239225628024883
1,3.0234102606674416,15.23050814,99.26250288084813,7.570868863793507
1,3.0948032541922634,12.11517683,99.48144733809634,7.478681723899527
1,3.086501743317284,25.614945159999987,99.60820465545056,7.720672966121228
1,3.26415407604184,14.192064600000007,100.18437427978797,8.550357225167105
1,3.02008965631745,14.538212080000001,100.17285088730121,7.882000460935686
1,2.8125518844429687,13.4997689,97.94883613735884,6.810324959668122
1,3.0068072389174834,19.038134879999987,98.74395021894445,7.30583083659829
1,2.9287730366926783,12.461324942,99.55058769301682,7.017746024429599
1,2.86402125186784,14.538212234,99.17031574095414,7.2597372666513
1,3.0400132824174,13.845916600000017,99.79257893523852,7.536298686333254
1,3.1280092976921803,19.73043073,99.50449412306983,7.513251901359766
1,3.073219325917317,25.961093390000016,100.56464623185066,7.755243143581481
1,3.154574132492114,15.230507709999978,100.77206729661212,7.8820004609357
1,3.294039515191765,16.961249200000033,100.8642544365061,9.230237381885232
1,3.3770546239415578,15.230508037999993,100.17285088730121,8.02028117077667
1,2.973601195417566,14.884360190000004,100.16132749481447,8.412076515326106
1,3.4434667109413915,27.345685189999998,100.49550587693017,7.732196358607979
1,3.053295699817367,17.999691595,98.95137128370592,7.294307444111553
1,2.7311970778681722,9.34599353999999,99.85019589767228,7.674579396174238
1,3.076539930267309,15.576655855999995,101.39433049089652,8.896058999769522
1,3.0466544911173834,17.30739567599999,99.19336252592763,8.68863793500806
1,3.3886767391665287,14.538212286999995,101.08319889375433,8.654067757547836
1,3.362111904366595,19.03813507,101.10624567872782,9.011292924637004
1,3.1014444628922466,21.461170600000003,99.7119151878313,7.282784051624802
1,3.0068072389174834,15.92280391899999,99.52754090804333,7.536298686333268
1,2.9287730366926783,19.038135060999995,99.83867250518553,7.916570638395939
1,3.6443632741158893,12.115176937999996,100.70292694169163,9.149573634477989
1,2.976921799767558,13.153620690000006,98.99746485365291,7.1790735192440565
1,3.3139631412917154,13.49976834000001,100.80663747407237,9.345471306752714
1,2.8241739996679396,12.115176891999992,99.18183913344089,7.374971191518796
1,3.1479329237921303,13.845916449999997,99.98847660751325,8.193132058077893
1,3.4434667109413915,15.230508086999995,101.90135976031343,8.907582392256273
1,2.9586584758426038,11.769028975,98.76699700391795,7.709149573634477
1,2.898887597542753,13.845916440000002,100.13828070984098,7.870477068448963
1,3.4667109413913333,19.73043108899997,100.69140354920489,8.746254897441816
1,2.9902042171675247,11.422881319999995,100.29960820465544,8.515787047706837
1,3.229287730366927,29.076424720000016,100.27656141968195,8.031804563263421
1,3.161215341192097,21.461170270000007,100.54159944687714,8.389029730352604
1,3.285738004316786,18.34583920999999,101.04862871629408,9.149573634477989
1,3.0599369085173502,25.268797587999984,98.82461396635169,7.709149573634477
1,2.93209364104267,10.73058545,100.46093569946993,8.319889375432126
1,3.4019591565664955,10.038289436999992,100.84120765153261,8.573404010140592
1,3.3554706956666114,18.691987085000008,99.88476607513252,8.58492740262733
1,3.470031545741325,17.653543417999998,101.14081585618806,8.76930168241529
1,3.350489789141624,10.730585149999992,100.61073980179765,8.123991703157415
1,3.2209862194919476,17.307395360000015,100.79511408158561,8.746254897441787
1,2.920471525817699,11.076733087999994,99.56211108550357,7.78981332104172
1,2.976921799767558,16.96124754,100.14980410232772,7.78981332104172
1,3.3322264652166695,28.384128459999992,101.29061995851578,8.999769532150253
1,2.7494604017931263,13.499768527000006,100.77206729661212,8.216178843051395
1,2.976921799767558,17.65354347,99.59668126296381,7.478681723899513
1,3.591233604516022,12.807472766999993,101.4404240608435,9.218713989398466
1,3.152913830317118,15.922804129999992,99.72343858031805,8.100944918183913
1,2.975261497592562,17.999691614000003,100.27656141968195,8.711684719981562
1,2.6382201560684044,13.153620602999993,98.65176307905047,6.291772297764467
1,2.9354142453926615,15.922803897999993,99.79257893523852,7.640009218713985
1,3.813714095965466,13.153620816000002,100.13828070984098,8.53883383268034
1,3.0366926780674084,20.07657915999999,99.27402627333487,7.686102788660989
1,3.151253528142122,19.384282900000002,100.09218713989398,8.64254436506107
1,3.1911007803420226,19.038135040000004,100.76054390412537,8.873012214796034
1,3.0698987215673257,15.230508119999982,99.52754090804333,7.939617423369455
1,3.161215341192097,14.19206366999999,99.56211108550357,7.709149573634477
1,2.7494604017931263,18.691987209999983,99.70039179534454,7.570868863793493
1,3.250871658641873,15.576655940000007,99.51601751555657,7.628485826227234
1,3.269134982566827,20.076578739999995,100.6222631942844,8.55035722516709
1,3.3986385522165037,15.230508370000003,101.01405853883382,8.423599907812843
1,3.461730034866346,17.307395799999995,100.64530997925789,9.20719059691173
1,2.9154906192927115,20.07657876999998,100.0,7.386494584005533
1,2.546903536443633,14.192064360000005,99.96542982253975,7.651532611200736
1,3.182799269467043,13.49976864000001,100.96796496888685,8.607974187600846
1,3.3172837456417072,17.65354351999999,101.1292924637013,8.769301682415303
1,3.1894404781670267,20.07657874999998,100.0,7.997234385803182
1,2.7926282583430186,11.76902895,98.75547361143121,7.513251901359766
1,3.2193259173169517,19.038135190000016,99.50449412306983,7.340401014058543
1,3.3471691847916323,11.769028860000004,100.25351463470847,8.30836598294539
1,2.9387348497426533,12.461324940000003,99.44687716063609,7.16755012675732
1,3.1130665781172175,12.115176449999982,100.3802719520627,7.801336713528471
1,3.0217499584924457,22.499614390000012,98.92832449873242,7.501728508873001
1,3.4268636891914332,14.192064430000004,100.19589767227473,8.296842590458638
1,3.172837456417068,13.153620629999997,100.55312283936391,8.504263655220086
1,3.064917815042338,9.69214159000001,99.91933625259276,7.4441115464392595
1,3.159555039017101,12.115176878000005,100.05761696243374,8.147038488130903
1,3.8502407438153745,21.11502273999999,101.79764922793271,9.057386494584009
1,3.15623443466711,16.268952,100.31113159714221,8.31988937543214
1,2.9603187780175992,15.922803450000005,100.32265498962896,7.524775293846517
1,3.305661630416736,20.076578839999986,101.1292924637013,8.64254436506107
1,2.6963307321932595,13.499768549999988,98.19082737958055,7.248213874164563
1,3.1994022912170017,15.576656029999993,100.12675731735423,7.686102788660989
1,2.7826664452930436,11.076733320000004,97.85664899746486,6.176538372896985
1,3.3770546239415578,11.07673281000001,100.59921640931091,8.515787047706866
1,3.1695168520670762,13.153620744999994,100.65683337174465,8.631020972574333
1,2.6830483147932926,11.422881095000001,99.98847660751325,7.743719751094716
1,3.383695832641541,14.884360199999982,100.56464623185066,7.916570638395939
1,3.076539930267309,15.230508050000012,99.7119151878313,7.628485826227248
1,3.6061763240909848,15.922802830000032,101.74003226549897,9.045863102097258
1,3.5131994022912174,16.96124769999998,100.9564415764001,8.953675962203278
1,3.1047650672422384,16.96124753,100.13828070984098,7.801336713528471
1,2.9354142453926615,20.76887464000001,100.2419912422217,7.997234385803168
1,2.6863689191432845,12.461324878000005,98.36367826688178,6.867941922101878
1,2.7262161713431845,10.73058491000001,99.51601751555657,7.5939156487669806
1,2.988543914992529,14.884359719999992,99.56211108550357,7.732196358607979
1,2.8407770214178982,30.807164059999998,100.50702926941693,8.250749020511662
1,2.9237921301676906,15.576655869999986,99.4007835906891,7.709149573634477
1,2.878963971442803,25.614945360000004,99.45840055312284,7.720672966121228
1,2.943715756267641,10.038289213000033,99.41230698317585,7.109933164323579
1,3.342188278266645,19.038135219999994,99.90781286010602,8.100944918183927
1,3.6410426697658975,18.345839159999997,102.1318276100484,9.276330951832236
1,3.230948032541923,19.730431089999996,99.26250288084813,7.490205116386278
1,3.260833471691848,25.61494549,99.52754090804333,7.524775293846517
1,2.822513697492944,12.115176629999992,98.73242682645771,6.6950910348006545
1,2.9935248215175165,11.422881054999998,98.12168702466006,7.12145655681033
1,2.769384027893077,14.538212459999999,99.81562572021203,7.709149573634477
1,3.348829486966628,15.576655809999995,99.79257893523852,8.158561880617654
1,3.166196247717085,18.691987270000002,100.2880848121687,7.951140815856192
1,3.350489789141624,18.69198725,99.27402627333487,7.294307444111553
1,3.0931429520172675,16.96124767000001,100.55312283936391,8.884535607282785
1,3.098123858542255,13.499768739999983,100.43788891449643,7.766766536068218
1,3.2027228955669935,13.845916749999995,100.34570177460245,8.469693477759847
1,3.3172837456417072,17.999691373999994,101.39433049089652,8.700161327494811
1,3.0283911671924293,15.576655721999954,99.55058769301682,7.962664208342943
1,3.348829486966628,14.538212369999995,100.53007605439042,8.020281170776684
1,2.985223310642537,22.845761710000005,99.7349619728048,7.432588153952523
1,2.97194089324257,9.345993486000008,99.36621341322885,7.547822078819991
1,3.2873983064917818,11.422880800000014,100.08066374740723,9.057386494583994
1,3.1994022912170017,18.691986980000003,99.35469002074211,7.686102788660989
1,3.2923792130167695,14.19206424,100.41484212952294,8.49274026273335
1,3.2010625933919976,14.192064290000014,100.92187139893984,8.193132058077893
1,3.2259671260169354,14.884360328000001,101.09472228624108,9.03433970961052
1,3.2243068238419395,18.34583919,100.3341783821157,7.847430283475461
1,2.9271127345176824,14.192064479999999,100.21894445724821,7.801336713528457
1,3.0184293541424543,9.692141889999982,100.2419912422217,8.043327955750158
1,2.996845425867508,20.422726959999967,99.56211108550357,7.455634938926025
1,3.37207371741657,24.92264951,99.90781286010602,8.734731504955064
1,3.1379711107421553,14.192064279999991,99.42383037566259,7.916570638395939
1,3.051635397642371,16.615100040000012,100.05761696243374,8.262272412998385
1,3.363772206541591,16.615099879999995,101.11776907121457,8.688637935008074
1,2.6614643865183467,13.499768581999998,99.1126987785204,6.8564185296151265
1,3.0997841607172507,13.153621089999987,100.49550587693017,8.619497580087568
1,3.0084675410924793,17.999691185999996,99.05508181608666,7.282784051624802
1,3.262493773866844,17.653543380000002,101.01405853883382,8.838442037335781
1,3.3255852565166863,14.538212469000005,99.82714911269878,7.697626181147726
1,3.0117881454424706,10.73058529,100.2419912422217,7.513251901359752
1,3.491615474016271,16.615099673999996,100.76054390412537,9.138050241991237
1,3.194421384692014,13.153620631,100.71445033417838,8.942152569716527
1,2.922131827992695,14.538212271000003,99.6658216178843,7.640009218713985
1,2.8357961148929105,21.11502242199999,99.25097948836137,7.271260659138051
1,3.2060434999169853,17.999692254000028,100.18437427978797,7.83590689098871
1,3.350489789141624,19.384282999999993,101.78612583544594,9.668126296381644
1,2.9486966627926283,14.884360130000005,98.67480986402397,6.925558884535604
1,3.1379711107421553,15.576656259999998,100.42636552200968,8.78082507490204
1,3.229287730366927,17.999691385000002,99.6427748329108,7.1905969117308075
1,2.9354142453926615,10.038289499000006,98.73242682645771,7.006222631942848
1,3.265814378216836,17.30739554,99.83867250518553,8.066374740723674
1,3.131329902042172,14.192064259999983,99.70039179534454,7.202120304217544
1,2.8158724887929605,9.692141522999998,98.490435584236,6.775754782207883
1,3.17615806076706,16.61509969,100.0,7.732196358607979
1,2.898887597542753,11.422881062000002,99.45840055312284,7.328877621571792
1,3.494936078366263,25.268797725,100.85273104401935,8.365982945379116
1,3.073219325917317,21.461170698000004,100.32265498962896,8.100944918183927
1,3.2907189108417736,21.115022370000005,101.67089191057848,9.06890988707076
1,2.975261497592562,25.961093589999972,99.80410232772529,7.605439041253746
1,3.076539930267309,19.384283229000005,100.50702926941693,8.2622724129984
1,2.789307653993027,19.038135060000002,100.12675731735423,7.570868863793507
1,3.2243068238419395,20.076579050000007,100.85273104401935,8.873012214796034
1,2.922131827992695,11.422881119999994,99.14726895598064,7.109933164323579
1,2.5319608168686702,11.422881071000003,99.85019589767228,7.132979949297081
1,3.2990204217167527,21.461170309999996,100.72597372666515,8.35445955289238
1,3.3123028391167195,12.80747292000001,101.25604978105554,8.123991703157415
1,3.363772206541591,15.92280415999998,100.9564415764001,8.458170085273096
1,2.7843267474680395,17.999691870000007,99.35469002074211,7.202120304217573
1,3.086501743317284,22.153466270000003,98.88223092878543,7.478681723899513
1,2.6166362277934585,9.345993609000002,99.55058769301682,7.674579396174224
1,3.6559853893408603,20.076578671,100.78359068909887,9.552892371514176
1,2.985223310642537,15.576656030000002,98.69785664899746,7.30583083659829
1,3.2110244064419726,14.538212230000005,100.29960820465544,8.377506337865853
1,2.920471525817699,13.499768609999961,99.81562572021203,7.2021203042175586
1,3.3006807238917486,14.884360199999994,99.86171929015903,8.043327955750172
1,2.988543914992529,13.845916050000007,100.46093569946993,8.35445955289238
1,3.2243068238419395,12.115176857999996,100.34570177460245,8.204655450564644
1,3.162875643367093,14.538212253999994,100.40331873703619,8.469693477759861
1,3.066578117217334,13.499768269999999,99.80410232772529,6.914035492048868
1,2.832475510542919,19.730430935999998,100.046093569947,8.089421525697176
1,3.064917815042338,16.961247620000005,99.52754090804333,7.847430283475461
1,2.953677569317616,11.76902889400002,100.11523392486748,8.423599907812857
1,3.5248215175161883,17.307395640000014,100.78359068909887,8.849965429822547
1,2.8357961148929105,19.038135353999994,98.69785664899746,7.317354229085041
1,3.174497758592064,14.192064134999999,99.41230698317585,7.490205116386264
1,3.5547069566661134,22.15346614,100.78359068909887,8.262272412998385
1,3.1114062759422216,17.653543486000007,100.08066374740723,7.363447799032031
1,3.3770546239415578,22.153466669999986,100.81816086655913,8.538833832680353
1,3.063257512867342,18.34583935,99.4007835906891,7.593915648767009
1,3.4252033870164373,14.884359919999984,101.46347084581701,8.665591150034572
1,3.1114062759422216,29.768720609999985,100.25351463470847,8.204655450564644
1,3.5198406109912006,11.769029133999993,101.0025351463471,8.98824613966353
1,2.975261497592562,15.922803902999998,98.2253975570408,6.476146577552427
1,3.194421384692014,11.07673287,98.82461396635169,6.798801567181371
1,2.9603187780175992,12.461324740000002,100.11523392486748,8.054851348236923
1,3.2674746803918318,14.538212304000002,100.09218713989398,8.826918644849044
1,3.294039515191765,14.884360519999989,100.14980410232772,7.616962433740497
1,2.6099950190934753,13.499768573999992,98.490435584236,6.395482830145184
1,3.262493773866844,14.884360070000005,100.58769301682415,8.342936160405614
1,2.9071891084177324,12.115176772,99.44687716063609,7.432588153952523
1,3.274115889091815,10.730585281999993,101.07167550126756,9.011292924637004
1,3.451768221816371,20.768874869999987,100.81816086655913,8.769301682415303
1,3.1114062759422216,22.845762164999996,100.16132749481447,8.308365982945375
1,2.465548729868836,14.192064321999998,98.54805254666974,6.165014980410234
1,2.8158724887929605,12.807472829999996,99.52754090804333,7.444111546439288
1,3.5978748132160057,23.884205870000002,101.18690942613506,8.838442037335795
1,3.4467873152913833,14.19206428,100.2419912422217,8.181608665591142
1,2.9486966627926283,12.115176965999991,99.20488591841438,7.225167089191061
1,2.9055288062427365,14.884360335999995,100.48398248444342,8.06637474072366
1,2.9105097127677237,21.807318370000022,100.73749711915187,8.654067757547821
1,3.1230283911671926,16.96124753800001,99.45840055312284,7.985710993316431
1,3.2176656151419563,15.576655920000004,101.07167550126756,8.930629177229761
1,3.0997841607172507,17.999691670000008,100.25351463470847,8.965199354690029
1,3.1911007803420226,16.961247870000008,99.43535376814935,7.593915648767009
1,2.9088494105927283,16.961247630000003,100.2419912422217,7.743719751094702
1,2.9105097127677237,11.076733290000007,99.78105554275179,7.732196358607965
1,3.572970280591068,33.57634714999997,101.45194745333026,9.149573634477989
1,3.5447451436161383,23.88420577,100.84120765153261,8.584927402627343
1,3.041673584592396,14.884360039999974,99.91933625259276,8.227702235538132
1,3.463390337041342,14.192064619999964,101.20995621110855,8.953675962203278
1,2.9055288062427365,25.614945149999983,100.44941230698316,7.916570638395939
1,3.2890586086667777,14.192064150000006,100.92187139893984,8.919105784743024
1,3.172837456417068,17.999691559999995,99.68886840285779,8.446646692786345
1,3.8186950024904536,17.653543449999994,103.03065222401474,10.082968425904582
1,3.3222646521666945,18.345839327000007,101.71698548052545,8.619497580087554
1,3.689191432840777,16.268952520999967,100.94491818391333,8.884535607282771
1,3.2193259173169517,24.576501400000016,100.61073980179765,8.469693477759847
1,3.269134982566827,20.422726930000014,100.29960820465544,8.884535607282771
1,3.171177154242072,14.538212340000008,99.90781286010602,8.066374740723674
1,3.280757097791798,24.23035367999999,100.46093569946993,8.331412767918877
1,2.7826664452930436,16.61509999,99.49297073058308,7.536298686333254
1,3.2923792130167695,19.038135031000003,102.2009679649689,10.059921640931094
1,3.164535945542089,14.192064499999999,100.3341783821157,8.262272412998385
1,3.15623443466711,14.19206439999999,100.36874855957593,8.181608665591142
1,3.141291715092147,17.999691520000013,99.7119151878313,8.285319197971873
1,3.5082184957662297,21.115022512999996,101.37128370592303,9.17262041945149
1,3.7223974763406944,19.73043077999999,100.99101175386033,9.011292924637019
1,2.8706624605678237,11.422880900000004,98.64023968656372,6.890988707075351
1,2.5103768885937243,13.499768409999998,99.22793270338788,7.92809403088269
1,3.2243068238419395,15.576655660000018,101.64784512560499,9.794883613735891
1,2.9005478997177487,17.999691349999992,99.55058769301682,7.766766536068218
1,3.375394321766562,24.57650183000001,100.82968425904586,8.412076515326106
1,3.0101278432674747,12.115175966000008,100.3341783821157,8.35445955289238
1,3.4235430848414414,19.730431156,101.15233924867482,8.619497580087597
1,2.867341856217832,14.538212451000001,98.54805254666974,7.2482138741645485
1,2.875643367092811,17.653543360000004,98.28301451947453,6.383959437658447
1,3.484974265316288,18.345839390000016,101.08319889375433,8.838442037335795
1,3.265814378216836,21.80731846000001,100.69140354920489,8.515787047706851
1,2.7859870496430355,12.807472630000007,98.88223092878543,7.0407928094030865
1,3.161215341192097,14.538212589999995,101.62479834063147,9.921640931090096
1,3.516520006641209,16.615100020000014,100.9103480064531,8.677114542521323
1,3.0250705628424375,25.61494564999998,99.72343858031805,7.317354229085055
1,3.1462726216171344,17.653543404999997,100.97948836137358,8.67711454252131
1,2.8822845757927946,12.461324420000004,99.43535376814935,7.686102788660989
1,3.0914826498422716,12.115176872000001,100.39179534454942,8.11246831067065
1,3.1479329237921303,15.576655660000009,100.36874855957593,8.008757778289933
1,3.2774364934418068,22.499614230000002,100.87577782899287,9.195667204424993
1,2.9918645193425206,15.230508250000003,99.30859645079512,7.144503341783832
1,2.8407770214178982,16.61509963999998,99.36621341322885,8.008757778289933
1,3.262493773866844,14.53821212,100.87577782899287,7.720672966121242
1,3.383695832641541,19.73043061000001,100.48398248444342,8.757778289928552
1,3.061597210692346,13.499768499999984,99.49297073058308,7.063839594376589
1,2.8922463888427696,16.268951830000002,99.45840055312284,7.490205116386264
1,3.3471691847916323,23.538057830000003,100.80663747407237,9.03433970961052
1,3.1994022912170017,31.84560765,100.02304678497349,8.331412767918863
1,3.2226465216669435,18.34583956,100.41484212952294,8.607974187600846
1,3.7157562676407108,15.922804209999985,99.82714911269878,7.83590689098871
1,2.943715756267641,11.769029089999998,100.0,7.524775293846503
1,3.1695168520670762,16.615099739999987,99.42383037566259,7.109933164323579
1,3.0234102606674416,17.307395550000003,101.45194745333026,9.20719059691173
1,3.353810393491616,14.192064197999999,99.98847660751325,8.273795805485136
1,3.19608168686701,13.153620790000005,100.85273104401935,8.216178843051381
1,2.9005478997177487,11.076733320000004,101.0025351463471,8.803871859875557
1,2.898887597542753,20.76887468999998,99.61972804793731,6.9025120995621165
1,3.272455586916819,20.76887448000001,100.82968425904586,8.757778289928552
1,3.1794786651170517,16.26895193,100.84120765153261,9.091956672044248
1,3.338867673916653,16.615099800000007,100.47245909195668,7.905047245909202
1,2.8706624605678237,13.153620632999997,101.06015210878083,8.170085273104405
1,2.8142121866179646,20.422726809999997,98.7785203964047,6.637474072366899
1,3.3006807238917486,21.807318251999998,100.47245909195668,8.204655450564658
1,2.9918645193425206,16.961248070000018,101.07167550126756,8.365982945379116
1,3.2143450107919644,19.384283030000006,101.02558193132059,8.596450795114094
1,3.129669599867176,11.769028850000009,99.83867250518553,8.250749020511648
1,2.8407770214178982,11.076733430000017,99.23945609587463,7.559345471306756
1,2.945376058442637,21.807318618,99.34316662825536,7.939617423369441
1,3.1213680889921966,16.961247551999985,100.66835676423138,8.193132058077879
1,3.458409430516354,10.384437320000005,100.69140354920489,8.953675962203278
1,3.491615474016271,13.153620779999992,100.66835676423138,8.87301221479602
1,3.08816204549228,15.922804052,99.80410232772529,7.501728508873015
1,2.8972272953677574,11.769029000000021,99.96542982253975,7.363447799032031
1,3.3040013282417404,19.038135317999995,101.17538603364831,8.619497580087582
1,3.182799269467043,19.384283218000004,99.50449412306983,7.363447799032031
1,3.1363108085671594,19.03813532199999,99.30859645079512,7.317354229085055
1,2.5933919973435167,10.73058554999999,98.11016363217331,5.957593915648772
1,3.02008965631745,19.03813542999998,99.90781286010602,7.444111546439274
1,2.956998173667608,15.230507949999996,100.39179534454942,8.527310440193574
1,3.149593225967126,22.49961442499999,100.06914035492049,8.054851348236923
1,2.9951851236925124,16.268951669999993,100.14980410232772,7.732196358607965
1,3.2774364934418068,15.230508190000004,101.03710532380732,8.331412767918877
1,3.250871658641873,14.8843598,100.03457017746025,8.41207651532612
1,3.129669599867176,18.691987039999997,99.52754090804333,7.374971191518796
1,2.7494604017931263,13.845916840000008,99.7580087577783,7.65153261120075
1,3.242570147766894,18.345839120000004,99.14726895598064,7.916570638395939
1,2.9387348497426533,14.538212600000016,99.48144733809634,8.043327955750186
1,3.1213680889921966,11.422880710000001,99.6658216178843,7.547822078820005
1,3.098123858542255,15.576656137999983,99.86171929015903,7.559345471306756
1,3.1363108085671594,18.691987259999994,100.12675731735423,7.674579396174238
1,2.955337871492612,11.076733158000003,100.29960820465544,7.640009218713985
1,3.1114062759422216,21.46117040999998,98.8476607513252,7.086886379350091
1,3.382035530466545,22.845762323999992,101.0025351463471,8.734731504955079
1,3.187780175992031,16.268951889999993,100.25351463470847,8.054851348236923
1,2.9387348497426533,13.84591632,99.74648536529153,7.720672966121214
1,2.9354142453926615,16.96124739000001,99.50449412306983,7.30583083659829
1,3.152913830317118,14.884360206,100.53007605439042,8.757778289928567
1,3.1213680889921966,15.922803810000003,100.03457017746025,8.285319197971887
1,3.282417399966794,14.538212560000016,100.0,7.905047245909188
1,3.3670928108915827,23.88420569999999,100.2880848121687,7.743719751094716
1,3.2027228955669935,12.807472674000001,99.52754090804333,7.271260659138065
1,3.0151087497924625,14.192064130000006,100.14980410232772,8.02028117077667
1,3.2193259173169517,11.769029220000002,100.8873012214796,9.08043327955751
1,3.1163871824672094,21.115022660000008,100.64530997925789,8.803871859875542
1,3.1064253694172344,12.807472706999997,100.23046784973498,8.204655450564658
1,3.240909845591898,13.499768849999978,101.65936851809172,8.896058999769537
1,2.9022082018927446,13.84591645199999,100.63378658677114,8.30836598294536
1,3.4268636891914332,14.538212509999994,100.2650380271952,8.273795805485136
1,3.269134982566827,11.422880899999987,100.53007605439042,8.746254897441816
1,3.481653660966296,17.99969139999998,100.49550587693017,8.838442037335795
1,3.375394321766562,9.692141414999995,101.34823692094952,8.746254897441801
1,2.834135812717915,15.576656299999998,99.60820465545056,7.1905969117308075
1,3.049975095467375,14.884360170000004,100.40331873703619,8.55035722516709
1,3.1927610825170185,15.576656149999994,100.73749711915187,8.400553122839355
1,3.6294205545409266,19.384282866,101.1292924637013,8.965199354690014
1,3.2043831977419894,11.07673314499999,100.13828070984098,7.997234385803182
1,2.945376058442637,15.576656110000002,100.12675731735423,8.573404010140592
1,3.1994022912170017,22.845761929999995,99.86171929015903,8.216178843051395
1,3.1794786651170517,19.38428324000001,99.76953215026504,7.651532611200736
1,3.4982566827162547,19.03813534999998,101.17538603364831,9.403088269186455
1,2.7145940561182136,8.65369773399998,98.83613735883844,7.640009218713985
1,3.1678565498920808,22.499614029999996,100.08066374740723,8.654067757547807
1,3.3554706956666114,11.076732859999979,99.43535376814935,7.386494584005533
1,2.9951851236925124,15.576655979999982,99.56211108550357,7.916570638395939
1,3.4036194587414914,14.192064349999995,100.49550587693017,7.870477068448949
1,3.187780175992031,20.076578639999987,100.2650380271952,8.631020972574333
1,3.239249543416902,16.961247646999993,101.88983636782669,9.333947914265963
1,2.8158724887929605,12.115176903000002,98.57109933164323,6.914035492048853
1,3.0466544911173834,12.461324786999997,100.20742106476146,7.616962433740483
1,3.2176656151419563,14.192064259999992,100.94491818391333,8.953675962203263
1,2.7029719408932427,11.42288136000001,99.28554966582162,6.545286932472919
1,3.1147268802922135,16.961247649999994,99.52754090804333,7.363447799032045
1,3.142952017267143,18.345839371999983,99.1126987785204,7.0984097718368275
1,2.9287730366926783,21.461170425999985,98.490435584236,7.1905969117308075
1,3.0798605346173007,13.499768556000001,100.20742106476146,8.11246831067065
1,3.3969782500415078,24.230353709999985,101.45194745333026,8.803871859875542
1,3.030051469367425,16.268951809999987,100.13828070984098,8.896058999769537
1,3.340527976091649,28.384128720000017,100.46093569946993,8.158561880617654
1,3.086501743317284,17.65354380999999,100.27656141968195,8.158561880617654
1,2.799269467043002,14.884360089999987,99.22793270338788,7.0523162018898375
1,3.1280092976921803,20.768874540000002,100.03457017746025,7.478681723899527
1,3.0350323758924125,17.307395660000008,99.43535376814935,7.60543904125376
1,2.8839448779677905,10.730585195999984,98.85918414381194,7.398017976492284
1,2.976921799767558,18.345839200000004,99.59668126296381,7.847430283475447
1,3.2160053129669603,21.807318510000012,100.63378658677114,8.204655450564644
1,3.0084675410924793,21.807318630000005,100.82968425904586,8.158561880617654
1,3.0101278432674747,15.576656011000003,99.81562572021203,8.181608665591156
1,3.582932093641043,12.461325029999998,101.38280709840977,9.483752016593684
1,2.887265482317782,10.038289365000004,98.99746485365291,6.9946992394560965
1,2.8374564170679064,11.422881079999994,100.06914035492049,8.285319197971887
1,3.098123858542255,19.730430941999998,100.92187139893984,8.054851348236909
1,2.887265482317782,14.538212570000002,100.61073980179765,7.997234385803182
1,3.207703802091981,19.038134979999995,100.0,8.423599907812857
1,2.3426863689191433,11.422881081999996,99.17031574095414,6.522240147499417
1,3.0400132824174,15.922803909999994,98.85918414381194,7.225167089191075
1,2.9470363606176324,12.461324600000038,99.96542982253975,7.559345471306756
1,3.382035530466545,15.230508000000007,101.07167550126756,8.861488822309283
1,3.0383529802424043,20.422726519999983,99.34316662825536,7.2943074441115385
1,3.4301842935414246,19.38428288999998,100.82968425904586,8.953675962203263
1,3.3106425369417236,16.61510009000001,100.8642544365061,7.962664208342929
1,3.350489789141624,19.73043096999999,99.33164323576861,7.824383498501959
1,2.8391167192429023,13.153620670000006,99.03203503111317,7.294307444111553
1,2.852399136642869,13.84591654000001,99.58515787047708,8.239225628024897
1,3.3172837456417072,13.845916453,100.34570177460245,8.181608665591156
1,3.0018263323924956,21.46117081999998,100.12675731735423,8.020281170776684
1,3.0001660302174997,11.076733153000001,99.67734501037106,8.066374740723674
1,3.282417399966794,11.076733570000016,99.7580087577783,8.607974187600831
1,3.368753113066578,24.922649420000006,100.35722516708918,8.273795805485136
1,2.961979080192595,12.115176989999998,101.20995621110855,8.953675962203278
1,2.832475510542919,11.422881047000008,99.65429822539755,7.686102788660975
1,2.764403121368089,15.922803729999991,99.21640931090113,6.764231389721132
1,2.822513697492944,13.499768528999999,100.5761696243374,7.663056003687473
1,3.3571309978416073,13.845916625999992,100.72597372666515,9.03433970961052
1,2.842437323592894,14.884360539999998,99.7119151878313,7.409541368979021
1,3.2143450107919644,12.115177052000009,100.51855266190366,8.81539525236228
1,2.985223310642537,13.845916370000005,99.19336252592763,8.308365982945375
1,3.250871658641873,14.538212190000005,100.99101175386033,8.665591150034558
1,2.985223310642537,15.230507922000006,100.78359068909887,7.69762618114774
1,3.186119873817035,15.576655984000002,100.35722516708918,8.400553122839355
1,3.171177154242072,18.34583917000001,100.29960820465544,8.308365982945375
1,3.4268636891914332,17.99969125,101.87831297533994,9.184143811938227
1,3.254192262991865,20.076578620000003,100.10371053238075,7.789813321041734
1,3.164535945542089,17.30739535,100.34570177460245,8.40055312283937
1,2.8391167192429023,10.384437269999992,98.67480986402397,7.536298686333254
1,3.0948032541922634,12.11517657,100.5761696243374,8.458170085273096
1,3.1329902042171676,13.153620629999988,98.490435584236,6.775754782207883
1,2.854059438817865,16.96124785000001,100.046093569947,7.732196358607993
1,3.0599369085173502,13.153620649999997,100.84120765153261,9.184143811938242
1,3.1462726216171344,9.692141492000003,99.87324268264577,8.135515095644152
1,2.6216171343184462,16.268951719999997,100.08066374740723,7.951140815856178
1,2.7926282583430186,11.422881270000007,99.43535376814935,7.213643696704324
1,3.2110244064419726,12.115176980000003,100.74902051163863,8.619497580087582
1,2.9802424041175497,18.345839200000004,99.38926019820235,7.398017976492284
1,3.3670928108915827,17.307395475999986,99.72343858031805,7.317354229085055
1,3.564668769716089,20.768875000000016,100.81816086655913,8.458170085273125
1,3.368753113066578,17.653543445000004,101.34823692094952,8.930629177229761
1,3.2458907521168854,15.230508339999998,100.77206729661212,8.446646692786345
1,3.3305661630416736,16.96124739999999,99.65429822539755,8.112468310670664
1,3.569649676241076,10.730585151000003,102.40838902973036,9.287854344318973
1,2.9819027062925456,11.076733180000012,99.25097948836137,7.962664208342929
1,2.961979080192595,18.691987293999997,100.6222631942844,8.389029730352618
1,3.033372073717417,22.499614109999996,99.76953215026504,8.054851348236923
1,3.677569317615806,20.076578460000004,101.68241530306523,9.668126296381658
1,2.873983064917815,24.230353640000015,100.02304678497349,8.239225628024883
1,3.2027228955669935,17.999691475999988,99.93085964507951,7.605439041253732
1,3.3322264652166695,15.23050812,100.77206729661212,9.057386494584009
1,2.9802424041175497,15.576655999999991,99.15879234846739,7.225167089191061
1,3.071559023742321,11.422881263999997,100.36874855957593,8.239225628024883
1,2.9171509214677074,11.422881278000006,99.6658216178843,7.789813321041706
1,3.0466544911173834,18.691986990000007,99.45840055312284,6.925558884535619
1,2.95201726714262,12.807472725,99.87324268264577,7.455634938926011
1,3.5530466544911175,21.807318150000015,100.13828070984098,8.665591150034572
1,3.0034866345674915,12.46132466999999,100.39179534454942,8.400553122839355
1,3.0051469367424875,15.92280425000001,101.63632173311822,8.907582392256273
1,3.406940063091483,14.884360380000007,101.509564415764,8.435123300299608
1,3.061597210692346,10.038289549999991,100.21894445724821,8.331412767918877
1,2.73617798439316,15.230507890000004,99.07812860106016,6.867941922101878
1,3.2873983064917818,18.691987200000014,99.87324268264577,7.755243143581467
1,3.061597210692346,16.615100040000012,99.90781286010602,7.317354229085041
1,2.9935248215175165,10.384437290000001,99.87324268264577,8.262272412998385
1,2.8490785322928773,11.076733309999991,99.96542982253975,8.054851348236909
1,2.7959488626930105,10.730585320000014,99.0666052085734,7.328877621571792
1,3.4301842935414246,14.884359709999972,101.03710532380732,9.610509333947903
1,3.0134484476174666,12.461324660000002,100.2880848121687,7.916570638395939
1,3.043333886767392,17.99969135999998,100.27656141968195,7.501728508873001
1,3.5131994022912174,25.268797669999998,100.55312283936391,8.746254897441816
1,2.8905860866677737,14.884360340999997,100.10371053238075,7.847430283475475
1,3.184459571642039,23.538057889999994,99.12422217100715,7.686102788660989
1,3.2160053129669603,20.076578849999997,100.18437427978797,8.515787047706851
1,2.6730865017433176,9.34599365899999,98.24844434201428,6.407006222631935
1,3.1130665781172175,27.69183264,100.50702926941693,8.919105784743053
1,3.4002988543914996,38.768566136000004,101.60175155565798,9.380041484212953
1,3.061597210692346,16.268951820000016,99.67734501037106,7.190596911730822
1,3.260833471691848,13.153620459999994,100.94491818391333,9.299377736805695
1,3.9299352482151755,20.768874930000006,101.62479834063147,8.711684719981548
1,2.9370745475676574,12.461324890000007,100.08066374740723,7.905047245909188
1,3.360451602191599,28.38412873999999,99.7119151878313,8.49274026273335
1,2.968620288892579,15.230507900000008,102.35077206729662,9.967734501037114
1,3.297360119541757,22.845762085999997,100.5761696243374,8.25074902051162
1,3.416901876141458,20.768874636,101.53261120073749,9.702696473841897
1,3.3338867673916655,19.038135059999977,99.82714911269878,7.432588153952523
1,3.3222646521666945,22.49961407999999,100.82968425904586,8.58492740262733
1,2.6979910343682554,27.691832918999996,99.76953215026504,7.916570638395939
1,2.787647351818031,19.03813501000001,99.0666052085734,6.775754782207883
1,3.26415407604184,21.807318430000006,100.0,7.317354229085041
1,2.689689523493276,13.845916670000014,98.65176307905047,7.1445033417838175
1,3.129669599867176,14.884359970000006,99.7580087577783,8.41207651532612
1,2.565166860368587,14.538212040000001,99.35469002074211,7.593915648767009
1,3.272455586916819,18.69198737,100.12675731735423,8.654067757547821
1,3.2276274281919313,25.268797309999993,100.74902051163863,8.55035722516709
1,2.742819193093143,15.922803909999994,98.81309057386495,7.69762618114774
1,3.3089822347667277,24.922649329999977,100.87577782899287,8.665591150034587
1,3.0400132824174,12.115176580000004,100.49550587693017,8.112468310670664
1,3.194421384692014,13.153620654000004,100.53007605439042,8.35445955289238
1,3.0466544911173834,12.807472929999998,100.54159944687714,8.216178843051367
1,3.2342686368919145,14.538212258999996,99.80410232772529,8.757778289928567
1,2.7029719408932427,16.961247919999987,97.99492970730583,6.395482830145184
1,3.3870164369915328,13.499768620000001,100.9103480064531,8.227702235538146
1,2.822513697492944,14.192064569999987,99.76953215026504,7.962664208342943
1,2.757761912668106,11.76902904999999,99.48144733809634,6.8333717446416244
1,2.64818196911838,15.922803970000011,99.57363447799032,7.582392256280258
1,3.0914826498422716,13.153620587999995,98.92832449873242,7.3980179764922696
1,2.8059106757429855,13.845916420999991,99.52754090804333,6.8909887070753655
1,2.8905860866677737,17.653543398000007,99.17031574095414,7.582392256280258
1,3.161215341192097,25.268797449,99.42383037566259,7.1790735192440565
1,2.988543914992529,9.69214151,100.54159944687714,8.123991703157387
1,3.098123858542255,17.30739574,100.16132749481447,7.8820004609357
1,3.282417399966794,11.422880750000001,100.73749711915187,8.008757778289919
1,3.096463556367259,29.076424499999973,99.42383037566259,7.490205116386264
1,3.0068072389174834,26.653389045,100.17285088730121,7.951140815856178
1,3.0217499584924457,20.07657918,99.7349619728048,7.132979949297081
1,3.159555039017101,19.03813528000002,99.70039179534454,7.720672966121228
1,2.986883612817533,14.538211869999998,99.0896519935469,7.755243143581467
1,3.484974265316288,15.576656205,101.03710532380732,8.68863793500806
1,3.660966295865848,23.538057760000008,101.97050011523392,9.26480755934547
1,3.0997841607172507,20.768874760000006,101.47499423830375,8.82691864484903
1,3.2907189108417736,12.115176869,102.14335100253516,9.264807559345485
1,3.7390004980906526,32.88405169000001,100.72597372666515,8.607974187600846
1,3.3338867673916655,13.845916150000006,100.89882461396635,8.492740262733363
1,3.166196247717085,19.730431170000006,99.76953215026504,8.423599907812857
1,3.0101278432674747,10.384437219999988,99.35469002074211,7.582392256280258
1,2.955337871492612,15.922804219999998,99.88476607513252,8.55035722516709
1,3.385356134816537,13.845916639999992,101.20995621110855,9.495275409080435
1,3.0001660302174997,22.845762080000007,100.25351463470847,8.2622724129984
1,3.259173169516852,11.42288095,99.87324268264577,7.605439041253746
1,3.078200232442305,24.23035398999999,100.39179534454942,7.063839594376574
1,3.1114062759422216,15.922803549999987,99.61972804793731,7.259737266651314
1,3.2243068238419395,17.307395640000014,100.94491818391333,8.67711454252131
1,3.28407770214179,14.884359950000006,100.63378658677114,8.73473150495505
1,3.131329902042172,14.884360410000003,100.55312283936391,8.296842590458638
1,3.54806574796613,12.80747269999999,100.81816086655913,8.35445955289238
1,3.0898223476672757,17.307395940000003,99.93085964507951,8.147038488130903
1,2.7727046322430686,23.88420565999999,99.55058769301682,7.156026734270569
1,3.305661630416736,14.538212300000009,99.80410232772529,7.616962433740497
1,3.428523991366429,18.69198746000002,100.77206729661212,8.700161327494811
1,3.4185621783164537,12.115176909999981,101.93592993777368,9.771836828762389
1,3.574630582766064,24.57650181,101.17538603364831,9.21871398939848
1,3.4135812717914664,21.80731844000001,100.5761696243374,7.766766536068218
1,3.297360119541757,20.07657912000001,100.73749711915187,8.619497580087568
1,3.358791300016603,14.884359930000013,99.93085964507951,9.149573634477989
1,2.9902042171675247,13.49976874,99.38926019820235,7.870477068448949
1,3.561348165366097,19.03813534000001,101.49804102327727,9.46070523162021
1,2.6963307321932595,14.884360160999998,99.03203503111317,7.225167089191075
1,2.9918645193425206,20.422726796000003,100.48398248444342,7.559345471306742
1,2.9138303171177156,12.461324864000005,100.2650380271952,7.778289928554969
1,2.9503569649676242,21.115022740000008,100.5761696243374,8.285319197971873
1,2.966959986717583,24.230353859999962,99.82714911269878,7.674579396174238
1,3.375394321766562,17.653543900000003,100.74902051163863,8.55035722516709
1,3.328905860866678,17.999691369999965,101.17538603364831,8.688637935008074
1,2.898887597542753,8.999844709999989,100.18437427978797,7.766766536068218
1,3.144612319442139,16.96124787,100.9564415764001,8.216178843051395
1,3.1230283911671926,15.922804061999996,100.36874855957593,8.435123300299608
1,3.3040013282417404,14.538212170000005,99.22793270338788,8.481216870246598
1,3.19608168686701,23.191910330000002,100.11523392486748,7.893523853422451
1,3.182799269467043,21.11502284000001,100.54159944687714,8.35445955289235
1,2.759422214843102,11.07673352000002,100.18437427978797,8.123991703157415
1,3.151253528142122,21.46117052000001,100.046093569947,8.21617884305141
1,3.229287730366927,20.076578739999995,99.65429822539755,7.92809403088269
1,3.2093641042669767,31.84560795,99.15879234846739,7.2366904816777975
1,3.2475510542918813,12.46132444999999,100.25351463470847,8.607974187600831
1,2.7909679561680227,23.191909789999986,99.20488591841438,7.16755012675732
1,2.7926282583430186,12.115176698000024,101.15233924867482,9.1265268495045
1,3.2043831977419894,11.422880759999996,100.53007605439042,8.631020972574333
1,3.3554706956666114,18.691987319999996,100.3341783821157,8.55035722516709
1,2.8905860866677737,13.499768289999999,99.61972804793731,7.663056003687487
1,3.2160053129669603,27.345685019999994,99.87324268264577,7.893523853422451
1,2.845757927942886,6.230662689000014,99.59668126296381,7.21364369670431
1,3.1147268802922135,10.730585358000003,100.05761696243374,8.112468310670664
1,3.15623443466711,17.653543530000007,99.82714911269878,8.308365982945375
1,3.254192262991865,18.345839419999994,100.74902051163863,8.135515095644166
1,3.0698987215673257,16.26895193,100.3802719520627,8.41207651532612
1,3.2209862194919476,14.884360400000007,100.48398248444342,8.803871859875542
1,3.37207371741657,10.730584810000002,101.30214335100254,8.803871859875542
1,2.9121700149427197,16.615099760000007,100.50702926941693,7.985710993316445
1,3.064917815042338,13.845916549999988,100.35722516708918,8.204655450564644
1,3.448447617466379,15.230507939999992,100.76054390412537,8.654067757547821
1,3.680889921965798,21.461170339999985,101.27909656602905,8.584927402627343
1,2.9387348497426533,15.92280369999999,99.59668126296381,7.847430283475447
1,3.3886767391665287,20.768874750000005,100.67988015671814,8.942152569716527
1,3.186119873817035,10.03828941,100.70292694169163,8.82691864484903
1,3.2060434999169853,20.422726760999993,101.15233924867482,9.184143811938242
1,3.307321932591732,11.422881470000007,100.21894445724821,8.100944918183913
1,3.7854889589905367,23.53805785999998,101.54413459322424,8.688637935008074
1,3.3089822347667277,23.191910170000003,100.6222631942844,7.870477068448949
1,2.8009297692179977,10.384437039999998,99.60820465545056,7.697626181147726
1,3.471691847916321,13.8459168,99.81562572021203,8.077898133210411
1,3.1163871824672094,14.538212206999999,99.81562572021203,7.605439041253746
1,3.1578947368421053,14.19206392999998,100.61073980179765,8.227702235538146
1,2.8939066910177655,9.345993572999998,99.1126987785204,7.409541368979021
1,2.5402623277436494,19.038135117,98.87070753629868,6.683567642313889
1,2.6166362277934585,12.461324976999997,99.18183913344089,7.374971191518796
1,3.1894404781670267,32.53790397,100.8642544365061,9.161097026964725
1,3.8286568155404286,35.99938267999999,101.70546208803873,9.011292924637019
1,3.0466544911173834,16.96124771000001,100.84120765153261,8.907582392256288
1,3.448447617466379,19.730431010000007,101.26757317354229,9.287854344318973
1,3.0898223476672757,14.884359930000004,100.2419912422217,7.640009218713985
1,2.86402125186784,11.07673313,100.3802719520627,7.570868863793521
1,2.7145940561182136,15.576656280000007,99.67734501037106,7.663056003687487
1,2.611655321268471,8.307549870000011,98.43281862180226,7.593915648766995
1,3.186119873817035,29.76872047,100.40331873703619,8.077898133210411
1,3.0283911671924293,13.499768670000005,100.16132749481447,8.054851348236923
1,2.873983064917815,16.2689517,99.4007835906891,7.720672966121228
1,3.1213680889921966,16.268951590000004,100.03457017746025,7.570868863793507
1,3.362111904366595,17.30739525999999,100.99101175386033,8.873012214796034
1,3.1047650672422384,16.61510005000001,98.96289467619268,7.0523162018898375
1,3.171177154242072,18.691987182000002,100.29960820465544,8.63102097257432
1,2.869002158392828,17.99969151999999,100.32265498962896,7.616962433740511
1,3.1263489955171844,11.422880980000022,101.71698548052545,8.665591150034558
1,2.955337871492612,13.845916460999995,99.59668126296381,7.686102788660975
1,3.1180474846422053,13.845916647,99.59668126296381,7.824383498501959
1,3.17615806076706,14.53821255000002,100.58769301682415,8.100944918183913
1,3.3903370413415246,15.92280395999998,99.55058769301682,8.285319197971887
1,2.5983729038685044,10.384437175000004,99.72343858031805,8.423599907812857
1,2.940395151917649,17.65354348,98.83613735883844,6.78727817469462
1,2.9819027062925456,19.730430969000007,99.93085964507951,8.100944918183913
1,2.8042503735679896,12.115176898000001,99.53906430053007,7.0292694169163354
1,3.2674746803918318,16.268951870000002,100.41484212952294,9.011292924637019
1,2.842437323592894,10.730585180000006,99.94238303756626,8.054851348236923
1,2.9254524323426865,15.230508519999997,100.02304678497349,7.732196358607965
1,2.9005478997177487,12.461324580000003,99.93085964507951,8.181608665591142
1,2.9470363606176324,10.730585199999997,99.44687716063609,7.697626181147726
1,3.064917815042338,21.461170730000013,100.50702926941693,8.07789813321044
1,3.4368255022414083,12.461324909999998,101.16386264116156,9.149573634477989
1,2.943715756267641,20.076578420000004,100.67988015671814,7.985710993316431
1,2.8025900713929937,24.922649768999992,99.21640931090113,7.075362986863325
1,3.549726050141126,13.84591632999998,101.26757317354229,8.792348467388791
1,3.0234102606674416,11.76902894999999,100.25351463470847,8.40055312283937
1,3.187780175992031,18.691987300000005,100.99101175386033,9.057386494584009
1,3.4882948696662797,20.42272678000001,101.03710532380732,8.861488822309283
1,2.611655321268471,13.499768440000011,98.29453791196127,7.040792809403072
1,3.6244396480159393,22.49961388999999,101.39433049089652,8.930629177229775
1,3.1811389672920476,17.999691250000005,100.63378658677114,8.423599907812857
1,3.2060434999169853,14.192064309999953,100.29960820465544,8.354459552892365
1,3.383695832641541,22.499614373999993,100.34570177460245,8.331412767918877
1,3.657645691515856,17.65354307999997,102.22401474994238,9.391564876699704
1,3.0234102606674416,15.922803932999994,100.8642544365061,9.057386494584009
1,3.2093641042669767,14.884360240000008,100.61073980179765,7.628485826227248
1,3.0018263323924956,17.653543069999994,99.76953215026504,7.455634938926025
1,2.854059438817865,12.461325090000006,98.54805254666974,6.499193362525915
1,3.0698987215673257,16.615099980000004,100.02304678497349,8.319889375432112
1,3.368753113066578,18.69198742000002,100.61073980179765,8.11246831067065
1,3.0682384193923298,16.615099658000002,99.74648536529153,7.997234385803168
1,2.8059106757429855,23.191910085999993,99.88476607513252,7.409541368979021
1,2.845757927942886,15.230508229999986,99.57363447799032,7.363447799032045
1,2.8258343018429355,19.38428304,99.30859645079512,7.513251901359766
1,2.7179146604682054,7.269106020000001,100.53007605439042,7.605439041253746
1,2.6415407604183962,14.538212130000005,99.43535376814935,7.60543904125376
1,3.269134982566827,23.538057879999997,99.58515787047708,8.40055312283937
1,2.9287730366926783,13.499768679999992,100.21894445724821,7.4441115464392595
1,3.187780175992031,14.192064364999998,100.3341783821157,8.250749020511648
1,2.8241739996679396,17.653543729999992,98.12168702466006,6.55681032495967
1,3.260833471691848,14.884360059999983,100.23046784973498,7.547822078820019
1,3.053295699817367,14.884359569999997,100.39179534454942,8.423599907812843
1,2.9254524323426865,15.576656101999996,99.93085964507951,7.939617423369441
1,3.02008965631745,16.268951846999993,99.89628946761927,8.008757778289933
1,2.7909679561680227,8.999845671,99.70039179534454,7.490205116386264
1,3.307321932591732,21.11502280999999,100.16132749481447,8.319889375432126
1,2.7859870496430355,12.461325029999992,98.92832449873242,7.109933164323564
1,3.294039515191765,13.153620929999995,100.46093569946993,9.26480755934547
1,2.834135812717915,17.307395440000004,100.53007605439042,8.607974187600831
1,3.3106425369417236,15.23050809000002,100.8873012214796,8.55035722516709
1,3.17615806076706,17.30739516,99.56211108550357,7.444111546439274
1,2.6265980408434335,21.807318450000004,98.92832449873242,6.637474072366899
1,3.0184293541424543,19.38428318,99.68886840285779,7.605439041253746
1,2.8175327909679564,10.384437365000002,99.6427748329108,7.467158331412762
1,3.056616304167359,14.192064350000004,99.23945609587463,7.455634938926025
1,3.207703802091981,11.07673341,100.05761696243374,7.640009218713985
1,3.5198406109912006,13.499768689999996,101.45194745333026,9.852500576169618
1,3.2209862194919476,21.115022950000004,100.73749711915187,8.550357225167076
1,2.7727046322430686,14.884360499999998,100.17285088730121,8.123991703157387
1,3.1794786651170517,11.769028919999986,99.36621341322885,7.478681723899513
1,3.2193259173169517,14.884360287999998,99.46992394560958,7.582392256280244
1,3.428523991366429,12.115177020000003,100.78359068909887,8.654067757547821
1,3.4002988543914996,13.153620390000016,99.52754090804333,8.135515095644166
1,2.978582101942554,26.30724152,99.42383037566259,7.1329799492970665
1,2.8357961148929105,11.76902895599999,99.78105554275179,8.181608665591142
1,3.270795284741823,20.768874719999992,101.70546208803873,9.02281631712377
1,3.054956001992363,12.115177120000002,100.36874855957593,8.285319197971887
1,3.053295699817367,13.84591626000001,100.02304678497349,7.686102788660975
1,3.2010625933919976,16.268952149999993,100.61073980179765,8.803871859875557
1,3.0117881454424706,18.345839139999995,99.05508181608666,7.490205116386264
1,3.154574132492114,24.230353409999996,99.23945609587463,7.60543904125376
1,2.920471525817699,30.461016240000017,99.51601751555657,7.121456556810315
1,3.17615806076706,14.884360470000003,100.79511408158561,8.757778289928552
1,3.3255852565166863,15.922803781999995,100.0,8.170085273104405
1,3.0084675410924793,23.538057979999998,99.45840055312284,6.879465314588614
1,3.119707786817201,18.34583940999997,98.38672505185527,6.9831758469693455
1,3.365432508716587,19.03813526399999,101.39433049089652,10.013828070984104
1,3.458409430516354,16.268951660000017,99.89628946761927,8.780825074902054
1,3.1329902042171676,15.576655956000003,99.70039179534454,7.640009218713985
1,3.3040013282417404,23.19190992,100.39179534454942,7.536298686333254
1,3.370413415241574,23.53805803399999,100.8873012214796,7.83590689098871
1,3.269134982566827,21.807318469999988,99.81562572021203,7.2482138741645485
1,3.265814378216836,20.768874693999997,100.71445033417838,8.239225628024883
1,2.86402125186784,13.153620078999971,99.18183913344089,7.248213874164563
1,3.285738004316786,16.61509961,101.17538603364831,9.11500345701775
1,3.149593225967126,12.115176669999991,100.67988015671814,7.812860106015208
1,2.966959986717583,15.230508119000007,99.32011984328186,7.628485826227234
1,3.1578947368421053,14.53821222,100.08066374740723,7.213643696704295
1,3.0250705628424375,16.268951680000008,100.19589767227473,7.640009218713999
1,3.362111904366595,12.461324589999998,99.35469002074211,7.755243143581467
1,3.044994188942388,13.845916450000004,101.0025351463471,8.607974187600846
1,2.842437323592894,16.615099726000004,99.3777368057156,7.870477068448949
1,3.3123028391167195,15.23050833999999,100.76054390412537,8.35445955289238
1,2.857380043167857,12.807472690000006,100.09218713989398,7.778289928554969
1,3.152913830317118,15.922803889999994,100.3802719520627,7.74371975109473
1,3.494936078366263,16.268950650000086,103.6183452408389,11.396635169393875
1,3.6410426697658975,14.192064192000002,101.02558193132059,8.976722747176765
1,2.988543914992529,16.615099450000002,99.65429822539755,7.663056003687487
1,3.3455088826166364,17.99969175,99.7580087577783,8.031804563263435
1,3.15623443466711,17.99969238799999,99.6658216178843,7.570868863793493
1,3.1811389672920476,17.99969111000001,100.35722516708918,9.241760774371969
1,2.7378382865681554,18.34583905999999,99.12422217100715,6.775754782207883
1,3.350489789141624,26.999536749999983,100.2650380271952,8.561880617653827
1,3.1130665781172175,11.076733001999989,99.88476607513252,9.080433279557496
1,3.68421052631579,21.461170319999994,100.18437427978797,8.734731504955064
1,3.0184293541424543,22.84576215999999,99.94238303756626,7.755243143581467
1,3.1147268802922135,22.84576233999999,100.3802719520627,7.686102788660989
1,2.963639382367591,15.922803789999994,99.12422217100715,7.144503341783832
1,2.9586584758426038,13.499768527,99.59668126296381,8.780825074902054
1,3.1163871824672094,17.653543285999994,100.39179534454942,8.354459552892365
1,2.820853395317948,12.461324745000004,98.37520165936851,6.683567642313889
1,3.186119873817035,21.461170509999995,98.73242682645771,6.51071675501268
1,2.6282583430184294,16.268951776,98.27149112698778,5.969117308135509
1,3.0582766063423543,15.922803795000005,99.25097948836137,7.052316201889823
1,3.1811389672920476,19.730431219999993,101.34823692094952,8.49274026273335
1,3.063257512867342,11.076732900999994,100.046093569947,7.778289928554983
1,3.0350323758924125,13.49976892,100.6222631942844,8.607974187600831
1,3.393657645691516,16.268951936000004,100.09218713989398,8.308365982945375
1,2.986883612817533,15.576655956000003,99.46992394560958,7.490205116386264
1,3.2060434999169853,11.769028960000004,99.6658216178843,7.467158331412762
1,2.9171509214677074,13.499768300000001,100.11523392486748,7.812860106015208
1,3.0084675410924793,17.999691400000014,99.98847660751325,7.743719751094716
1,3.171177154242072,11.076733183,100.82968425904586,8.769301682415303
1,3.0948032541922634,17.307395519999996,100.05761696243374,8.170085273104405
1,3.194421384692014,17.99969135000001,100.64530997925789,8.561880617653841
1,3.051635397642371,13.845916270000023,99.32011984328186,7.905047245909188
1,3.260833471691848,21.115022589999995,100.6222631942844,8.49274026273335
1,3.1329902042171676,14.538212199999991,100.32265498962896,8.227702235538146
1,3.073219325917317,26.307241139999977,98.91680110624567,7.1790735192440565
1,3.1695168520670762,17.307395569999983,101.25604978105554,7.951140815856192
1,3.0483147932923793,24.230353519999998,101.40585388338327,8.815395252362293
1,2.963639382367591,15.576656210000003,99.6427748329108,7.478681723899513
1,3.494936078366263,17.999691460000005,99.76953215026504,7.8820004609357
1,3.3239249543416904,13.845916509999988,99.33164323576861,7.340401014058543
1,3.2010625933919976,14.884360210000004,100.3802719520627,8.907582392256288
1,3.184459571642039,16.96124755999999,100.80663747407237,8.607974187600831
1,3.051635397642371,12.461325210000005,99.0435584235999,7.536298686333254
1,2.9470363606176324,15.922804610000018,98.88223092878543,6.9831758469693455
1,3.39199734351652,16.961248029999965,101.20995621110855,9.748790043788887
1,3.1114062759422216,26.30724154000001,99.89628946761927,8.204655450564644
1,3.5065581935912338,13.845916621999988,98.8476607513252,7.663056003687487
1,2.7378382865681554,14.538212239000003,100.50702926941693,8.158561880617668
1,2.5734683712435666,11.422881086999995,99.93085964507951,7.455634938926011
1,2.8972272953677574,11.422881049999999,99.19336252592763,7.720672966121214
1,2.996845425867508,14.884360410000003,100.11523392486748,8.239225628024883
1,3.4185621783164537,16.615099429999994,100.21894445724821,8.193132058077893
1,3.3438485804416405,17.653543546,100.8873012214796,8.665591150034572
1,3.1994022912170017,16.268951834999996,100.2880848121687,8.631020972574333
1,2.8291549061929273,14.538212023999996,98.39824844434202,6.188061765383736
1,3.4401461065914,10.384437409999991,100.3341783821157,8.054851348236923
1,3.1911007803420226,13.499768340000003,100.85273104401935,8.342936160405614
1,2.8723227627428196,16.961247443999987,99.86171929015903,7.559345471306756
1,3.0798605346173007,21.461170550000006,100.06914035492049,7.755243143581481
1,3.076539930267309,13.499768849999995,99.43535376814935,7.305830836598304
1,3.0167690519674584,12.461325109999997,100.20742106476146,8.331412767918863
1,3.0383529802424043,18.69198723,99.43535376814935,7.916570638395953
1,3.230948032541923,12.11517673,100.48398248444342,7.778289928554969
1,3.0366926780674084,14.19206454,99.98847660751325,7.651532611200736
1,2.922131827992695,13.845916415,99.49297073058308,7.0523162018898375
1,2.634899551718413,6.922958010000006,97.59161097026964,6.303295690251204
1,3.0101278432674747,16.961247785999987,99.83867250518553,7.547822078820005
1,2.973601195417566,7.961402079999981,99.05508181608666,7.1445033417838175
1,3.1811389672920476,15.23050795000003,99.4007835906891,7.248213874164563
1,3.1180474846422053,13.84591689999999,99.7349619728048,7.83590689098871
1,3.3089822347667277,21.11502274,100.44941230698316,8.11246831067065
1,2.7179146604682054,13.153620639999993,99.34316662825536,7.156026734270569
1,2.73617798439316,14.538212439999999,99.28554966582162,7.21364369670431
1,3.3338867673916655,16.61510001999997,101.11776907121457,9.20719059691173
1,3.4152415739664623,17.999691699999985,100.78359068909887,8.988246139663516
1,2.787647351818031,13.153620399999994,99.17031574095414,7.92809403088269
1,3.1147268802922135,11.769029106999986,99.94238303756626,6.960129061995858
1,3.064917815042338,11.076733009999991,100.46093569946993,7.951140815856192
1,3.4152415739664623,16.96124765,100.32265498962896,7.882000460935714
1,3.1894404781670267,13.15362050999998,98.85918414381194,7.271260659138065
1,3.174497758592064,14.538212396000004,100.42636552200968,7.939617423369441
1,3.151253528142122,7.269106372000018,99.59668126296381,7.467158331412762
1,3.659305993690852,19.038135229999998,101.30214335100254,9.276330951832222
1,3.4335048978914164,16.615099849999975,100.9103480064531,9.26480755934547
1,2.7976091648680064,16.61509978999999,99.22793270338788,7.536298686333254
1,3.4766727544413087,21.461170349000003,100.85273104401935,8.73473150495505
1,2.8723227627428196,13.499768059999985,100.58769301682415,8.331412767918877
1,3.70413415241574,15.23050808,101.22147960359528,9.276330951832207
1,3.1097459737672257,18.691986799999995,100.73749711915187,7.997234385803168
1,3.6111572306159725,37.73012220999998,100.61073980179765,8.677114542521323
1,3.1911007803420226,19.730430879999986,101.15233924867482,9.03433970961052
1,2.9354142453926615,17.307395566,99.29707305830836,6.78727817469462
1,3.342188278266645,16.26895193999999,100.06914035492049,8.319889375432126
1,3.46006973269135,13.845916500000001,100.9333947914266,9.080433279557496
1,3.3156234434667113,14.884360249999986,102.1087808250749,8.792348467388791
1,3.194421384692014,21.807318079999984,100.31113159714221,8.285319197971887
1,2.834135812717915,12.807472859999985,99.49297073058308,8.193132058077893
1,3.679229619790802,19.038134969999998,101.37128370592303,9.460705231620196
1,3.2575128673418563,16.615099895000004,99.51601751555657,7.547822078819991
1,3.295699817366761,19.730430959999985,100.51855266190366,7.974187600829666
1,3.0034866345674915,16.961247580000006,99.03203503111317,6.8333717446416244
1,2.854059438817865,21.461170527,99.25097948836137,7.075362986863325
1,2.9154906192927115,10.384437300000014,99.67734501037106,7.07536298686334
1,3.1695168520670762,14.884360148000006,99.56211108550357,7.8820004609357
1,3.3787149261165537,22.499614460000007,100.19589767227473,7.882000460935714
1,3.7157562676407108,25.268797579999994,101.18690942613506,8.573404010140592
1,2.968620288892579,9.69214175000001,99.58515787047708,7.524775293846517
1,3.0001660302174997,17.999691149999993,99.76953215026504,7.593915648766995
1,2.942055454092645,11.769028989,99.15879234846739,7.2482138741645485
1,3.262493773866844,22.499614230000013,100.80663747407237,8.492740262733363
1,3.152913830317118,19.038134859999996,101.46347084581701,8.515787047706851
1,3.6393823675909016,14.884360280000008,101.84374279787968,9.956211108550349
1,3.7456417067906362,16.26895215000001,101.55565798571101,8.953675962203292
1,3.4866345674912838,15.230508100000009,101.4865176307905,8.861488822309283
1,3.0815208367922966,21.807318269999996,100.80663747407237,8.400553122839383
1,2.9503569649676242,24.922649727000007,99.74648536529153,7.720672966121214
1,3.1246886933421885,25.268797840000005,100.96796496888685,8.342936160405628
1,3.4002988543914996,18.691986939999996,99.95390643005301,8.58492740262733
1,3.4135812717914664,15.230507919999983,101.01405853883382,8.458170085273096
1,2.6182965299684544,12.115176879999977,100.11523392486748,8.100944918183913
1,2.847418230117882,18.345839179999995,99.29707305830836,7.35192440654528
1,2.8955669931927615,15.230508269999994,99.20488591841438,6.74118460474763
1,2.965299684542587,12.461324685000005,100.55312283936391,7.97418760082968
1,2.9387348497426533,18.345839311000002,99.56211108550357,7.501728508873015
1,2.7394985887431513,21.461170340000002,99.57363447799032,7.893523853422451
1,3.0582766063423543,12.461325138999959,100.31113159714221,7.928094030882704
1,3.6294205545409266,25.614945242,101.90135976031343,9.091956672044248
1,3.0798605346173007,15.230508540000006,99.91933625259276,8.596450795114066
1,2.5734683712435666,18.345839345000005,99.70039179534454,7.524775293846503
1,3.365432508716587,27.345685148,100.34570177460245,8.008757778289933
1,3.0948032541922634,11.422880898000024,100.79511408158561,7.858953675962198
1,3.5248215175161883,19.730430819999995,101.62479834063147,8.446646692786345
1,3.2126847086169685,12.46132499199999,99.72343858031805,8.262272412998385
1,3.063257512867342,18.691987419999986,100.74902051163863,8.285319197971887
1,2.966959986717583,12.461324929999998,100.34570177460245,7.686102788660989
1,2.8241739996679396,10.384437679999985,100.50702926941693,8.2622724129984
1,3.282417399966794,19.38428296000001,100.31113159714221,8.331412767918891
1,3.3986385522165037,14.538212329999995,101.1292924637013,8.723208112468313
1,3.0931429520172675,17.307395370000002,99.80410232772529,7.501728508873015
1,3.166196247717085,28.38412851799999,100.8873012214796,8.389029730352604
1,3.3272455586916823,20.07657872999999,101.11776907121457,8.227702235538146
1,3.0682384193923298,17.653543320000004,99.60820465545056,7.490205116386264
1,3.1479329237921303,20.422726759999993,100.46093569946993,7.732196358607979
1,3.470031545741325,20.768874675,100.06914035492049,8.054851348236923
1,3.033372073717417,11.076732609999993,99.7119151878313,8.043327955750172
1,3.182799269467043,12.461324600000003,100.80663747407237,8.45817008527311
1,3.031711771542421,20.76887465999999,99.27402627333487,8.112468310670664
1,3.071559023742321,11.769028989999999,100.80663747407237,7.974187600829694
1,2.976921799767558,20.768874498000013,100.48398248444342,8.250749020511634
1,3.1678565498920808,15.230508310000012,100.67988015671814,8.619497580087582
1,2.9935248215175165,12.461324907000005,99.76953215026504,7.35192440654528
1,2.8490785322928773,13.499768569999997,98.57109933164323,6.960129061995843
1,3.2176656151419563,13.499768323999989,100.34570177460245,7.97418760082968
1,2.663124688693342,12.115176910000008,99.85019589767228,8.112468310670664
1,3.3986385522165037,20.076579259999974,99.9769532150265,7.893523853422451
1,2.8042503735679896,7.615254067999993,99.30859645079512,7.063839594376589
1,3.182799269467043,14.192064557999993,100.9564415764001,8.331412767918877
1,3.02008965631745,10.730585141000038,99.85019589767228,7.939617423369441
1,3.3172837456417072,20.42272710999998,101.63632173311822,9.668126296381644
1,3.2475510542918813,21.115022839999984,100.9103480064531,8.723208112468313
1,3.5281421218661797,22.15346613399998,101.52108780825075,9.702696473841897
1,3.1263489955171844,19.038135330000006,100.55312283936391,7.812860106015208
1,3.0682384193923298,16.268951489999985,99.86171929015903,7.755243143581481
1,3.6211190436659475,15.922803838000002,100.20742106476146,9.045863102097258
1,3.54806574796613,20.76887488000001,101.90135976031343,9.161097026964725
1,3.2990204217167527,16.615099673999996,100.09218713989398,8.711684719981562
1,2.940395151917649,16.615099767000004,100.0,7.997234385803182
1,3.0997841607172507,15.922803999999998,98.1793039870938,7.674579396174238
1,3.3156234434667113,14.192064580000007,99.59668126296381,7.997234385803168
1,3.0815208367922966,16.615099659999988,100.2419912422217,8.96519935469
1,2.865681554042836,14.88436029999999,100.49550587693017,8.342936160405628
1,3.0151087497924625,14.884360267999984,100.09218713989398,7.893523853422437
1,2.7378382865681554,22.499614262999994,98.45586540677576,5.784743028347549
1,2.961979080192595,16.615099780000005,99.53906430053007,7.824383498501959
1,3.252531960816869,11.076733184999998,99.59668126296381,7.778289928554955
1,3.119707786817201,17.30739550000001,98.83613735883844,7.109933164323579
1,3.1462726216171344,14.192064321999998,100.29960820465544,8.953675962203263
1,3.10808567159223,15.576655820000008,99.00898824613967,7.421064761465786
1,2.659804084343351,14.192064490000012,99.94238303756626,7.870477068448949
1,3.073219325917317,15.922803849999985,98.69785664899746,6.810324959668122
1,3.3222646521666945,9.692141511,100.06914035492049,8.481216870246612
1,3.747302008965632,16.961247800000006,101.59022816317125,9.287854344318973
1,2.847418230117882,14.192063990000007,99.1126987785204,7.225167089191061
1,3.2027228955669935,21.11502262700001,101.0025351463471,8.654067757547836
1,3.159555039017101,19.38428277,99.94238303756626,7.363447799032031
1,3.149593225967126,16.268951510000004,99.4007835906891,7.8820004609357
1,3.2342686368919145,21.46117050000002,100.65683337174465,8.573404010140607
1,2.9918645193425206,12.461324729999994,99.63125144042407,7.2597372666513
1,2.8905860866677737,17.307395190000012,100.16132749481447,7.697626181147726
1,3.0167690519674584,15.230508140000008,99.56211108550357,8.008757778289933
1,3.602855719740993,24.922649630000002,101.2445263885688,9.149573634477989
1,3.6559853893408603,21.461170628999987,99.63125144042407,7.501728508873015
1,2.759422214843102,12.807472735,99.98847660751325,7.97418760082968
1,3.1097459737672257,17.307395389999957,100.74902051163863,8.250749020511634
1,3.2160053129669603,10.73058530000002,100.47245909195668,8.631020972574333
1,3.2143450107919644,13.499768400000002,100.2880848121687,7.905047245909202
1,3.119707786817201,15.922803856000003,100.34570177460245,8.170085273104405
1,3.0001660302174997,15.576655989999994,100.17285088730121,7.847430283475433
1,3.1130665781172175,24.576501649,99.4007835906891,7.282784051624802
1,3.3023410260667445,13.153620720000001,100.01152339248675,8.68863793500806
1,3.416901876141458,16.268951530000013,100.50702926941693,8.331412767918891
1,3.577951187116055,17.99969149,100.9333947914266,8.250749020511634
1,3.3139631412917154,25.961093479999995,100.40331873703619,7.651532611200736
1,3.297360119541757,14.884360168999992,100.10371053238075,7.951140815856206
1,3.5430848414411424,19.730431150000015,101.40585388338327,9.64507951140817
1,3.2359289390669104,17.307395680000013,101.08319889375433,9.1265268495045
1,2.9138303171177156,20.422726797999996,100.046093569947,7.547822078820005
1,3.3255852565166863,12.46132518000001,100.76054390412537,8.769301682415303
1,3.1280092976921803,15.576656190000019,101.40585388338327,9.299377736805724
1,2.9802424041175497,16.961247440000008,99.4007835906891,7.593915648767009
1,2.7394985887431513,12.807472479999994,99.82714911269878,7.444111546439274
1,3.2873983064917818,19.73043114999998,100.5761696243374,9.21871398939848
1,3.491615474016271,15.922803769999994,101.55565798571101,9.587462548974429
1,3.0217499584924457,17.307395640000006,99.20488591841438,7.478681723899513
1,3.229287730366927,19.730430828999996,99.81562572021203,7.21364369670431
1,3.5563672588411093,17.999691379999994,100.59921640931091,8.83844203733581
1,3.1263489955171844,17.65354359,99.23945609587463,7.351924406545294
1,2.9287730366926783,15.576655810000004,100.2650380271952,7.905047245909202
1,3.35215009131662,23.191910000000007,101.26757317354229,8.446646692786345
1,3.0018263323924956,17.307395740000015,98.96289467619268,7.674579396174238
1,3.6543250871658643,11.422881170000016,100.046093569947,8.40055312283937
1,3.7091150589407276,13.153620799999983,100.81816086655913,8.458170085273125
1,3.2209862194919476,15.576655079999993,100.43788891449643,8.123991703157415
1,2.8025900713929937,12.115176794000002,99.1357455634939,7.409541368979035
1,3.030051469367425,12.807472714000001,98.69785664899746,6.8794653145886
1,2.779345840943052,8.99984522,98.59414611661673,6.718137819774128
1,2.7096131495932263,10.73058527999996,98.34063148190828,5.923023738188519
1,3.493275776191267,18.691987399999995,100.47245909195668,8.123991703157415
1,2.933753943217666,20.768874734000008,98.54805254666974,6.856418529615112
1,2.8059106757429855,11.422881109999999,99.68886840285779,8.262272412998371
1,3.2060434999169853,11.422881063999998,100.17285088730121,8.11246831067065
1,2.75610161049311,12.115176759999978,98.91680110624567,7.893523853422437
1,3.031711771542421,15.922803539999991,99.88476607513252,7.893523853422451
1,2.8607006475178482,12.115176629999992,98.61719290159023,7.0523162018898375
1,2.7909679561680227,12.461324547000004,98.8015671813782,7.328877621571792
1,2.9237921301676906,10.384437319999996,100.35722516708918,8.342936160405614
1,3.3870164369915328,21.46117069200001,100.67988015671814,8.58492740262733
1,3.0948032541922634,18.345839469999998,100.43788891449643,8.331412767918877
1,3.451768221816371,11.422881140000003,101.78612583544594,9.207190596911715
1,3.0001660302174997,12.461324869999999,100.65683337174465,8.389029730352632
1,3.2143450107919644,11.076733154,99.45840055312284,7.778289928554969
1,3.4152415739664623,13.845916571999984,99.43535376814935,8.400553122839383
1,2.747800099618131,15.23050813999999,100.70292694169163,7.593915648766995
1,3.275776191266811,11.769029180000011,101.69393869555196,9.990781286010588
1,3.2458907521168854,14.884360269999986,100.13828070984098,8.239225628024897
1,2.961979080192595,12.807472619999999,99.9769532150265,7.582392256280244
1,2.6315789473684212,15.230508239999999,98.25996773450105,6.141968195436746
1,3.6211190436659475,16.268951899999998,101.62479834063147,9.806407006222614
1,2.759422214843102,14.538212252999996,99.22793270338788,6.7872781746946345
1,3.2326083347169186,14.538212464000003,100.9564415764001,8.319889375432126
1,3.0682384193923298,10.730585258999998,101.08319889375433,8.40055312283937
1,3.448447617466379,14.884360400000007,101.47499423830375,9.241760774371969
1,3.119707786817201,12.807472757999996,99.59668126296381,7.467158331412762
1,3.6344014610659143,26.99953697000001,101.26757317354229,9.149573634477989
1,3.043333886767392,16.61509993,100.8873012214796,8.043327955750172
1,3.1130665781172175,17.99969135000001,99.00898824613967,7.709149573634477
1,3.171177154242072,13.84591583,100.41484212952294,8.573404010140592
1,3.1346505063921635,24.57650169000001,100.6222631942844,7.8820004609357
1,3.2326083347169186,20.07657864999998,100.18437427978797,7.444111546439274
1,3.2193259173169517,11.076732869999967,101.23300299608205,8.64254436506107
1,3.254192262991865,21.461170490000004,99.68886840285779,7.167550126757305
1,2.7926282583430186,20.076578799999993,99.80410232772529,8.123991703157415
1,3.144612319442139,12.461325189999988,99.35469002074211,7.547822078820019
1,3.4451270131163874,15.230508309999994,100.51855266190366,9.16109702696474
1,2.986883612817533,13.499768890000013,100.31113159714221,8.147038488130917
1,2.7843267474680395,21.807318422000005,98.92832449873242,6.960129061995843
1,2.721235264818197,11.769028639999997,98.83613735883844,7.317354229085041
1,2.656483479993359,12.11517728000001,99.44687716063609,7.374971191518782
1,3.074879628092313,13.845916579999992,99.21640931090113,7.801336713528457
1,3.6128175327909684,12.807472870000005,102.55819313205808,9.944687716063612
1,2.634899551718413,10.730585089000002,99.03203503111317,6.7527079972343955
1,3.2259671260169354,14.538212288999997,99.0435584235999,7.121456556810315
1,3.1794786651170517,23.884205790000003,100.40331873703619,8.757778289928552
1,3.3787149261165537,18.34583933,101.15233924867482,9.287854344318973
1,2.9918645193425206,23.88420582200001,99.68886840285779,7.559345471306742
1,3.129669599867176,18.69198762999998,100.50702926941693,8.45817008527311
1,3.159555039017101,14.192064169999988,100.77206729661212,7.951140815856178
1,2.930433338867674,23.191910109999984,100.046093569947,7.351924406545294
1,3.3554706956666114,12.115176609999999,101.11776907121457,8.942152569716527
1,2.9171509214677074,12.115177050000016,99.7349619728048,6.8333717446416244
1,3.044994188942388,15.576656279999998,100.67988015671814,8.803871859875542
1,2.975261497592562,13.845916553999992,100.13828070984098,7.60543904125376
1,3.056616304167359,12.461324739999995,100.55312283936391,8.216178843051395
1,2.8241739996679396,19.730430840000004,100.2650380271952,8.031804563263421
1,3.3006807238917486,11.769029000999998,100.36874855957593,7.766766536068218
1,3.154574132492114,13.153620749999996,99.89628946761927,7.432588153952523
1,3.1280092976921803,14.192064381000034,100.12675731735423,8.31988937543214
1,3.3255852565166863,21.461170469999995,99.51601751555657,7.697626181147712
1,2.8939066910177655,11.076733142000002,100.36874855957593,8.181608665591142
1,3.1246886933421885,17.30739588999999,99.74648536529153,7.593915648766995
1,2.996845425867508,12.115176795999991,98.90527771375893,7.0868863793500765
1,3.1064253694172344,17.653543489999976,100.11523392486748,8.389029730352618
1,3.0948032541922634,14.88436041999999,99.28554966582162,7.282784051624802
1,3.7074547567657317,17.30739538,101.79764922793271,9.575939156487678
1,3.056616304167359,11.076733171999999,99.6427748329108,8.262272412998385
1,2.9586584758426038,11.769028840000022,100.10371053238075,7.928094030882704
1,3.504897891416238,24.922649579999998,101.27909656602905,9.356994699239465
1,3.0151087497924625,16.268952059999997,100.70292694169163,8.815395252362293
1,3.139631412917151,15.576656199999999,100.06914035492049,8.02028117077667
1,2.550224140793625,10.038289219999998,99.18183913344089,7.21364369670431
1,3.2093641042669767,11.769028810000009,101.08319889375433,8.873012214796049
1,2.779345840943052,10.73058501000001,98.98594146116618,7.07536298686334
1,2.95201726714262,12.461324880000003,100.09218713989398,7.92809403088269
1,2.842437323592894,10.73058598,98.87070753629868,7.21364369670431
1,2.95201726714262,18.345839480000002,99.86171929015903,7.78981332104172
1,2.6315789473684212,16.26895219000001,99.0435584235999,7.732196358607979
1,3.56798937406608,16.96124748900001,101.0025351463471,8.561880617653856
1,2.8374564170679064,12.807472399999986,99.26250288084813,7.593915648767009
1,3.6543250871658643,25.96109362999999,101.29061995851578,9.529845586540674
1,2.834135812717915,18.34583931399999,100.11523392486748,7.559345471306756
1,3.141291715092147,22.153466150000003,99.63125144042407,7.755243143581467
1,3.4351652000664123,12.115177210000006,100.8642544365061,8.342936160405614
1,3.041673584592396,9.692140920000009,100.55312283936391,8.216178843051395
1,3.383695832641541,18.345839425000005,100.71445033417838,7.997234385803182
1,2.6714261995683217,13.845916249999988,100.14980410232772,7.409541368979021
1,3.076539930267309,14.884360050000005,99.74648536529153,7.582392256280244
1,3.086501743317284,10.38443719199999,99.55058769301682,8.170085273104405
1,2.8009297692179977,14.884360379999999,99.56211108550357,7.8820004609357
1,3.2442304499418895,16.268951920000006,99.89628946761927,7.709149573634477
1,3.08816204549228,15.576655940000016,101.02558193132059,9.138050241991252
1,3.1114062759422216,17.653543446,100.80663747407237,8.147038488130917
1,3.230948032541923,19.03813521,100.09218713989398,7.905047245909188
1,2.711273451768222,14.884360157999994,99.61972804793731,7.570868863793493
1,3.5563672588411093,23.53805781999998,100.82968425904586,8.49274026273335
1,3.159555039017101,22.499614599999997,99.85019589767228,7.997234385803182
1,2.7511207039681222,16.26895221099999,98.21387416455406,7.536298686333268
1,2.7976091648680064,16.26895201000001,99.22793270338788,7.190596911730822
1,3.1811389672920476,13.845916400000018,100.63378658677114,9.115003457017735
1,3.187780175992031,11.769029120000003,99.74648536529153,7.893523853422437
1,2.9237921301676906,12.807472906000012,99.33164323576861,7.444111546439274
1,3.5962145110410098,16.961247486,100.71445033417838,8.757778289928552
1,3.3106425369417236,15.230507869999995,100.39179534454942,8.642544365061056
1,3.5414245392661465,19.38428302,100.87577782899287,8.94215256971654
1,2.7959488626930105,12.461324749999998,98.59414611661673,6.165014980410234
1,3.0948032541922634,17.653543640000006,100.02304678497349,7.939617423369441
1,3.2907189108417736,16.961247745999987,100.55312283936391,8.619497580087582
1,3.149593225967126,13.153621019999983,99.85019589767228,8.584927402627343
1,3.252531960816869,17.65354366000001,100.72597372666515,9.299377736805724
1,2.5950522995185126,22.49961436,99.12422217100715,7.328877621571792
1,2.9586584758426038,18.34583908999999,99.36621341322885,7.524775293846503
1,3.229287730366927,13.49976872,100.29960820465544,7.30583083659829
1,3.2243068238419395,17.999691427000002,100.97948836137358,8.757778289928552
1,3.270795284741823,17.65354365,99.61972804793731,8.089421525697162
1,2.945376058442637,15.57665621999999,99.0205116386264,7.2597372666513
1,2.9835630084675415,12.461324844999991,99.3777368057156,8.665591150034572
1,3.4766727544413087,17.99969121000002,100.47245909195668,8.700161327494826
1,3.0948032541922634,16.615099885999992,100.78359068909887,8.435123300299608
1,3.141291715092147,15.922803489999987,99.29707305830836,7.582392256280244
1,3.561348165366097,10.38443721000001,101.509564415764,8.988246139663516
1,3.096463556367259,14.192064180000001,100.85273104401935,8.239225628024883
1,3.1246886933421885,14.884360399999972,100.34570177460245,8.35445955289238
1,3.144612319442139,20.422726800000003,100.61073980179765,8.631020972574333
1,2.7976091648680064,12.461324839999985,98.97441806867941,7.593915648766995
1,3.2342686368919145,23.538057979999998,99.96542982253975,8.642544365061056
1,2.570147766893575,10.384437600000012,99.51601751555657,6.752707997234381
1,3.2209862194919476,12.807472664999995,99.43535376814935,7.766766536068232
1,2.6830483147932926,10.730585254000003,100.09218713989398,7.663056003687487
1,2.6979910343682554,14.192064449999995,100.56464623185066,7.674579396174238
1,3.682550224140794,20.076578775,101.07167550126756,9.068909887070745
1,3.2342686368919145,21.46117080000001,101.34823692094952,8.412076515326106
1,3.1031047650672425,19.38428269,99.6427748329108,7.501728508873001
1,3.142952017267143,14.538212069999997,100.56464623185066,8.97672274717678
1,3.3986385522165037,15.922803650000004,99.57363447799032,7.766766536068232
1,3.1014444628922466,18.34583920999999,100.70292694169163,8.481216870246598
1,4.002988543914993,16.615099900000004,101.8667895828532,9.541368979027425
1,3.370413415241574,21.46117044999998,100.54159944687714,8.642544365061056
1,3.2243068238419395,23.884206160000012,100.01152339248675,8.296842590458638
1,3.6393823675909016,21.80731842000001,101.35976031343628,9.21871398939848
1,3.373734019591566,20.076579049000003,100.18437427978797,8.746254897441816
1,3.28407770214179,15.922803640000017,99.83867250518553,7.1445033417838175
1,2.8142121866179646,15.576655949999987,98.81309057386495,7.225167089191075
1,3.7157562676407108,19.384283008999997,101.92440654528694,9.345471306752714
1,3.4368255022414083,13.153620638000005,100.10371053238075,8.342936160405642
1,2.7826664452930436,14.538212129999987,99.36621341322885,7.35192440654528
1,2.4024572472189942,18.345839119999987,97.45333026042867,5.911500345701782
1,3.031711771542421,11.769028729999992,99.93085964507951,8.308365982945375
1,3.1031047650672425,19.38428288000001,99.42383037566259,7.30583083659829
1,3.0815208367922966,16.268951745999995,100.74902051163863,8.377506337865867
1,3.2259671260169354,14.192064197999995,99.65429822539755,7.801336713528457
1,3.5065581935912338,14.884360590000002,100.58769301682415,8.389029730352604
1,3.17615806076706,15.576656269999985,101.30214335100254,8.873012214796049
1,2.8258343018429355,15.922803650000004,99.32011984328186,7.282784051624802
1,3.239249543416902,13.8459164,99.51601751555657,7.663056003687473
1,3.073219325917317,16.961247680000007,99.86171929015903,7.07536298686334
1,2.658143782168355,15.576656039999998,100.69140354920489,8.319889375432126
1,3.4152415739664623,13.84591668,100.72597372666515,8.584927402627343
1,3.380375228291549,13.499768460000002,101.34823692094952,9.472228624106918
1,2.646521666943384,14.192064329999992,98.45586540677576,6.476146577552441
1,2.9105097127677237,12.461324971000005,100.70292694169163,7.605439041253732
1,3.064917815042338,13.84591630000001,99.52754090804333,7.167550126757334
1,2.679727710443301,15.922803940000007,99.48144733809634,7.559345471306756
1,2.77602523659306,14.192063939999985,99.38926019820235,7.179073519244071
1,3.139631412917151,11.422880960000013,99.52754090804333,7.605439041253746
1,2.8839448779677905,16.615099849999986,100.50702926941693,7.55934547130677
1,3.6526647849908684,28.037980710000006,101.40585388338327,9.322424521779226
1,3.071559023742321,18.345839610000006,100.56464623185066,8.49274026273335
1,2.922131827992695,13.499768555,97.8681723899516,7.075362986863325
1,3.2326083347169186,26.99953716,100.05761696243374,8.250749020511648
1,3.0167690519674584,21.807318500000004,100.47245909195668,7.570868863793507
1,3.0250705628424375,21.115022700000008,100.01152339248675,8.135515095644152
1,2.5933919973435167,12.461324771000001,99.89628946761927,7.605439041253746
1,3.3239249543416904,20.42272659100001,100.21894445724821,8.44664669278636
1,2.9470363606176324,21.461170418000002,100.19589767227473,7.616962433740497
1,3.0234102606674416,10.730585300000005,100.77206729661212,8.481216870246598
1,3.2674746803918318,18.345839320000003,100.06914035492049,7.824383498501959
1,3.4086003652664787,23.884205820000005,101.06015210878083,8.907582392256288
1,3.033372073717417,19.03813491,100.23046784973498,8.054851348236937
1,3.494936078366263,16.61509989999999,101.09472228624108,8.619497580087582
1,3.4218827826664455,15.23050787999999,100.08066374740723,8.181608665591142
1,3.0034866345674915,17.653543668,100.40331873703619,7.582392256280244
1,3.2143450107919644,25.61494556999999,100.92187139893984,8.02028117077667
1,3.1479329237921303,22.499614138000002,99.33164323576861,7.467158331412762
1,2.9586584758426038,17.653543519999996,100.14980410232772,7.812860106015208
1,2.8939066910177655,11.769029059999994,100.03457017746025,7.766766536068232
1,3.1280092976921803,21.11502264,99.89628946761927,7.732196358607979
1,3.229287730366927,22.499613829999998,101.07167550126756,8.319889375432112
1,3.0682384193923298,13.499768830000004,100.80663747407237,8.780825074902054
1,3.70413415241574,14.538212245000002,100.79511408158561,8.458170085273096
1,2.963639382367591,11.769028955000001,100.11523392486748,7.997234385803182
1,2.9951851236925124,19.384282599999977,99.65429822539755,7.2366904816777975
1,2.711273451768222,13.499768733999991,99.0435584235999,7.0523162018898375
1,3.161215341192097,25.961093479999995,100.73749711915187,8.285319197971873
1,3.182799269467043,24.922649539999995,100.34570177460245,8.884535607282785
1,3.0134484476174666,15.576656260000014,99.46992394560958,7.063839594376589
1,3.162875643367093,19.73043087,99.34316662825536,6.844895137128361
1,3.166196247717085,17.999691220000006,99.29707305830836,8.607974187600817
1,3.7755271459405613,20.42272644,101.62479834063147,9.195667204424979
1,3.187780175992031,11.076733379999995,99.93085964507951,7.789813321041706
1,3.1147268802922135,15.57665591999999,99.60820465545056,7.605439041253746
1,3.1695168520670762,14.538212109999996,99.45840055312284,7.12145655681033
1,3.468371243566329,22.153466474,100.84120765153261,8.999769532150268
1,3.516520006641209,17.653543478,101.7515556579857,8.907582392256273
1,2.8972272953677574,10.730585259999996,100.23046784973498,7.893523853422465
1,2.6099950190934753,17.307395545,99.10117538603365,6.683567642313889
1,3.0997841607172507,25.614945449999972,100.78359068909887,8.665591150034572
1,3.1130665781172175,11.076733143999999,100.54159944687714,7.939617423369427
1,3.0283911671924293,12.461324350000018,101.09472228624108,8.642544365061084
1,2.766063423543085,13.845916426999995,101.11776907121457,8.331412767918877
1,3.3139631412917154,18.345839329999983,100.8873012214796,8.365982945379116
1,3.0034866345674915,16.96124746,99.7119151878313,8.123991703157415
1,2.9188112236427033,14.192063889999998,101.17538603364831,8.999769532150268
1,2.834135812717915,15.92280383800001,99.55058769301682,7.2597372666513
1,3.0184293541424543,14.192064439999992,100.78359068909887,7.65153261120075
1,3.184459571642039,14.192064409999988,98.95137128370592,7.2597372666513
1,2.930433338867674,18.69198723999998,100.54159944687714,8.147038488130889
1,3.3787149261165537,13.153620380000003,100.48398248444342,7.640009218713985
1,3.02008965631745,14.884360229999977,99.36621341322885,7.2943074441115385
1,3.373734019591566,11.769028985999995,100.3802719520627,8.020281170776698
1,3.086501743317284,10.730585460000013,99.88476607513252,7.2021203042175586
1,2.9835630084675415,14.19206459399999,99.74648536529153,7.317354229085041
1,3.1097459737672257,18.69198707,99.90781286010602,7.985710993316431
1,3.2326083347169186,20.07657906,99.4007835906891,7.363447799032045
1,2.5917316951685208,12.115176744999998,97.97188292233233,6.683567642313889
1,2.7013116387182468,11.769028990000008,98.35215487439503,6.533763539986168
1,2.8407770214178982,22.84576198,100.12675731735423,8.481216870246598
1,3.340527976091649,13.15362082000001,100.06914035492049,7.513251901359766
1,3.6061763240909848,19.038135319999984,100.9103480064531,8.504263655220115
1,3.0350323758924125,11.076733087999994,100.08066374740723,7.628485826227234
1,3.3903370413415246,27.34568486099999,100.54159944687714,9.091956672044233
1,3.0018263323924956,11.076733419999995,99.65429822539755,7.674579396174238
1,3.255852565166861,13.15362044999998,100.8873012214796,8.193132058077893
1,3.453428523991367,15.922804270000018,101.94745333026043,9.714219866328648
1,3.270795284741823,12.807472894999998,100.19589767227473,8.389029730352632
1,3.076539930267309,16.615099909999984,99.46992394560958,7.317354229085041
1,3.041673584592396,16.615099450000002,100.34570177460245,7.455634938926025
1,3.063257512867342,22.153466339999998,100.84120765153261,7.951140815856192
1,3.0383529802424043,12.461325070000015,99.6427748329108,7.628485826227234
1,2.754441308318114,14.192064400000017,99.34316662825536,7.640009218713985
1,2.538602025568654,8.307550081999986,97.53399400783591,6.303295690251218
1,3.254192262991865,17.999691496000004,100.09218713989398,7.547822078819991
1,2.9237921301676906,11.769028840000004,99.1126987785204,7.179073519244071
1,2.996845425867508,21.461170509999995,100.20742106476146,8.031804563263421
1,3.255852565166861,18.345839100000006,100.80663747407237,8.642544365061084
1,3.342188278266645,14.884360200000009,99.17031574095414,7.340401014058543
1,2.7494604017931263,13.153620710000006,99.29707305830836,8.11246831067065
1,3.365432508716587,22.499614119999983,100.29960820465544,8.700161327494797
1,3.2027228955669935,24.57650198999999,100.71445033417838,8.262272412998385
1,3.144612319442139,13.845916440000009,100.74902051163863,8.538833832680353
1,3.08816204549228,29.768720190000003,100.16132749481447,8.285319197971873
1,2.852399136642869,15.576656030000008,99.18183913344089,7.0407928094030865
1,3.0483147932923793,23.19191014,99.80410232772529,8.066374740723674
1,3.1695168520670762,17.30739527000002,100.09218713989398,8.123991703157401
1,3.141291715092147,12.807472870000014,100.05761696243374,8.435123300299608
1,3.073219325917317,13.499768479999984,100.73749711915187,9.126526849504486
1,3.991366428690022,17.65354383,100.97948836137358,9.230237381885217
1,3.197741989042006,15.230507959999965,100.12675731735423,7.78981332104172
1,2.966959986717583,13.845916840000017,98.98594146116618,7.052316201889852
1,3.0184293541424543,12.807472698999995,99.78105554275179,6.9486056695091065
1,3.6327411588909184,18.691987010000002,100.8642544365061,8.68863793500806
1,3.6177984393159557,37.03782669999999,101.27909656602905,9.864023968656383
1,2.6946704300182636,9.692141500000014,98.68633325651072,6.7872781746946345
1,3.481653660966296,14.538212305000002,101.8667895828532,9.241760774371983
1,3.2110244064419726,12.807472682,100.70292694169163,8.63102097257432
1,3.37207371741657,14.53821194000001,101.1984328186218,8.53883383268034
1,3.1363108085671594,18.345839179999995,100.31113159714221,8.30836598294539
1,3.1163871824672094,19.38428310000002,99.82714911269878,8.285319197971887
1,3.8967292047152586,21.461170479999993,101.85526619036645,8.838442037335795
1,2.875643367092811,18.691987440000013,100.55312283936391,8.365982945379116
1,2.940395151917649,14.884360137999998,99.17031574095414,7.444111546439274
1,3.2674746803918318,21.11502250599999,100.0,7.916570638395953
1,3.465050639216338,18.345839069999982,101.11776907121457,8.930629177229775
1,3.207703802091981,16.61509967800001,99.21640931090113,7.905047245909202
1,2.922131827992695,11.769028782999996,99.78105554275179,7.628485826227248
1,3.1064253694172344,24.230353735999998,100.87577782899287,8.573404010140592
1,3.054956001992363,21.115022589999988,100.23046784973498,8.181608665591156
1,3.368753113066578,13.499768550999995,100.32265498962896,8.469693477759861
1,3.1147268802922135,14.884360156999985,99.93085964507951,7.559345471306742
1,3.4467873152913833,17.307395459999988,100.87577782899287,9.149573634478003
1,2.996845425867508,11.769028986999999,99.46992394560958,8.354459552892365
1,3.1213680889921966,13.845916458999989,100.31113159714221,8.170085273104405
1,3.066578117217334,13.153620772999997,100.25351463470847,7.547822078820019
1,3.139631412917151,11.422881086000004,99.7580087577783,7.524775293846517
1,3.383695832641541,13.153620750000005,101.37128370592303,8.803871859875557
1,2.9486966627926283,15.230507934000004,100.44941230698316,8.82691864484903
1,3.5015772870662465,13.845916440000002,100.97948836137358,8.365982945379116
1,3.68421052631579,19.384283058999998,101.02558193132059,8.769301682415318
1,2.9055288062427365,18.34583925299999,99.88476607513252,7.1445033417838175
1,3.0034866345674915,6.922958237,99.88476607513252,7.628485826227248
1,3.2209862194919476,13.49976818999999,99.36621341322885,7.225167089191046
1,2.9586584758426038,16.96124761,99.56211108550357,7.467158331412762
1,3.1479329237921303,16.268951610000002,99.81562572021203,8.308365982945375
1,3.2226465216669435,19.38428328000001,100.41484212952294,8.331412767918891
1,2.7511207039681222,14.538212330000004,100.10371053238075,8.27379580548515
1,3.6061763240909848,21.11502234000001,101.0025351463471,9.161097026964754
1,2.998505728042504,20.42272657,99.83867250518553,7.858953675962212
1,2.8059106757429855,19.384282780000014,99.53906430053007,7.824383498501959
1,3.2126847086169685,21.461170397999993,100.54159944687714,8.11246831067065
1,2.7727046322430686,8.999845679999972,98.35215487439503,6.660520857340401
1,3.1994022912170017,12.115176900000003,100.67988015671814,8.423599907812871
1,3.071559023742321,10.038289607999994,100.56464623185066,8.515787047706837
1,3.342188278266645,13.499768648999945,101.46347084581701,8.757778289928567
1,2.945376058442637,8.653697859999989,99.51601751555657,7.421064761465757
1,2.862360949692844,14.538212460000008,100.21894445724821,7.3980179764922696
1,3.2043831977419894,13.499768730000005,100.14980410232772,7.444111546439274
1,3.3571309978416073,14.88436000000001,101.62479834063147,8.619497580087568
1,2.777685538768056,20.768874710000002,99.30859645079512,6.775754782207898
1,2.9088494105927283,17.99969157,99.36621341322885,7.455634938926011
1,3.1230283911671926,8.30754987800001,100.8873012214796,8.216178843051395
1,2.9918645193425206,13.845916446000002,99.83867250518553,7.905047245909202
1,3.129669599867176,14.884360499999998,101.27909656602905,8.907582392256288
1,2.9188112236427033,14.884360209999995,100.02304678497349,8.319889375432112
1,3.0034866345674915,16.268952060000007,99.67734501037106,7.97418760082968
1,3.1695168520670762,13.499768685000003,100.21894445724821,8.815395252362293
1,3.098123858542255,14.192064170000014,100.74902051163863,9.345471306752714
1,3.4218827826664455,14.192064320000009,100.87577782899287,8.861488822309298
1,3.3438485804416405,18.691987300000005,100.17285088730121,8.319889375432112
1,3.4434667109413915,11.769028800000005,100.10371053238075,8.112468310670678
1,2.7295367756931763,18.69198715000001,99.07812860106016,6.8333717446416244
1,3.161215341192097,30.114868338,99.26250288084813,7.421064761465786
1,2.975261497592562,16.961247900000014,100.09218713989398,8.077898133210411
1,3.164535945542089,20.422726699999995,100.41484212952294,8.066374740723674
1,3.4135812717914664,17.99969139,100.5761696243374,8.412076515326106
1,3.2575128673418563,21.461170750000004,100.73749711915187,8.988246139663502
1,2.998505728042504,21.115022528999997,99.72343858031805,7.501728508873015
1,3.2193259173169517,13.499768549999997,100.0,8.36598294537913
1,3.1230283911671926,10.730585159999997,99.81562572021203,8.377506337865867
1,3.1147268802922135,12.461324969999989,100.8873012214796,8.896058999769537
1,2.8839448779677905,13.499768517999998,99.78105554275179,7.812860106015208
1,3.151253528142122,22.845762130000004,100.48398248444342,8.965199354690014
1,3.285738004316786,22.153466319999993,100.40331873703619,7.616962433740497
1,3.1778183629420558,20.076579049999996,100.84120765153261,8.319889375432126
1,3.159555039017101,11.07673340999999,100.55312283936391,8.250749020511634
1,3.2907189108417736,13.153620879999984,100.08066374740723,8.02028117077667
1,3.1678565498920808,18.345839174000005,99.63125144042407,7.12145655681033
1,3.2209862194919476,16.961247889999992,101.06015210878083,8.377506337865867
1,3.4252033870164373,12.80747292000001,101.06015210878083,9.276330951832222
1,2.922131827992695,14.538212272,98.95137128370592,7.812860106015208
1,3.667607504565831,19.384283010000008,100.46093569946993,8.45817008527311
1,3.0217499584924457,14.192064050000006,99.87324268264577,7.3980179764922696
1,3.3670928108915827,23.53805760000001,101.07167550126756,8.25074902051162
1,2.978582101942554,15.922803680000008,99.98847660751325,8.285319197971873
1,3.0898223476672757,9.345993630000002,100.74902051163863,8.803871859875557
1,2.832475510542919,11.422881072000001,99.6658216178843,7.812860106015208
1,3.0798605346173007,16.961247632,100.2419912422217,8.077898133210411
1,3.4119209696164705,20.422726839999985,100.27656141968195,8.873012214796034
1,3.0914826498422716,14.884360017999999,99.59668126296381,6.971652454482594
1,2.965299684542587,16.268952019999997,99.7349619728048,7.812860106015208
1,3.0997841607172507,16.615100110000007,100.71445033417838,8.45817008527311
1,3.538103934916155,20.42272680700001,102.21249135745563,9.057386494584009
1,2.877303669267807,12.115176916000003,98.25996773450105,6.9831758469693455
1,2.930433338867674,15.576656019999998,99.51601751555657,7.1790735192440565
1,2.7278764735181804,15.230507240000003,98.62871629407698,6.925558884535604
1,3.056616304167359,14.884360305999996,100.12675731735423,8.031804563263421
1,2.787647351818031,14.19206412000001,100.27656141968195,8.53883383268034
1,3.674248713265815,14.538212589999986,100.27656141968195,8.988246139663516
1,3.3355470695666614,17.999691149999975,100.42636552200968,8.515787047706837
1,3.074879628092313,26.99953695,100.66835676423138,8.504263655220086
1,3.46006973269135,12.461324825,99.95390643005301,8.308365982945375
1,3.3355470695666614,17.307395440000004,100.9103480064531,9.1265268495045
1,2.9470363606176324,13.153620339999994,100.42636552200968,7.997234385803182
1,3.250871658641873,15.576655950000012,101.03710532380732,8.953675962203278
1,3.3455088826166364,29.076424500000027,101.5787047706845,9.460705231620196
1,3.0798605346173007,13.153620290000008,100.02304678497349,8.100944918183899
1,3.02008965631745,15.922803680000017,99.86171929015903,7.236690481677812
1,3.6111572306159725,12.807472739999984,100.99101175386033,8.68863793500806
1,2.998505728042504,15.230508069999978,99.56211108550357,7.628485826227248
1,3.2126847086169685,15.576655849999995,100.42636552200968,8.527310440193588
1,2.9055288062427365,10.730585110000009,100.14980410232772,8.515787047706851
1,3.2442304499418895,21.115022519999993,100.31113159714221,8.757778289928567
1,2.653162875643367,14.538212449999994,98.54805254666974,6.8333717446416244
1,3.2176656151419563,14.884361439999985,99.45840055312284,6.8909887070753655
1,2.766063423543085,21.115022507999992,99.20488591841438,7.12145655681033
1,3.1911007803420226,14.538211959999993,99.68886840285779,7.2597372666513
1,2.8822845757927946,13.499767929999999,99.56211108550357,7.478681723899527
1,3.262493773866844,17.999691287999994,101.29061995851578,8.82691864484903
1,2.930433338867674,14.884359940000008,101.33671352846278,8.49274026273335
1,3.3272455586916823,14.192064374999998,100.46093569946993,8.227702235538146
1,3.033372073717417,11.076733014000004,99.65429822539755,7.686102788660975
1,2.8025900713929937,19.730431160000002,98.45586540677576,7.0523162018898375
1,2.965299684542587,23.191909670000005,100.13828070984098,7.974187600829694
1,3.3986385522165037,17.307395685,100.71445033417838,8.40055312283937
1,3.061597210692346,14.884360085999992,98.536529154183,7.294307444111553
1,3.054956001992363,9.692140759999974,100.74902051163863,8.492740262733363
1,3.0034866345674915,15.23050806,100.31113159714221,8.262272412998385
1,3.3438485804416405,11.076733330000009,100.3341783821157,8.147038488130903
1,3.0798605346173007,12.461324540000003,99.53906430053007,7.409541368979021
1,2.9918645193425206,13.153620630000002,99.0205116386264,7.0292694169163354
1,3.4019591565664955,27.691832979999983,101.22147960359528,8.861488822309283
1,3.2276274281919313,20.07657894000001,100.10371053238075,7.951140815856206
1,3.4667109413913333,13.845916650000008,100.2650380271952,7.801336713528457
1,3.1778183629420558,19.730430756999993,100.99101175386033,8.515787047706837
1,3.3322264652166695,18.691986940000003,99.91933625259276,7.674579396174224
1,3.08816204549228,14.192064369999995,99.17031574095414,7.409541368979035
1,2.762742819193093,16.268951816000005,99.94238303756626,7.409541368979035
1,3.4550888261663624,13.845916499999992,101.47499423830375,9.898594146116608
1,2.742819193093143,10.38443733,98.08711684719982,6.8909887070753655
1,3.1695168520670762,13.84591662,100.2650380271952,7.8820004609357
1,3.260833471691848,20.076578879999992,100.94491818391333,9.022816317123741
1,3.02008965631745,11.422880955999991,98.81309057386495,7.69762618114774
1,3.254192262991865,17.99969157,100.80663747407237,8.089421525697176
1,3.3255852565166863,14.884359989999988,99.68886840285779,7.824383498501945
1,3.249211356466877,17.99969165,100.79511408158561,8.227702235538132
1,3.0250705628424375,15.576655148000043,100.89882461396635,8.319889375432126
1,3.187780175992031,11.076733005000003,101.31366674348928,9.011292924637004
1,2.878963971442803,20.076578790000006,99.80410232772529,8.066374740723674
1,2.77602523659306,13.845916649999987,99.82714911269878,7.513251901359766
1,3.066578117217334,13.153620430000007,99.85019589767228,7.69762618114774
1,3.549726050141126,15.576656201999986,101.71698548052545,9.817930398709365
1,3.5231612153411924,19.384283128,101.25604978105554,9.195667204424979
1,3.086501743317284,12.807473750000055,99.28554966582162,7.824383498501959
1,3.0134484476174666,13.153620723999996,99.19336252592763,6.844895137128361
1,3.385356134816537,11.76902900999999,100.64530997925789,8.849965429822532
1,2.742819193093143,13.499768433999996,99.82714911269878,7.386494584005533
1,2.724555869168189,12.461324779999995,99.27402627333487,7.156026734270569
1,2.965299684542587,14.192064332999992,100.9103480064531,8.435123300299608
1,3.144612319442139,17.99969124999999,99.50449412306983,7.69762618114774
1,3.0001660302174997,21.461170494,99.21640931090113,7.3404010140585285
1,2.654823177818363,13.845916369000003,100.046093569947,7.720672966121228
1,3.154574132492114,24.922649768000003,100.2880848121687,8.377506337865867
1,3.1578947368421053,23.538058349999982,99.76953215026504,8.654067757547821
1,3.272455586916819,15.576655989999987,101.62479834063147,9.161097026964725
1,3.0931429520172675,19.038135100000012,99.58515787047708,7.663056003687487
1,3.164535945542089,15.230507999999991,100.046093569947,7.801336713528471
1,3.2458907521168854,13.153620320000012,100.66835676423138,8.58492740262733
1,2.9055288062427365,12.461324650000007,99.86171929015903,8.043327955750172
1,3.151253528142122,23.88420573,99.42383037566259,7.858953675962198
1,2.8839448779677905,15.922804127999996,98.444342014289,7.2597372666513
1,3.481653660966296,11.769028990999994,100.85273104401935,8.67711454252131
1,2.8158724887929605,14.192064155000008,99.59668126296381,7.386494584005533
1,3.3322264652166695,15.230508170000004,100.42636552200968,8.654067757547821
1,3.0582766063423543,10.384436990000003,99.7580087577783,7.720672966121242
1,2.7062925452432345,24.23035366,98.8015671813782,7.006222631942848
1,2.862360949692844,18.691987500000003,99.4007835906891,7.0984097718368275
1,3.240909845591898,20.422726789999988,99.4007835906891,7.478681723899513
1,2.799269467043002,15.922803920000003,98.27149112698778,7.30583083659829
1,3.154574132492114,18.69198728999999,100.72597372666515,8.12399170315743
1,3.0466544911173834,16.268951760000025,100.29960820465544,8.170085273104391
1,3.250871658641873,16.96124795000002,100.2419912422217,8.469693477759847
1,3.151253528142122,17.999691460000005,100.03457017746025,7.916570638395953
1,2.9470363606176324,9.692141620000005,99.96542982253975,8.089421525697148
1,2.590071392993525,12.807472733000006,97.74141507259738,6.188061765383736
1,3.0466544911173834,22.15346636,99.43535376814935,8.089421525697176
1,3.152913830317118,11.769029070000007,99.96542982253975,8.089421525697148
1,3.186119873817035,14.19206413699997,100.2419912422217,7.916570638395925
1,3.0217499584924457,10.038289391,98.97441806867941,7.3288776215717775
1,2.9486966627926283,21.807318443999996,100.10371053238075,7.605439041253746
1,2.862360949692844,16.961247646999993,99.18183913344089,7.317354229085041
1,3.1994022912170017,13.153620900000009,100.16132749481447,7.3404010140585285
1,3.1163871824672094,12.807472870000005,100.81816086655913,9.103480064531013
1,3.2010625933919976,14.192064352999996,100.29960820465544,7.870477068448949
1,3.162875643367093,25.961093370000007,100.01152339248675,7.501728508873015
1,3.0018263323924956,13.845916464999998,99.55058769301682,8.043327955750172
1,3.2193259173169517,12.807472670000024,100.51855266190366,8.181608665591142
1,3.061597210692346,12.461325089999997,99.41230698317585,7.709149573634477
1,3.370413415241574,16.26895179999999,101.11776907121457,8.64254436506107
1,2.6050141125684876,15.922803940999994,98.89375432127218,7.236690481677812
1,3.1047650672422384,14.88436035999999,100.64530997925789,8.607974187600831
1,2.854059438817865,10.384437600000004,99.34316662825536,6.9025120995621165
1,3.1811389672920476,18.34583916999999,99.93085964507951,7.490205116386264
1,3.274115889091815,11.076733234999994,100.63378658677114,8.135515095644138
1,3.0068072389174834,20.768874380000003,100.69140354920489,8.49274026273335
1,3.0400132824174,16.961247620000016,99.23945609587463,7.432588153952537
1,2.7511207039681222,13.49976868000001,100.31113159714221,7.83590689098871
1,2.762742819193093,11.769028959999995,100.18437427978797,7.905047245909202
1,2.9702805910675747,19.38428326999999,100.3341783821157,7.616962433740497
1,3.5065581935912338,12.461324490000017,100.54159944687714,8.181608665591142
1,3.207703802091981,15.92280356,99.9769532150265,7.801336713528457
1,2.6033538103934917,16.615099820999987,98.55957593915649,6.591380502419909
1,3.240909845591898,21.461170870000004,100.6222631942844,8.688637935008074
1,3.2575128673418563,22.49961411999999,100.55312283936391,8.354459552892365
1,3.0117881454424706,19.03813504,99.50449412306983,7.109933164323579
1,2.8125518844429687,14.192064317000012,99.96542982253975,7.317354229085026
1,3.063257512867342,22.499614509999976,98.75547361143121,7.421064761465786
1,3.5563672588411093,16.61510029,100.76054390412537,8.389029730352604
1,3.0134484476174666,15.576655940000016,100.78359068909887,8.377506337865881
1,3.194421384692014,13.153620639999993,100.47245909195668,9.06890988707076
1,2.9354142453926615,11.769029030000008,98.95137128370592,6.8909887070753655
1,2.752781006143118,13.845916538999976,99.0896519935469,7.271260659138036
1,3.0599369085173502,24.576501769999982,99.33164323576861,8.066374740723674
1,2.965299684542587,17.653543629999984,100.8642544365061,8.5042636552201
1,3.098123858542255,19.730430720000005,99.78105554275179,7.8820004609357
1,3.380375228291549,18.34583913,100.56464623185066,7.812860106015208
1,2.8357961148929105,12.807472880000006,99.85019589767228,8.227702235538146
1,2.6398804582434003,17.999691259999988,98.54805254666974,6.914035492048868
1,2.8922463888427696,13.49976866,100.16132749481447,7.916570638395939
1,3.255852565166861,23.53805772000001,99.89628946761927,7.732196358607979
1,3.0948032541922634,15.922803669999995,99.63125144042407,7.766766536068218
1,3.096463556367259,21.11502277000001,100.02304678497349,8.089421525697162
1,3.1280092976921803,16.615099959999995,100.82968425904586,8.769301682415303
1,3.172837456417068,17.99969134000001,100.05761696243374,8.043327955750172
1,3.073219325917317,15.576656180000006,100.69140354920489,8.41207651532612
1,3.08816204549228,19.038135279999985,100.21894445724821,7.916570638395939
1,3.6094969284409766,22.845762329,100.23046784973498,9.08043327955751
1,3.4567491283413583,15.230507780000018,100.70292694169163,8.193132058077893
1,3.074879628092313,25.96109291000001,100.76054390412537,8.53883383268034
1,2.8607006475178482,16.268952159999998,101.40585388338327,8.181608665591156
1,3.657645691515856,26.307241379999976,101.97050011523392,9.103480064530984
1,2.9022082018927446,13.84591666,98.82461396635169,7.78981332104172
1,3.269134982566827,13.845916589999996,100.046093569947,8.469693477759861
1,3.0101278432674747,23.191909902,101.46347084581701,9.299377736805724
1,2.8009297692179977,12.11517692999999,98.66328647153722,6.533763539986168
1,2.742819193093143,19.03813552000001,98.85918414381194,7.305830836598304
1,3.4102606674414746,14.538212091999993,101.14081585618806,8.354459552892365
1,2.930433338867674,16.615100399999978,99.42383037566259,7.905047245909188
1,3.033372073717417,10.730585170000017,100.046093569947,7.962664208342957
1,3.2907189108417736,23.538057609999996,101.1292924637013,9.207190596911715
1,3.1363108085671594,17.65354336999999,100.82968425904586,8.204655450564644
1,3.064917815042338,19.384282919999976,101.1292924637013,8.861488822309283
1,3.395317947866512,14.19206437999999,100.6222631942844,9.310901129292475
1,3.458409430516354,21.80731846000001,100.27656141968195,8.49274026273335
1,3.6227793458409434,18.345839280000003,100.69140354920489,8.826918644849044
1,2.986883612817533,10.38443716900001,101.74003226549897,8.423599907812857
1,2.8939066910177655,11.769029080000012,98.65176307905047,7.363447799032031
1,3.491615474016271,18.345839260000012,101.33671352846278,9.472228624106933
1,3.063257512867342,15.922803940000016,99.85019589767228,7.2597372666513
1,3.3338867673916655,13.153620680000001,100.13828070984098,8.561880617653841
1,2.955337871492612,14.88435982,99.44687716063609,7.812860106015222
1,3.5264818196911842,14.884360089999987,101.80917262041945,9.414611661673192
1,3.6460235762908852,21.461170490000004,101.72850887301222,8.942152569716527
1,3.5879130001660307,16.268951709999993,101.55565798571101,8.677114542521338
1,3.0151087497924625,13.499768739999983,99.76953215026504,7.490205116386264
1,3.086501743317284,14.538212230000005,99.70039179534454,7.697626181147726
1,3.375394321766562,12.46132510000001,100.85273104401935,8.319889375432126
1,3.1097459737672257,15.576656199999999,99.67734501037106,7.962664208342943
1,3.096463556367259,16.615100060000003,99.76953215026504,7.951140815856178
1,2.9387348497426533,15.922803810000003,100.32265498962896,7.939617423369455
1,2.7511207039681222,17.653543529999993,99.98847660751325,7.570868863793493
1,3.365432508716587,13.49976855,99.72343858031805,7.97418760082968
1,3.187780175992031,10.730585299999987,99.41230698317585,7.709149573634477
1,3.182799269467043,11.076733060000004,100.40331873703619,8.41207651532612
1,2.6315789473684212,19.73043111999999,98.74395021894445,7.121456556810315
1,3.0400132824174,40.15315765799999,100.43788891449643,7.83590689098871
1,3.044994188942388,10.73058521000001,99.0896519935469,7.455634938926025
1,3.1014444628922466,19.384283014999998,100.77206729661212,8.170085273104405
1,2.5053959820687366,14.884360172999996,98.76699700391795,6.925558884535604
1,3.3123028391167195,11.422880999999995,100.71445033417838,7.83590689098871
1,3.129669599867176,35.307087010000004,99.78105554275179,7.0868863793500765
1,3.154574132492114,14.884360157999994,100.8642544365061,7.720672966121214
1,3.159555039017101,17.653543339999995,100.10371053238075,8.296842590458652
1,2.7494604017931263,11.422881140000003,100.01152339248675,7.720672966121228
1,3.056616304167359,17.653543488999997,100.41484212952294,7.374971191518796
1,3.164535945542089,22.845762089999976,101.54413459322424,8.861488822309283
1,3.5181803088162047,25.961093180000006,100.27656141968195,8.803871859875542
1,3.581271791466047,20.42272648,100.74902051163863,8.930629177229775
1,2.774364934418064,10.38443715000001,98.69785664899746,7.075362986863325
1,3.0798605346173007,23.191909888999994,100.79511408158561,8.331412767918863
1,2.8125518844429687,14.19206424,99.34316662825536,7.847430283475461
1,3.1014444628922466,14.192064510000003,100.23046784973498,7.640009218713999
1,3.5547069566661134,20.422726580000027,100.46093569946993,7.997234385803182
1,2.566827162543583,17.307395579999998,99.05508181608666,6.914035492048853
1,3.2060434999169853,18.691987479999995,100.23046784973498,7.928094030882704
1,3.1379711107421553,15.576656259999998,99.94238303756626,8.469693477759847
1,3.0350323758924125,21.807318362000007,100.10371053238075,7.858953675962212
1,3.074879628092313,16.615099646999997,99.87324268264577,8.135515095644152
1,3.142952017267143,15.576655769999986,101.1292924637013,8.123991703157401
1,2.9370745475676574,11.076733160000003,100.09218713989398,7.778289928554969
1,3.073219325917317,11.422881450000007,100.66835676423138,9.184143811938227
1,2.9603187780175992,15.576656075000004,98.87070753629868,7.1905969117308075
1,2.898887597542753,16.615099820000005,99.98847660751325,7.582392256280258
1,3.0217499584924457,13.845916750000004,98.61719290159023,7.432588153952523
1,3.0117881454424706,12.115176410000018,99.27402627333487,7.271260659138051
1,2.7810061431180477,11.076733116000005,99.74648536529153,7.248213874164534
1,3.254192262991865,19.38428284000001,99.6427748329108,8.043327955750158
1,2.965299684542587,19.384282897,99.86171929015903,7.582392256280258
1,3.1894404781670267,22.84576199999999,101.46347084581701,9.103480064531013
1,2.9819027062925456,18.691987240000003,100.41484212952294,8.170085273104405
1,2.9022082018927446,16.961247659999998,98.93984789121917,7.363447799032031
1,3.3040013282417404,10.730585065999989,99.15879234846739,7.582392256280244
1,3.1130665781172175,16.61509949999999,100.69140354920489,8.607974187600846
1,3.0018263323924956,19.038135120000003,100.81816086655913,8.250749020511648
1,3.295699817366761,21.807318210000005,100.79511408158561,8.043327955750158
1,2.9586584758426038,14.884360158,99.35469002074211,8.008757778289933
1,3.0682384193923298,21.80731842899999,100.55312283936391,8.123991703157415
1,3.0267308650174334,13.845916329999989,100.74902051163863,8.2622724129984
1,2.877303669267807,33.230199420000005,100.80663747407237,8.066374740723674
1,3.4351652000664123,11.769028890000008,101.84374279787968,8.965199354690014
1,3.0466544911173834,13.153620630000006,99.83867250518553,7.8820004609357
1,3.4152415739664623,23.538057670000004,101.22147960359528,8.976722747176751
1,3.078200232442305,18.691987173999998,99.20488591841438,7.006222631942833
1,2.855719740992861,17.653543472999992,99.07812860106016,6.9486056695091065
1,3.471691847916321,16.268951730000012,101.97050011523392,9.49527540908042
1,2.940395151917649,18.691987189999974,100.06914035492049,8.170085273104405
1,3.5065581935912338,25.961093260000013,100.32265498962896,7.905047245909202
1,3.151253528142122,19.73043063,100.046093569947,8.527310440193602
1,3.144612319442139,16.615099743000002,100.82968425904586,7.78981332104172
1,3.078200232442305,11.076733250000016,99.94238303756626,7.801336713528457
1,3.3089822347667277,19.038135250000014,100.9103480064531,8.631020972574333
1,2.754441308318114,17.653543649999996,100.78359068909887,8.308365982945375
1,3.4235430848414414,17.999691770000016,100.44941230698316,8.331412767918863
1,2.8075709779179814,13.499768469999989,100.49550587693017,7.063839594376589
1,3.129669599867176,17.307395547000002,101.11776907121457,8.965199354690029
1,2.953677569317616,11.769028890000008,99.41230698317585,7.225167089191061
1,2.7062925452432345,18.691987213999994,98.50195897672275,6.902512099562102
1,3.340527976091649,30.807164459999996,100.51855266190366,8.158561880617654
1,2.920471525817699,16.96124771000001,99.17031574095414,7.386494584005533
1,3.0084675410924793,19.038134870000007,99.18183913344089,7.2597372666513
1,3.1578947368421053,24.23035351000002,99.74648536529153,7.663056003687487
1,2.822513697492944,13.499768559999993,99.21640931090113,7.386494584005533
1,3.395317947866512,18.691987219999987,100.99101175386033,8.412076515326106
1,3.098123858542255,24.576501509999975,99.32011984328186,7.628485826227234
1,3.0599369085173502,12.461325005999997,101.1292924637013,8.59645079511408
1,3.1130665781172175,15.576656369999984,99.53906430053007,8.089421525697162
1,3.6991532458907526,13.845916420000009,101.42890066835677,9.414611661673206
1,3.674248713265815,14.88436037999999,102.1087808250749,9.253284166858734
1,2.97194089324257,15.230508110000004,99.86171929015903,7.628485826227248
1,3.3123028391167195,22.15346629999999,100.34570177460245,8.44664669278636
1,2.6979910343682554,7.9614019939999725,99.0435584235999,6.879465314588614
1,3.3355470695666614,19.730430930000026,100.9333947914266,9.184143811938227
1,3.071559023742321,14.884360569999993,100.64530997925789,8.757778289928552
1,2.7859870496430355,10.730585369999991,98.97441806867941,7.21364369670431
1,3.0400132824174,10.038289420000005,100.80663747407237,8.688637935008074
1,2.975261497592562,17.30739545399999,99.9769532150265,7.951140815856178
1,3.154574132492114,22.845762308999998,99.44687716063609,7.663056003687487
1,2.664784990868338,24.576501779999987,99.59668126296381,7.317354229085041
1,3.365432508716587,9.69214145999998,99.91933625259276,7.628485826227234
1,3.063257512867342,15.576656280000007,100.50702926941693,7.455634938926039
1,2.9370745475676574,16.26895193000001,99.32011984328186,7.063839594376589
1,3.4667109413913333,19.384282839999994,100.81816086655913,8.21617884305141
1,2.7394985887431513,14.192064249999987,98.75547361143121,6.925558884535619
1,2.9188112236427033,14.538212387000009,99.61972804793731,8.204655450564644
1,3.164535945542089,21.461170119999995,100.71445033417838,8.942152569716527
1,3.1346505063921635,11.769028971999996,99.41230698317585,7.778289928554983
1,3.4152415739664623,30.461016589999975,101.20995621110855,9.333947914265948
1,3.0466544911173834,20.076579070000022,100.59921640931091,8.31988937543214
1,2.97194089324257,14.884360305999996,101.22147960359528,8.677114542521295
1,2.922131827992695,10.03828951000001,99.35469002074211,7.282784051624802
1,2.7909679561680227,10.038289320000015,99.79257893523852,7.3749711915187675
1,3.154574132492114,16.268951589999986,100.82968425904586,8.365982945379116
1,3.098123858542255,14.884360009999988,98.90527771375893,7.017746024429599
1,2.945376058442637,23.191909859999985,99.56211108550357,7.697626181147726
1,2.7976091648680064,24.576501710000002,99.63125144042407,7.939617423369441
1,2.84409762576789,10.384437520000004,99.72343858031805,7.628485826227234
1,3.051635397642371,13.153620949999995,101.18690942613506,8.826918644849059
1,3.2342686368919145,13.153620779999983,99.76953215026504,7.559345471306756
1,3.5248215175161883,17.999691539999993,100.61073980179765,8.5042636552201
1,2.538602025568654,20.768874636,98.66328647153722,6.591380502419909
1,3.1263489955171844,21.461170527000004,99.34316662825536,7.317354229085041
1,2.832475510542919,19.038134969,99.10117538603365,7.052316201889823
1,3.142952017267143,14.192065055000022,100.54159944687714,8.423599907812843
1,3.071559023742321,11.076733078999972,99.65429822539755,7.582392256280244
1,3.4451270131163874,16.615100070000018,101.40585388338327,8.677114542521323
1,2.9005478997177487,10.730585332999995,98.98594146116618,7.144503341783832
1,3.4036194587414914,15.922803739999972,101.07167550126756,8.942152569716512
1,3.182799269467043,24.922649669999984,100.8873012214796,8.49274026273335
1,3.15623443466711,25.26879752999999,100.02304678497349,8.561880617653827
1,3.240909845591898,21.11502266,99.91933625259276,8.031804563263421
1,3.393657645691516,19.384283038000003,100.31113159714221,8.043327955750186
1,3.1994022912170017,23.538057610000013,100.50702926941693,8.423599907812886
1,3.1379711107421553,19.38428325,99.51601751555657,7.3749711915187675
1,3.197741989042006,12.807472769999997,99.32011984328186,7.478681723899513
1,2.847418230117882,14.884360218000019,99.89628946761927,7.35192440654528
1,3.19608168686701,16.961247670000002,99.9769532150265,7.709149573634477
1,3.285738004316786,21.461170390000007,101.17538603364831,8.619497580087582
1,2.9354142453926615,13.499768889999995,100.89882461396635,8.919105784743039
1,3.275776191266811,26.30724100999999,99.4007835906891,7.778289928554969
1,2.878963971442803,18.691987379999993,100.43788891449643,8.11246831067065
1,2.9902042171675247,10.384437299999997,100.05761696243374,8.365982945379116
1,2.9154906192927115,13.845916590000005,99.30859645079512,6.522240147499431
1,3.4185621783164537,15.922803893999994,100.42636552200968,8.285319197971873
1,2.830815208367923,18.691987200999993,99.93085964507951,7.709149573634477
1,2.9370745475676574,10.730585227,100.31113159714221,7.616962433740497
1,3.249211356466877,14.884360181999996,100.66835676423138,7.812860106015208
1,3.3322264652166695,13.49976866,99.89628946761927,7.559345471306756
1,3.353810393491616,15.922803970000002,100.70292694169163,7.812860106015208
1,3.0034866345674915,9.692141578999982,100.01152339248675,7.916570638395939
1,3.0815208367922966,17.999691259999988,101.49804102327727,8.999769532150268
1,3.3322264652166695,23.884205900000023,100.25351463470847,8.377506337865867
1,2.9071891084177324,12.807472465999995,99.1357455634939,6.660520857340401
1,3.5082184957662297,21.115022569999987,100.17285088730121,8.031804563263407
1,3.2259671260169354,14.884360039999992,99.94238303756626,7.801336713528457
1,3.1114062759422216,22.499614235000006,99.0205116386264,7.432588153952523
1,2.9055288062427365,15.576655809999995,100.046093569947,7.974187600829694
1,3.096463556367259,21.115022777999993,100.6222631942844,7.870477068448949
1,2.6415407604183962,10.03828931000001,99.0435584235999,6.8333717446416244
1,3.061597210692346,19.73043088000001,101.1984328186218,8.815395252362293
1,3.0001660302174997,14.8843602,99.51601751555657,7.985710993316417
1,2.8025900713929937,10.384437528000012,99.14726895598064,7.1905969117308075
1,3.0914826498422716,16.615099880000006,100.94491818391333,8.15856188061764
1,3.6277602523659307,14.884360198000001,100.13828070984098,8.135515095644166
1,3.1130665781172175,19.03813517400001,100.41484212952294,8.054851348236937
1,3.6128175327909684,20.422726659999977,101.59022816317125,9.403088269186455
1,2.988543914992529,21.115022726,99.41230698317585,7.674579396174238
1,3.5098787979412256,11.76902871000001,100.35722516708918,8.239225628024883
1,3.2259671260169354,16.615099509999993,100.71445033417838,8.227702235538146
1,3.064917815042338,17.653543429999985,101.14081585618806,7.8820004609357
1,3.260833471691848,23.88420587999999,99.9769532150265,7.916570638395939
1,3.307321932591732,16.961247670000002,100.5761696243374,8.181608665591142
1,2.679727710443301,21.115022469999996,98.68633325651072,6.568333717446421
1,2.7511207039681222,10.038289559999996,99.19336252592763,6.948605669509092
1,3.2342686368919145,24.576501629999992,100.8873012214796,8.44664669278636
1,3.2043831977419894,14.192064389999992,100.11523392486748,7.92809403088269
1,3.342188278266645,13.499768369999998,99.85019589767228,7.225167089191061
1,3.152913830317118,19.038135110000017,101.03710532380732,8.711684719981548
1,2.9470363606176324,11.076733249999974,100.9333947914266,8.308365982945375
1,3.0018263323924956,11.769029080000003,100.3341783821157,7.605439041253746
1,2.9503569649676242,13.84591638000001,100.85273104401935,8.100944918183899
1,2.8905860866677737,18.691987140000005,100.25351463470847,7.801336713528471
1,3.0267308650174334,25.96109335699999,98.62871629407698,7.801336713528457
1,3.2027228955669935,13.153620653999988,99.94238303756626,8.008757778289933
1,3.139631412917151,8.653697842,100.8642544365061,8.73473150495505
1,3.274115889091815,17.99969172000003,100.02304678497349,7.847430283475447
1,3.159555039017101,10.384437453999986,100.25351463470847,8.30836598294539
1,2.9918645193425206,16.26895187999999,100.13828070984098,8.285319197971887
1,2.66810559521833,12.807472653000028,100.50702926941693,8.74625489744183
1,3.197741989042006,25.961093309999992,100.67988015671814,8.054851348236923
1,3.3322264652166695,20.422726737999987,99.76953215026504,7.962664208342943
1,2.97194089324257,18.691987365,100.77206729661212,8.031804563263421
1,3.2259671260169354,13.499768326999984,99.91933625259276,8.331412767918877
1,2.9470363606176324,8.653697830000011,99.74648536529153,7.478681723899513
1,3.2110244064419726,19.730430809999998,100.54159944687714,9.184143811938227
1,2.867341856217832,14.192064369000002,99.35469002074211,7.132979949297081
1,3.591233604516022,13.845916149999997,100.02304678497349,8.089421525697162
1,2.97194089324257,9.692141494000001,99.22793270338788,7.2021203042175586
1,3.131329902042172,29.076424588,100.14980410232772,7.905047245909188
1,2.961979080192595,14.192064480000017,99.56211108550357,7.870477068448949
1,3.2226465216669435,14.538212169999996,99.89628946761927,8.30836598294539
1,3.4102606674414746,18.691987150000024,100.39179534454942,8.492740262733335
1,3.484974265316288,25.961093470000016,100.53007605439042,8.342936160405628
1,3.0184293541424543,21.11502257999999,100.20742106476146,7.616962433740483
1,3.362111904366595,16.268952059999997,101.52108780825075,8.239225628024897
1,2.9088494105927283,13.153620570000006,99.82714911269878,8.031804563263421
1,3.141291715092147,22.15346649,99.33164323576861,7.974187600829694
1,3.0051469367424875,14.192063969999998,99.78105554275179,8.239225628024897
1,3.162875643367093,24.230353800000007,101.8206960129062,9.3454713067527
1,3.0217499584924457,15.230508090000004,100.0,8.020281170776684
1,3.564668769716089,27.34568482000002,101.85526619036645,9.414611661673206
1,3.6659472023908353,20.07657867,100.66835676423138,8.849965429822518
1,3.0234102606674416,19.038135199999996,99.68886840285779,8.400553122839355
1,3.064917815042338,12.807472560000003,99.48144733809634,7.74371975109473
1,3.2475510542918813,13.845916630000014,99.96542982253975,7.939617423369427
1,3.1147268802922135,18.345839219999995,99.67734501037106,7.663056003687487
1,3.2093641042669767,15.92280385999999,101.23300299608205,9.16109702696474
1,3.186119873817035,14.19206424,99.25097948836137,7.3288776215717775
1,3.1911007803420226,15.922803850000003,100.046093569947,7.663056003687501
1,2.9902042171675247,20.076578579999985,99.1357455634939,7.69762618114774
1,3.1263489955171844,34.26864331000001,100.42636552200968,8.792348467388805
1,3.10808567159223,12.807472680000002,99.83867250518553,7.559345471306756
1,3.2790967956168027,15.922803799999999,100.2650380271952,7.870477068448949
1,3.142952017267143,16.96124743199999,99.6658216178843,7.524775293846503
1,2.862360949692844,13.499768401999999,99.76953215026504,7.870477068448949
1,2.855719740992861,13.15362066000001,98.37520165936851,7.455634938926011
1,3.0034866345674915,29.768720369999993,99.82714911269878,7.651532611200736
1,3.3172837456417072,15.230508190000013,100.2650380271952,8.273795805485136
1,3.328905860866678,11.076733289999991,100.99101175386033,8.515787047706837
1,3.1097459737672257,21.11502226000001,100.046093569947,8.27379580548515
1,2.747800099618131,14.192064519999992,99.53906430053007,7.156026734270569
1,3.373734019591566,15.576656126999989,101.01405853883382,8.423599907812843
1,3.0366926780674084,15.922803932,100.55312283936391,9.322424521779212
1,2.9951851236925124,15.576656219999998,99.94238303756626,8.365982945379116
1,3.0682384193923298,21.11502228,100.08066374740723,8.331412767918863
1,3.3089822347667277,13.845916410000005,100.20742106476146,7.444111546439274
1,3.0001660302174997,8.65369769999999,100.50702926941693,7.835906890988724
1,3.4667109413913333,24.9226492,100.96796496888685,8.435123300299622
1,3.1114062759422216,16.96124747000001,100.89882461396635,8.999769532150268
1,3.3023410260667445,17.653543500000005,100.54159944687714,8.792348467388777
1,3.0051469367424875,10.730585055999994,99.34316662825536,7.951140815856192
1,2.877303669267807,17.65354347999999,100.3341783821157,7.755243143581467
1,2.5618462560185957,17.307395260000014,98.97441806867941,7.559345471306742
1,3.6011954175659975,16.268951899999998,101.17538603364831,9.011292924637019
1,3.242570147766894,20.768874619999984,99.82714911269878,8.112468310670664
1,3.7223974763406944,18.691987280000003,100.80663747407237,9.184143811938242
1,2.7926282583430186,20.76887483999999,99.28554966582162,8.181608665591156
1,3.468371243566329,20.768874780000004,100.49550587693017,7.78981332104172
1,3.1794786651170517,17.653543691999996,99.19336252592763,7.1329799492970665
1,3.131329902042172,22.153466354999996,100.77206729661212,8.077898133210411
1,2.4638884276938406,12.461325030000006,99.68886840285779,7.570868863793493
1,3.1213680889921966,17.307395559999996,100.63378658677114,8.67711454252131
1,2.6913498256682717,15.922803729999986,100.0,8.043327955750172
1,3.061597210692346,14.538212288000002,100.13828070984098,7.916570638395953
1,2.9154906192927115,11.42288105299999,99.20488591841438,7.593915648766995
1,2.9254524323426865,12.807472613999984,99.12422217100715,6.372436045171696
1,3.4002988543914996,12.46132456999999,101.49804102327727,8.826918644849059
1,3.1246886933421885,12.11517698999998,100.43788891449643,8.331412767918877
1,3.2010625933919976,19.38428292000001,99.7349619728048,8.031804563263421
1,3.383695832641541,13.499768528999995,100.48398248444342,8.469693477759847
1,2.965299684542587,17.653543453000005,99.90781286010602,8.204655450564644
1,3.0383529802424043,17.653543459999995,100.17285088730121,8.481216870246584
1,3.17615806076706,15.57665611000002,100.79511408158561,8.988246139663516
1,2.9918645193425206,15.230508072999996,98.69785664899746,7.1329799492970665
1,2.7926282583430186,16.615099880000013,101.11776907121457,8.44664669278636
1,2.9188112236427033,10.730585359999996,100.09218713989398,7.766766536068204
1,3.538103934916155,22.499614389999977,100.5761696243374,9.195667204424979
1,3.2110244064419726,18.345839090000002,99.1357455634939,8.193132058077907
1,3.4550888261663624,25.96109335000001,100.77206729661212,8.700161327494811
1,2.966959986717583,16.615100069999993,100.9333947914266,8.53883383268034
1,2.8607006475178482,20.42272661,99.19336252592763,6.925558884535604
1,2.9470363606176324,14.88436003600001,99.87324268264577,7.663056003687487
1,2.854059438817865,10.384437360000005,100.29960820465544,7.985710993316431
1,3.7987713763905036,21.461170620000008,101.79764922793271,10.094491818391333
1,2.754441308318114,20.422726781999998,99.28554966582162,7.605439041253746
1,3.0698987215673257,20.76887488000001,101.26757317354229,8.55035722516709
1,2.976921799767558,20.076579050000007,99.55058769301682,7.593915648766995
1,3.1230283911671926,15.576656259999998,100.49550587693017,7.939617423369441
1,3.4451270131163874,12.807472740000001,100.89882461396635,8.285319197971887
1,3.2193259173169517,12.46132482999999,101.71698548052545,9.299377736805695
1,2.8291549061929273,16.615099685999997,98.36367826688178,6.522240147499431
1,2.966959986717583,8.653697850000002,100.13828070984098,8.020281170776684
1,3.0599369085173502,12.461324629999998,99.93085964507951,7.2021203042175586
1,2.965299684542587,10.73058525,100.43788891449643,8.227702235538146
1,3.0350323758924125,13.845916350000005,99.6658216178843,8.262272412998385
1,3.365432508716587,26.65338924000001,100.31113159714221,8.22770223553816
1,2.976921799767558,12.461324609999998,99.79257893523852,7.755243143581467
1,3.15623443466711,17.30739545000001,99.86171929015903,7.974187600829694
1,2.8839448779677905,13.84591652000001,100.0,7.409541368979021
1,3.2060434999169853,19.038134689999993,100.47245909195668,7.444111546439288
1,3.194421384692014,13.153620538,100.5761696243374,8.654067757547807
1,3.3156234434667113,21.11502276,100.42636552200968,8.550357225167076
1,3.078200232442305,16.26895203,100.29960820465544,8.49274026273335
1,3.6061763240909848,23.884205763999994,102.08573404010141,9.967734501037114
1,3.049975095467375,18.69198725,99.7119151878313,7.812860106015208
1,3.1064253694172344,14.884360170000004,99.7580087577783,8.36598294537913
1,3.0117881454424706,16.268951933999993,98.7785203964047,7.2482138741645485
1,2.7959488626930105,14.538212050000014,100.35722516708918,8.331412767918863
1,3.207703802091981,12.807472700999996,100.0,8.354459552892365
1,2.9237921301676906,12.807472740000001,100.09218713989398,8.204655450564644
1,3.4351652000664123,20.768874380000003,100.54159944687714,8.331412767918863
1,3.3903370413415246,18.691987320000013,100.10371053238075,7.905047245909202
1,2.961979080192595,10.384437545999996,100.44941230698316,8.527310440193574
1,3.166196247717085,16.96124765,100.63378658677114,8.561880617653827
1,3.1678565498920808,19.730430924999993,100.03457017746025,7.939617423369441
1,2.9902042171675247,10.038289418999994,100.53007605439042,7.870477068448963
1,3.1678565498920808,10.038289431999994,100.63378658677114,8.435123300299594
1,3.4135812717914664,13.84591630999998,99.18183913344089,7.8820004609357
1,3.0101278432674747,16.961247669999985,100.05761696243374,7.444111546439274
1,2.7942885605180146,11.422880925999987,98.75547361143121,7.07536298686334
1,2.95201726714262,17.30739553,100.16132749481447,7.467158331412762
1,3.1031047650672425,12.461326199999997,100.5761696243374,7.905047245909188
1,2.448945708118878,11.076733096000002,99.38926019820235,7.0984097718368275
1,3.2774364934418068,17.99969149,99.21640931090113,7.92809403088269
1,3.0068072389174834,16.615099840000013,100.81816086655913,8.389029730352632
1,3.674248713265815,19.03813512000002,101.72850887301222,9.230237381885217
1,3.0948032541922634,14.884360198000001,101.65936851809172,8.49274026273335
1,2.898887597542753,13.845916410000005,99.55058769301682,8.319889375432126
1,3.2276274281919313,14.192064377,101.37128370592303,8.665591150034587
1,3.405279760916487,20.42272662000001,100.79511408158561,8.308365982945375
1,3.3322264652166695,12.461324971000005,101.06015210878083,8.769301682415303
1,2.857380043167857,12.807472734000001,99.60820465545056,7.962664208342929
1,3.166196247717085,10.384437559999995,100.19589767227473,8.2622724129984
1,3.1363108085671594,13.845916480000009,100.06914035492049,8.043327955750172
1,2.956998173667608,20.76887488000001,100.27656141968195,8.319889375432126
1,3.1180474846422053,14.192064370000004,100.01152339248675,8.262272412998385
1,2.9918645193425206,17.65354339,99.58515787047708,7.69762618114774
1,3.86020255686535,19.384283009999972,101.14081585618806,8.884535607282785
1,2.986883612817533,17.30739584999998,100.046093569947,7.467158331412776
1,2.930433338867674,16.26895187999999,99.51601751555657,8.400553122839355
1,2.855719740992861,16.96124727999999,99.87324268264577,7.720672966121228
1,2.8191930931429523,14.192064580000007,99.21640931090113,6.971652454482594
1,3.166196247717085,23.538057720000015,99.60820465545056,7.997234385803182
1,3.0234102606674416,21.115022219999975,99.81562572021203,7.812860106015208
1,3.375394321766562,16.26895189999998,100.11523392486748,7.789813321041706
1,3.0101278432674747,16.268952120000005,100.34570177460245,7.732196358607979
1,3.6344014610659143,31.84560781999998,101.42890066835677,8.89605899976955
1,3.1213680889921966,12.807472772000013,100.55312283936391,8.123991703157415
1,3.358791300016603,13.845916510000013,100.94491818391333,8.642544365061056
1,2.9105097127677237,12.461324889000007,98.37520165936851,7.467158331412776
1,2.8839448779677905,15.57665611000001,99.48144733809634,7.858953675962212
1,3.051635397642371,17.653543414999994,100.06914035492049,8.008757778289933
1,2.945376058442637,14.538212153999986,100.17285088730121,8.181608665591142
1,3.0084675410924793,16.268951900000005,99.4007835906891,7.593915648767009
1,3.139631412917151,17.653543359999986,99.4007835906891,7.997234385803182
1,3.0051469367424875,16.961247624000002,100.05761696243374,7.559345471306742
1,3.670928108915823,20.76887464000001,102.12030421756164,9.587462548974415
1,3.1014444628922466,11.769029045000005,99.14726895598064,7.271260659138036
1,2.953677569317616,18.345839439999985,98.75547361143121,6.476146577552441
1,3.3554706956666114,15.57665599000002,100.13828070984098,7.858953675962212
1,3.207703802091981,15.576656330000002,100.48398248444342,8.573404010140578
1,3.0350323758924125,19.730430659999996,99.91933625259276,7.697626181147726
1,3.1794786651170517,24.922649827,100.73749711915187,9.230237381885217
1,3.086501743317284,20.768874663,99.91933625259276,7.870477068448935
1,2.830815208367923,15.576655993,98.490435584236,6.614427287393397
1,3.076539930267309,16.26895209000001,99.43535376814935,8.527310440193617
1,3.0167690519674584,18.691987239999996,99.78105554275179,7.547822078820005
1,3.3886767391665287,22.153466,100.94491818391333,8.619497580087554
1,2.742819193093143,14.192064362999997,98.65176307905047,6.349389260198194
1,3.0051469367424875,16.61509993000001,99.57363447799032,6.867941922101878
1,3.0283911671924293,14.192064550000012,99.96542982253975,7.144503341783803
1,3.0698987215673257,11.076733029999984,99.94238303756626,8.711684719981562
1,3.68421052631579,15.230508230000028,101.2445263885688,9.276330951832222
1,3.249211356466877,14.53821224,98.85918414381194,7.547822078820019
1,2.7278764735181804,13.845916462999996,98.536529154183,7.017746024429599
1,2.8175327909679564,14.538212609999995,99.86171929015903,8.112468310670664
1,3.154574132492114,16.268951760000007,99.87324268264577,8.365982945379116
1,2.8258343018429355,13.499768669999996,99.30859645079512,7.006222631942848
1,3.078200232442305,31.153312080000013,100.41484212952294,8.45817008527311
1,3.491615474016271,20.422726719999986,101.35976031343628,9.011292924637019
1,2.7179146604682054,23.538057772999995,98.74395021894445,6.280248905277702
1,3.280757097791798,10.384437267000004,100.73749711915187,9.045863102097243
1,3.307321932591732,11.422880730000001,100.53007605439042,8.135515095644166
1,3.285738004316786,12.115176904999997,100.96796496888685,8.607974187600846
1,3.3206043499916986,12.115177144000006,100.55312283936391,8.054851348236909
1,2.857380043167857,10.038289426000002,99.72343858031805,7.847430283475447
1,3.6327411588909184,17.653543759999994,101.74003226549897,8.953675962203278
1,3.194421384692014,22.153466430000012,99.27402627333487,7.720672966121228
1,2.8075709779179814,12.461324369999991,99.85019589767228,7.605439041253746
1,3.2209862194919476,23.884205839999993,100.06914035492049,7.490205116386264
1,2.7727046322430686,13.49976868,99.9769532150265,7.409541368979021
1,2.988543914992529,14.538212209999987,99.46992394560958,7.732196358607965
1,3.0001660302174997,12.461324739999995,99.19336252592763,7.1790735192440565
1,3.2458907521168854,19.038134920000005,100.20742106476146,8.723208112468313
1,3.672588411090819,16.961248519999984,101.27909656602905,8.79234846738882
1,2.9055288062427365,15.576655998000001,99.46992394560958,7.156026734270569
1,3.265814378216836,15.230507660000027,100.5761696243374,8.504263655220086
1,2.963639382367591,23.191909669999994,99.4007835906891,7.16755012675732
1,2.847418230117882,9.692141309999984,99.81562572021203,8.204655450564644
1,2.810891582267973,17.307395599999996,99.35469002074211,7.801336713528471
1,3.3322264652166695,25.268797220000007,101.54413459322424,8.63102097257432
1,3.8236759090154413,21.461170506,101.22147960359528,9.57593915648765
1,2.973601195417566,14.53821212,99.30859645079512,7.616962433740497
1,2.565166860368587,17.65354335,98.19082737958055,6.533763539986182
1,3.6659472023908353,15.92280348,100.3341783821157,7.997234385803182
1,2.965299684542587,26.999537240000002,100.71445033417838,8.377506337865867
1,3.373734019591566,18.345839300000005,99.25097948836137,7.421064761465772
1,3.5464054457911343,19.384283170000014,100.72597372666515,8.135515095644166
1,3.3969782500415078,19.03813561999996,100.84120765153261,8.665591150034572
1,3.4102606674414746,17.653543230000018,100.55312283936391,7.501728508873015
1,3.172837456417068,19.038135142999995,101.33671352846278,8.711684719981562
1,3.538103934916155,15.922803609999978,100.0,8.58492740262733
1,3.2143450107919644,13.499768522999997,99.81562572021203,7.478681723899513
1,3.26415407604184,17.99969156999998,100.82968425904586,8.181608665591142
1,3.295699817366761,11.076733530000007,101.39433049089652,9.29937773680571
1,2.8955669931927615,9.692141270000002,99.53906430053007,7.3980179764922696
1,3.2342686368919145,17.653543339999995,100.59921640931091,8.31988937543214
1,3.0217499584924457,20.07657898,99.70039179534454,6.960129061995843
1,2.774364934418064,14.53821229699996,98.83613735883844,6.729661212260893
1,3.340527976091649,24.922649629999984,100.9333947914266,8.769301682415303
1,3.187780175992031,14.884360299999999,100.19589767227473,7.812860106015222
1,2.955337871492612,16.61509985,100.16132749481447,8.435123300299608
1,3.242570147766894,18.69198713999997,100.29960820465544,7.951140815856178
1,3.1578947368421053,19.038135219999994,99.22793270338788,7.467158331412776
1,3.338867673916653,29.422572604999996,100.76054390412537,8.723208112468313
1,2.875643367092811,24.576501738000008,99.26250288084813,6.614427287393411
1,2.955337871492612,8.307549890999994,99.72343858031805,7.455634938926025
1,3.6310808567159225,15.230508149999986,100.8873012214796,8.780825074902054
1,3.6526647849908684,21.807316829999984,100.48398248444342,8.49274026273335
1,2.8391167192429023,13.499768550000015,99.93085964507951,8.008757778289919
1,3.0898223476672757,28.730276829999987,100.9564415764001,8.331412767918877
1,2.8075709779179814,11.769028971000003,99.22793270338788,7.398017976492284
1,2.6847086169682886,10.730585431999996,99.34316662825536,7.421064761465772
1,3.0151087497924625,16.26895166,99.74648536529153,7.766766536068218
1,3.2259671260169354,15.922803747999998,100.40331873703619,8.043327955750186
1,3.152913830317118,17.307395700000004,98.31758469693477,7.282784051624802
1,3.119707786817201,15.576656149999986,100.69140354920489,8.40055312283937
1,3.0466544911173834,16.961247407000016,98.8015671813782,6.879465314588614
1,2.985223310642537,22.84576243,99.91933625259276,8.135515095644152
1,3.375394321766562,15.230508270000012,100.13828070984098,8.584927402627343
1,3.1894404781670267,16.268951899999994,100.10371053238075,7.789813321041734
1,2.859040345342853,19.038134760000005,99.30859645079512,7.282784051624802
1,3.338867673916653,13.153620720000001,101.94745333026043,9.184143811938242
1,3.1479329237921303,11.076733139999979,100.74902051163863,9.1265268495045
1,3.342188278266645,20.422726379999975,100.96796496888685,9.472228624106947
1,3.450107919641375,12.46132482000001,101.41737727587001,9.40308826918644
1,3.119707786817201,17.999691239999997,99.32011984328186,7.0292694169163354
1,2.8092312800929773,20.768874855000004,99.67734501037106,7.236690481677812
1,2.9105097127677237,13.49976858000001,100.17285088730121,8.02028117077667
1,2.973601195417566,14.884360307999989,99.00898824613967,7.156026734270569
1,3.151253528142122,14.192064467000003,102.94998847660753,11.120073749711935
1,2.845757927942886,13.499768569999988,100.76054390412537,8.607974187600831
1,2.9802424041175497,12.461324793000003,98.67480986402397,7.16755012675732
1,3.6211190436659475,12.461324630000007,101.71698548052545,9.161097026964725
1,2.8723227627428196,17.999691215000002,99.58515787047708,7.398017976492284
1,3.7107753611157235,15.230508360000032,101.04862871629408,8.665591150034572
1,3.3023410260667445,21.461170340000002,100.03457017746025,7.501728508873029
1,3.0366926780674084,16.615099859999987,100.54159944687714,7.824383498501945
1,3.078200232442305,11.422881069999999,99.44687716063609,7.513251901359766
1,3.1180474846422053,12.115176894000006,99.7349619728048,7.69762618114774
1,3.0350323758924125,21.115022770000003,100.03457017746025,7.709149573634477
1,3.2890586086667777,22.499614015,99.85019589767228,8.043327955750186
1,3.078200232442305,13.499768471999994,99.41230698317585,7.663056003687487
1,3.0815208367922966,15.576656619999996,100.48398248444342,8.285319197971873
1,2.9287730366926783,12.807472830000005,99.7349619728048,8.239225628024897
1,3.142952017267143,12.461324836,100.9564415764001,8.40055312283937
1,3.375394321766562,14.53821237999999,100.80663747407237,8.584927402627343
1,3.3023410260667445,22.153466120000008,99.70039179534454,8.135515095644152
1,3.0898223476672757,13.49976852000001,99.55058769301682,7.616962433740497
1,2.988543914992529,20.07657884999999,99.57363447799032,7.570868863793507
1,3.144612319442139,10.038289641999997,99.29707305830836,7.951140815856178
1,2.8274946040179314,15.230507915000006,98.79004378889145,6.718137819774142
1,3.053295699817367,19.038134899999985,99.58515787047708,7.709149573634477
1,3.4550888261663624,20.76887471000001,100.97948836137358,9.103480064530984
1,3.0084675410924793,15.922803925000006,100.21894445724821,8.216178843051395
1,2.8357961148929105,12.807472536000004,98.8015671813782,7.69762618114774
1,3.3438485804416405,13.499768409999998,101.65936851809172,9.17262041945149
1,3.15623443466711,17.653543478000007,100.9103480064531,8.389029730352618
1,2.834135812717915,13.153620639000003,99.67734501037106,7.847430283475461
1,3.579611489291051,16.96124786999999,99.9769532150265,8.239225628024883
1,3.084841441142288,18.691987185,99.86171929015903,8.642544365061084
1,3.651004482815873,19.384283279999984,101.32519013597603,9.414611661673192
1,3.187780175992031,15.230508040000007,100.20742106476146,7.951140815856192
1,3.3189440478167027,19.038135379999993,100.42636552200968,7.686102788660975
1,3.131329902042172,15.230508112999994,100.74902051163863,7.732196358607979
1,3.2093641042669767,12.115176849,98.83613735883844,7.812860106015208
1,3.0997841607172507,18.34583924999999,100.31113159714221,7.939617423369441
1,2.6979910343682554,10.384437249999992,98.34063148190828,6.499193362525929
1,3.669267806740827,23.884205590000004,100.51855266190366,8.792348467388791
1,3.4567491283413583,18.345839269999992,101.14081585618806,9.011292924637004
1,2.8241739996679396,25.961093178,100.50702926941693,8.79234846738882
1,3.061597210692346,12.807472410000008,100.06914035492049,7.824383498501959
1,2.9121700149427197,11.769028975000005,98.79004378889145,6.98317584696936
1,2.9071891084177324,21.80731829400001,100.16132749481447,7.755243143581481
1,3.405279760916487,15.2305079,100.19589767227473,7.812860106015222
1,3.0815208367922966,15.230508112999994,99.21640931090113,7.616962433740483
1,3.187780175992031,12.46132514000001,100.44941230698316,8.504263655220086
1,3.6227793458409434,18.345839419999987,102.93846508412076,10.624567872781753
1,3.078200232442305,15.922803750000012,100.70292694169163,8.849965429822532
1,3.084841441142288,13.499768949999986,99.88476607513252,8.515787047706837
1,2.6847086169682886,11.769029002,98.90527771375893,6.914035492048868
1,2.9702805910675747,13.499769029999987,98.91680110624567,7.156026734270569
1,2.8374564170679064,11.076732970999998,100.35722516708918,8.561880617653827
1,3.2143450107919644,24.57650177,100.82968425904586,8.066374740723674
1,2.955337871492612,13.153620540000011,100.2650380271952,8.665591150034558
1,2.7145940561182136,13.845916449999997,99.0666052085734,7.870477068448949
1,2.855719740992861,12.461325009999989,100.16132749481447,8.02028117077667
1,3.033372073717417,21.807318430000006,99.28554966582162,8.066374740723674
1,2.8241739996679396,12.807472722000009,98.38672505185527,6.660520857340401
1,3.0997841607172507,13.845916477999994,99.93085964507951,8.008757778289919
1,3.043333886767392,25.61494548999999,100.46093569946993,8.216178843051395
1,3.262493773866844,11.422881081000002,101.34823692094952,8.285319197971873
1,3.3123028391167195,16.268951830000002,99.91933625259276,7.616962433740483
1,2.9370745475676574,19.384283008999997,99.10117538603365,7.017746024429599
1,2.966959986717583,16.61509928,99.49297073058308,7.132979949297081
1,3.4982566827162547,14.538212400000017,101.79764922793271,9.610509333947917
1,3.365432508716587,14.192064540000016,100.94491818391333,8.573404010140564
1,3.368753113066578,17.653543478999993,100.64530997925789,8.757778289928552
1,3.031711771542421,16.61509957999999,100.74902051163863,8.296842590458638
1,3.2359289390669104,21.11502246000001,101.55565798571101,9.03433970961052
1,3.2342686368919145,16.96124745999999,101.38280709840977,8.700161327494811
1,3.184459571642039,12.46132477599999,100.78359068909887,8.631020972574333
1,3.0084675410924793,20.076578680000004,100.02304678497349,8.031804563263421
1,2.766063423543085,22.49961395999999,98.536529154183,6.522240147499431
1,2.7494604017931263,15.922803309000033,98.02949988476608,6.245678727817477
1,3.096463556367259,19.03813496999999,100.17285088730121,8.089421525697162
1,2.7859870496430355,14.538212239,99.21640931090113,7.132979949297081
1,3.270795284741823,14.192064649999987,100.51855266190366,8.896058999769522
1,2.885605180142786,19.384282940000013,100.06914035492049,8.135515095644166
1,3.4268636891914332,21.461170279999994,99.83867250518553,8.204655450564658
1,3.285738004316786,20.76887452199999,100.43788891449643,8.711684719981562
1,3.3156234434667113,15.23050837999999,101.42890066835677,8.815395252362308
1,3.68421052631579,12.115177170000006,101.31366674348928,9.472228624106933
1,2.8839448779677905,12.807472890000001,99.25097948836137,7.628485826227234
1,3.2458907521168854,10.730585270999997,100.2419912422217,7.4441115464392595
1,3.582932093641043,18.345839610000006,100.50702926941693,8.654067757547836
1,2.9055288062427365,17.653543609999975,100.0,8.377506337865867
1,3.0167690519674584,10.730585252000003,99.56211108550357,7.83590689098871
1,3.141291715092147,20.768874830000005,100.25351463470847,7.997234385803196
1,2.854059438817865,14.884360390000003,99.85019589767228,7.386494584005533
1,3.051635397642371,20.422726769999997,99.6427748329108,7.1790735192440565
1,3.307321932591732,17.999691600000002,100.40331873703619,8.746254897441816
1,2.75610161049311,16.268951870000002,99.10117538603365,7.225167089191046
1,2.9088494105927283,13.845916219999976,99.67734501037106,7.547822078820005
1,2.7959488626930105,15.922803932,99.34316662825536,7.225167089191061
1,3.08816204549228,12.461325660000043,99.9769532150265,8.170085273104405
1,3.328905860866678,21.461170372999987,100.2419912422217,8.02028117077667
1,3.1280092976921803,16.961247597999993,99.4007835906891,7.778289928554969
1,3.172837456417068,15.92280415000001,99.34316662825536,8.273795805485136
1,2.9470363606176324,20.42272686599999,98.95137128370592,7.0523162018898375
1,2.5983729038685044,12.461324700000002,98.90527771375893,6.441576400092188
1,3.2160053129669603,16.961247750000002,100.34570177460245,7.640009218713999
1,2.8291549061929273,14.538212291000002,99.87324268264577,7.524775293846503
1,3.2342686368919145,18.345839609999988,100.19589767227473,7.12145655681033
1,2.9254524323426865,12.461324939999976,99.9769532150265,7.905047245909188
1,2.7976091648680064,14.884360195000001,100.25351463470847,7.351924406545294
1,3.4202224804914496,15.230508110000004,100.9333947914266,8.665591150034572
1,3.1695168520670762,9.345993520000015,100.11523392486748,7.455634938926025
1,3.2674746803918318,17.999691460000005,101.04862871629408,8.665591150034572
1,3.295699817366761,15.922803912999994,99.41230698317585,6.8909887070753655
1,3.1894404781670267,25.26879724999999,99.88476607513252,7.766766536068218
1,3.229287730366927,13.845916650000005,100.48398248444342,7.951140815856192
1,3.0997841607172507,10.384436989999976,100.11523392486748,7.663056003687487
1,3.098123858542255,17.999691413000047,100.19589767227473,8.112468310670678
1,3.3239249543416904,27.691832680999948,100.35722516708918,8.100944918183913
1,3.2060434999169853,13.153620653999988,101.31366674348928,8.435123300299608
1,3.242570147766894,14.884360179999995,100.48398248444342,8.49274026273335
1,3.3870164369915328,17.307395460000006,101.45194745333026,8.389029730352618
1,3.342188278266645,17.307395389999986,100.73749711915187,8.250749020511634
1,3.166196247717085,20.076578949999988,100.78359068909887,8.158561880617654
1,3.360451602191599,12.461324690000007,100.43788891449643,8.826918644849044
1,3.0051469367424875,15.230508070000012,100.01152339248675,8.838442037335795
1,2.9088494105927283,19.73043116199999,99.26250288084813,7.628485826227262
1,3.252531960816869,12.115176910000008,99.96542982253975,8.204655450564644
1,2.862360949692844,11.076733219999978,99.35469002074211,7.709149573634477
1,2.996845425867508,16.961247712,99.41230698317585,7.363447799032031
1,2.787647351818031,16.615099816,98.8476607513252,6.764231389721147
1,3.2375892412419063,19.038135299999976,100.84120765153261,8.435123300299622
1,2.8955669931927615,16.96124779000001,98.444342014289,6.568333717446407
1,2.653162875643367,14.538212439999999,98.97441806867941,6.948605669509092
1,2.9702805910675747,16.26895189999998,100.046093569947,8.100944918183927
1,3.0283911671924293,15.230508170000004,99.87324268264577,8.02028117077667
1,3.2259671260169354,13.845916378000004,99.43535376814935,8.21617884305141
1,2.9802424041175497,19.730430800000004,99.51601751555657,7.801336713528457
1,3.1130665781172175,19.384282700000004,99.7349619728048,8.285319197971887
1,3.4301842935414246,21.461170455999998,101.88983636782669,8.873012214796034
1,3.3172837456417072,10.038289277999983,100.51855266190366,7.743719751094702
1,2.7810061431180477,17.307395660000005,98.75547361143121,7.098409771836842
1,3.651004482815873,13.84591654000001,101.70546208803873,8.826918644849059
1,3.0582766063423543,10.038289199999998,99.44687716063609,8.112468310670664
1,2.9287730366926783,21.80731830999999,99.21640931090113,7.30583083659829
1,2.887265482317782,12.807472570000007,100.02304678497349,7.824383498501945
1,2.985223310642537,10.038289409999983,99.96542982253975,7.674579396174224
1,3.5962145110410098,19.730430950000017,102.00507029269417,9.16109702696474
1,3.041673584592396,15.92280387999999,99.03203503111317,7.328877621571792
1,3.151253528142122,13.153620959999984,100.36874855957593,8.342936160405614
1,3.5762908849410597,25.961093030000008,100.20742106476146,8.239225628024883
1,2.663124688693342,14.884360359999981,99.58515787047708,7.478681723899527
1,3.0914826498422716,31.153311919999997,100.02304678497349,9.022816317123755
1,2.8258343018429355,11.769028963,99.55058769301682,7.0984097718368275
1,3.5148597044662133,13.845916459999975,101.06015210878083,8.988246139663516
1,3.0250705628424375,13.499768620000005,98.27149112698778,7.156026734270569
1,3.450107919641375,17.999691520000013,100.79511408158561,8.849965429822532
1,3.1114062759422216,16.615099559999994,100.3341783821157,7.501728508873015
1,3.229287730366927,15.92280423,99.29707305830836,7.467158331412762
1,2.888925784492778,15.230508089999995,98.490435584236,7.328877621571792
1,3.0350323758924125,14.192064440000008,99.9769532150265,7.916570638395939
1,3.1213680889921966,14.884360160000009,100.17285088730121,7.501728508873001
1,3.0034866345674915,23.538057979999998,99.6427748329108,7.951140815856178
1,2.8291549061929273,9.345993630000002,99.20488591841438,7.824383498501959
1,3.0051469367424875,15.576655984999991,100.44941230698316,7.997234385803168
1,3.2010625933919976,17.653543310000018,100.71445033417838,8.40055312283937
1,3.2160053129669603,11.769028919999986,100.25351463470847,8.677114542521323
1,3.5879130001660307,19.038134939999978,102.00507029269417,9.080433279557496
1,3.6078366262659807,19.03813530000001,101.55565798571101,8.619497580087597
1,2.8258343018429355,17.653543404999997,99.42383037566259,7.651532611200736
1,3.073219325917317,14.192064367,100.06914035492049,8.008757778289933
1,3.1114062759422216,10.730584899999997,99.94238303756626,7.547822078820005
1,3.0898223476672757,16.615099738,100.12675731735423,7.547822078820005
1,3.2143450107919644,16.961247532999995,101.09472228624108,9.091956672044262
1,3.6460235762908852,22.84576196,101.34823692094952,9.241760774371969
1,3.0400132824174,10.730585279999996,99.76953215026504,7.824383498501959
1,3.0018263323924956,9.692141651999998,99.18183913344089,7.455634938926025
1,3.275776191266811,31.499459740000017,100.50702926941693,8.054851348236937
1,3.197741989042006,15.576655629999987,100.73749711915187,8.377506337865867
1,3.0101278432674747,16.268951979999997,100.09218713989398,7.92809403088269
1,3.1329902042171676,17.999691291000005,100.29960820465544,8.031804563263421
1,3.0084675410924793,13.499768409999998,100.2650380271952,7.501728508873015
1,2.746139797443135,12.461324909999998,99.68886840285779,7.467158331412762
1,3.3969782500415078,15.92280425,101.02558193132059,9.437658446646708
1,3.1911007803420226,12.807472789999997,100.41484212952294,8.53883383268034
1,2.933753943217666,12.807472739999993,100.44941230698316,7.801336713528443
1,3.10808567159223,19.03813516999999,100.51855266190366,8.619497580087568
1,3.307321932591732,16.26895175999999,100.82968425904586,9.184143811938227
1,2.8191930931429523,10.73058529,99.05508181608666,7.328877621571792
1,3.0267308650174334,17.653543419999988,100.14980410232772,7.951140815856178
1,3.2326083347169186,23.884205881,99.81562572021203,7.709149573634477
1,3.098123858542255,23.884206019999972,100.9103480064531,8.45817008527311
1,2.7295367756931763,14.192064570000012,99.0205116386264,7.1905969117308075
1,3.26415407604184,16.268951917999996,101.67089191057848,9.21871398939848
1,2.5120371907687202,22.84576227,98.68633325651072,7.144503341783832
1,3.294039515191765,15.922804049999993,101.47499423830375,8.077898133210411
1,3.3255852565166863,24.230353769999976,100.3802719520627,8.2622724129984
1,2.8407770214178982,20.76887436,100.63378658677114,8.319889375432126
1,2.95201726714262,17.999691389,99.0205116386264,6.453099792578925
1,3.0582766063423543,12.46132488999999,99.74648536529153,8.181608665591142
1,3.475012452266313,13.84591634000001,101.32519013597603,9.345471306752714
1,3.375394321766562,14.192064490000003,100.72597372666515,8.239225628024911
1,2.877303669267807,19.03813516000001,100.27656141968195,7.720672966121228
1,2.7826664452930436,16.268951749999992,99.29707305830836,6.9831758469693455
1,2.7394985887431513,15.576655739999982,100.06914035492049,7.432588153952523
1,3.2923792130167695,22.153466474,101.94745333026043,9.760313436275638
1,2.73617798439316,11.769029030000008,98.50195897672275,6.856418529615112
1,2.961979080192595,12.807472608000001,99.56211108550357,7.651532611200736
1,2.766063423543085,11.769029149999998,99.18183913344089,7.248213874164563
1,3.4567491283413583,11.76902910299999,102.14335100253516,9.437658446646708
1,3.2990204217167527,17.653543400999997,101.1984328186218,8.861488822309283
1,3.4799933587913,11.769028820000004,101.17538603364831,9.20719059691173
1,2.945376058442637,11.769029169999998,100.78359068909887,8.365982945379116
1,3.0084675410924793,13.499768501999998,99.74648536529153,7.35192440654528
1,3.172837456417068,17.99969148,100.78359068909887,9.034339709610506
1,2.834135812717915,21.115022590000013,99.29707305830836,7.582392256280244
1,2.8042503735679896,20.76887475599999,99.07812860106016,7.190596911730822
1,2.9835630084675415,13.499768329999998,99.28554966582162,7.409541368979021
1,3.08816204549228,12.461325059999984,98.536529154183,7.536298686333268
1,2.757761912668106,17.65354392000001,98.64023968656372,7.040792809403072
1,3.56798937406608,20.076578920000003,100.11523392486748,8.100944918183913
1,2.7013116387182468,14.88436084000004,98.54805254666974,6.867941922101863
1,3.307321932591732,13.845916559999983,101.0025351463471,9.299377736805724
1,3.280757097791798,17.307395508000003,99.63125144042407,7.65153261120075
1,3.2193259173169517,12.115176988,100.03457017746025,8.135515095644166
1,3.2027228955669935,24.922649780000015,100.25351463470847,8.389029730352618
1,3.2458907521168854,16.615099999999988,100.70292694169163,7.801336713528457
1,2.9171509214677074,23.19191010000001,99.61972804793731,7.755243143581467
1,3.539764237091151,16.615099349999976,100.78359068909887,8.711684719981562
1,3.1363108085671594,13.499768464999995,99.63125144042407,7.363447799032045
1,3.064917815042338,17.30739568000001,99.78105554275179,7.490205116386264
1,3.230948032541923,14.884360050000014,100.09218713989398,7.0868863793500765
1,3.0914826498422716,12.115176780000004,100.03457017746025,8.631020972574333
1,3.451768221816371,17.653543649999992,100.25351463470847,7.974187600829694
1,3.0400132824174,8.653697839999989,100.73749711915187,8.354459552892365
1,3.164535945542089,12.461324899999976,100.92187139893984,8.803871859875542
1,3.272455586916819,19.038134949999996,100.2419912422217,8.67711454252131
1,3.342188278266645,12.115177189999997,100.02304678497349,9.126526849504486
1,2.68802922131828,16.615099767000004,99.30859645079512,7.236690481677812
1,3.083181138967292,13.49976853,99.52754090804333,7.225167089191061
1,3.368753113066578,20.76887507000002,100.63378658677114,8.515787047706837
1,2.97194089324257,14.88436024,99.88476607513252,8.354459552892365
1,2.7610825170180977,15.576655959999998,99.89628946761927,7.282784051624802
1,3.174497758592064,21.115022582,100.3802719520627,7.663056003687501
1,2.973601195417566,10.038289540000013,99.0435584235999,6.902512099562102
1,3.4451270131163874,16.268952119999998,100.47245909195668,8.515787047706851
1,3.4202224804914496,21.807318250000005,100.80663747407237,8.054851348236923
1,3.061597210692346,14.192064270000005,100.44941230698316,7.974187600829666
1,3.2575128673418563,19.038135000000004,100.9103480064531,8.49274026273335
1,3.1578947368421053,15.230508330000003,99.46992394560958,8.008757778289919
1,2.7859870496430355,13.845916466999997,99.46992394560958,7.8820004609357
1,2.8258343018429355,11.07673318,99.10117538603365,7.2827840516247875
1,3.162875643367093,14.538212169999987,101.23300299608205,9.057386494584009
1,3.365432508716587,12.461324670000016,100.59921640931091,8.193132058077921
1,3.197741989042006,20.768874706999995,99.23945609587463,8.008757778289933
1,3.0034866345674915,12.807472670000006,99.59668126296381,7.593915648766995
1,3.2193259173169517,25.268797650000007,99.86171929015903,7.501728508873029
1,3.3123028391167195,14.884360100000018,100.99101175386033,8.469693477759847
1,3.2790967956168027,23.53805803999999,100.11523392486748,7.916570638395939
1,3.353810393491616,22.499614110000014,99.80410232772529,7.985710993316431
1,3.1130665781172175,23.884205899999998,99.55058769301682,8.02028117077667
1,2.8357961148929105,11.422881089999999,99.03203503111317,7.156026734270569
1,3.0798605346173007,13.49976874,100.23046784973498,7.893523853422465
1,3.053295699817367,26.653388899999968,99.7580087577783,7.305830836598304
1,3.0599369085173502,14.538212432000005,100.65683337174465,7.65153261120075
1,3.4086003652664787,16.61509979999998,100.9333947914266,9.241760774371969
1,2.8258343018429355,19.038135227,99.34316662825536,6.8564185296151265
1,2.8274946040179314,10.384437330000019,98.83613735883844,7.593915648766995
1,2.711273451768222,28.037980825,99.1126987785204,7.0868863793500765
1,2.5037356798937407,12.46132508999998,98.50195897672275,6.46462318506569
1,3.3455088826166364,11.076732919999987,100.65683337174465,8.054851348236937
1,3.295699817366761,13.499768640000019,100.56464623185066,8.296842590458638
1,3.086501743317284,20.76887433,98.82461396635169,7.501728508873001
1,3.0001660302174997,22.845762409999978,99.42383037566259,7.478681723899513
1,3.17615806076706,11.76902932999999,100.9103480064531,7.974187600829694
1,3.294039515191765,12.807472590000016,100.05761696243374,7.686102788660975
1,3.184459571642039,14.192064549000001,100.03457017746025,7.974187600829694
1,3.3272455586916823,10.730584930000019,99.4007835906891,7.905047245909202
1,2.9154906192927115,15.576656319999998,99.67734501037106,7.616962433740497
1,3.1479329237921303,15.92280391999999,99.74648536529153,8.377506337865853
1,2.940395151917649,16.268951430000023,100.21894445724821,8.296842590458624
1,3.0167690519674584,17.99969149399999,100.2880848121687,8.216178843051395
1,3.0582766063423543,17.307395566,101.1984328186218,8.089421525697162
1,3.0383529802424043,25.961093139999996,101.65936851809172,9.115003457017735
1,2.9370745475676574,19.730430825999985,100.77206729661212,8.342936160405628
1,2.961979080192595,16.61509983999998,99.72343858031805,8.262272412998385
1,3.186119873817035,14.538212288999997,99.6658216178843,8.654067757547821
1,3.1246886933421885,22.499614243999996,100.39179534454942,8.481216870246584
1,2.8507388344678732,23.538057980999998,98.76699700391795,7.063839594376574
1,2.8142121866179646,13.153620929999988,99.48144733809634,7.628485826227248
1,3.3255852565166863,24.576501854000004,101.39433049089652,9.391564876699704
1,2.437323592893907,11.76902889,98.00645309979258,5.692555888453569
1,3.504897891416238,13.845916664999994,101.38280709840977,8.919105784743024
1,3.670928108915823,17.307395745999994,101.31366674348928,9.31090112929246
1,2.767723725718081,11.076733365,100.53007605439042,8.607974187600831
1,2.9154906192927115,12.807472629000008,99.18183913344089,7.02926941691635
1,3.463390337041342,16.615099830000002,102.60428670200508,9.910117538603373
1,2.998505728042504,7.269106304000003,98.68633325651072,7.0407928094030865
1,3.0383529802424043,11.422881113999994,99.79257893523852,7.858953675962198
1,3.4185621783164537,25.614945439999985,101.37128370592303,9.02281631712377
1,3.249211356466877,14.538212409999991,100.35722516708918,8.58492740262733
1,2.7976091648680064,12.115176845000006,99.56211108550357,7.640009218713985
1,3.8286568155404286,25.961093439999978,101.85526619036645,9.449181839133459
1,2.9055288062427365,11.422881116,99.23945609587463,7.340401014058543
1,3.1130665781172175,12.807472520000003,100.23046784973498,8.066374740723688
1,3.3770546239415578,17.999692220000036,100.09218713989398,8.63102097257432
1,3.187780175992031,18.69198708999999,99.7580087577783,7.547822078820019
1,2.7262161713431845,16.268951938000008,99.50449412306983,7.616962433740497
1,3.1114062759422216,20.768874669999988,99.34316662825536,7.801336713528471
1,2.940395151917649,10.730585059999997,100.03457017746025,7.824383498501973
1,2.7029719408932427,15.230508018000007,99.67734501037106,7.513251901359766
1,3.187780175992031,17.653543520000003,100.50702926941693,8.331412767918891
1,3.240909845591898,14.53821237999999,99.59668126296381,8.089421525697162
1,3.08816204549228,15.230508229999995,98.34063148190828,6.867941922101863
1,2.966959986717583,10.730585232999996,99.32011984328186,7.2943074441115385
1,3.416901876141458,16.61509993,100.21894445724821,8.561880617653841
1,3.19608168686701,15.230508080000007,100.41484212952294,8.688637935008074
1,3.368753113066578,13.153620653000003,100.67988015671814,7.974187600829694
1,3.1014444628922466,19.038135122999996,99.19336252592763,6.994699239456082
1,2.663124688693342,10.384437309999983,99.55058769301682,7.455634938926011
1,3.4451270131163874,18.691987434,100.55312283936391,7.69762618114774
1,2.9188112236427033,15.576655936,99.25097948836137,7.697626181147726
1,3.2259671260169354,18.69198733,99.93085964507951,7.720672966121228
1,3.2010625933919976,13.845916654999998,101.14081585618806,8.711684719981562
1,3.1163871824672094,18.691987200000003,100.25351463470847,7.870477068448963
1,2.832475510542919,16.268951936000004,98.76699700391795,6.798801567181371
1,2.847418230117882,11.769028980000007,100.27656141968195,7.513251901359766
1,3.15623443466711,15.922804018000004,99.7580087577783,8.008757778289933
1,3.171177154242072,16.268951664000006,100.70292694169163,7.490205116386264
1,3.2790967956168027,18.34583946999998,99.12422217100715,7.92809403088269
1,3.2674746803918318,8.999845683999993,100.29960820465544,8.262272412998385
1,3.1213680889921966,32.19175574,99.88476607513252,8.054851348236923
1,2.73617798439316,14.192064518000002,99.29707305830836,7.697626181147712
1,3.1811389672920476,19.038134989999964,101.08319889375433,9.045863102097272
1,3.3156234434667113,14.538212338000003,101.7515556579857,9.115003457017735
1,3.119707786817201,14.192064310000005,99.38926019820235,7.0523162018898375
1,3.265814378216836,12.46132513000004,99.82714911269878,7.824383498501959
1,3.194421384692014,15.92280389999999,100.31113159714221,8.538833832680353
1,3.342188278266645,13.845916649999996,100.2419912422217,8.458170085273096
1,3.2060434999169853,9.345993599999998,99.0666052085734,7.2482138741645485
1,2.7079528474182304,21.461170269000007,98.62871629407698,7.328877621571792
1,3.0217499584924457,17.999691200000004,100.18437427978797,7.559345471306756
1,2.7162543582932095,12.115176918000001,98.83613735883844,7.109933164323579
1,3.295699817366761,23.191909871999982,99.28554966582162,7.593915648766995
1,2.988543914992529,20.422726670000007,99.03203503111317,7.017746024429599
1,3.056616304167359,12.461324750000006,101.8206960129062,10.094491818391333
1,3.5215009131661965,15.922804099999988,100.5761696243374,8.06637474072366
1,3.3770546239415578,14.53821224,99.17031574095414,7.593915648766995
1,2.8075709779179814,14.538212530000003,99.83867250518553,7.225167089191061
1,3.451768221816371,17.307395640000006,100.96796496888685,8.45817008527311
1,2.724555869168189,13.499768799999991,98.5134823692095,7.0407928094030865
1,2.878963971442803,12.807472695000005,100.59921640931091,8.043327955750186
1,3.7074547567657317,19.384283019999984,101.1984328186218,8.87301221479602
1,3.1097459737672257,12.115176907999958,100.58769301682415,8.100944918183913
1,3.0914826498422716,15.576655629999987,100.2419912422217,8.412076515326106
1,2.8822845757927946,17.999691302000002,99.51601751555657,7.951140815856178
1,2.830815208367923,14.538211990000006,98.8476607513252,6.8333717446416244
1,3.154574132492114,18.691987424999997,100.8873012214796,8.527310440193602
1,2.6714261995683217,20.768874529999998,98.55957593915649,6.395482830145198
1,3.1130665781172175,21.461170650000003,99.25097948836137,7.547822078819991
1,2.968620288892579,13.499768536999992,99.95390643005301,8.089421525697162
1,3.375394321766562,20.422726760000003,100.2650380271952,8.953675962203278
1,2.976921799767558,18.691987030000007,99.12422217100715,7.156026734270569
1,2.9121700149427197,11.076733235000045,98.96289467619268,7.271260659138051
1,3.3255852565166863,13.499768492000003,100.36874855957593,8.365982945379116
1,3.8087331894404786,15.230508116,101.38280709840977,9.656602903894907
1,3.166196247717085,20.076579048,100.20742106476146,8.504263655220086
1,2.9586584758426038,11.769028969999999,100.51855266190366,7.893523853422437
1,3.08816204549228,15.922804229999993,98.82461396635169,6.8448951371283755
1,2.978582101942554,21.807318750000004,100.53007605439042,7.801336713528471
1,2.8357961148929105,17.30739577,100.19589767227473,7.893523853422451
1,3.3670928108915827,17.653543279999987,100.18437427978797,8.020281170776684
1,2.774364934418064,9.692141399999997,100.55312283936391,7.916570638395939
1,3.064917815042338,27.345685175,100.06914035492049,7.271260659138051
1,3.4119209696164705,10.038289391,100.10371053238075,8.711684719981577
1,2.6398804582434003,20.42272641,99.07812860106016,7.271260659138065
1,2.6515025734683713,16.615099752000003,98.5134823692095,6.821848352154873
1,3.2907189108417736,14.538212260000009,101.59022816317125,9.483752016593698
1,3.0914826498422716,10.730585260000005,100.31113159714221,8.965199354690029
1,2.940395151917649,15.922803967000041,100.49550587693017,8.423599907812857
1,3.1479329237921303,24.576501329999985,100.73749711915187,8.193132058077879
1,3.0084675410924793,11.769029159999999,101.509564415764,8.227702235538146
1,2.9802424041175497,17.307395619999987,99.70039179534454,7.686102788660975
1,3.46006973269135,24.922649360000005,100.046093569947,8.469693477759861
1,2.945376058442637,19.038135045999997,99.0205116386264,7.2827840516247875
1,3.15623443466711,18.691987210999997,100.58769301682415,7.97418760082968
1,2.8806242736177987,18.345839280000014,100.046093569947,7.951140815856192
1,3.4218827826664455,19.384283069999988,101.72850887301222,8.757778289928552
1,2.6265980408434335,9.345993599999998,98.95137128370592,6.46462318506569
1,3.3023410260667445,18.345839320000003,101.31366674348928,8.331412767918877
1,3.297360119541757,12.80747254999999,99.85019589767228,8.123991703157415
1,2.933753943217666,12.807472732999994,99.6427748329108,7.2943074441115385
1,3.8751452764403123,23.191910050000004,101.54413459322424,8.400553122839355
1,3.463390337041342,10.38443772000002,102.38534224475686,9.426135054159943
1,2.590071392993525,15.576655029999989,98.25996773450105,6.8333717446416244
1,3.385356134816537,17.999691500000004,100.74902051163863,9.276330951832222
1,3.0682384193923298,13.49976836000001,100.34570177460245,8.066374740723674
1,2.6963307321932595,19.730430985999995,99.74648536529153,7.3980179764922696
1,3.17615806076706,13.153620730000014,100.31113159714221,7.374971191518796
1,2.976921799767558,15.922803748999996,99.6658216178843,7.801336713528457
1,2.6946704300182636,20.768874711000006,100.61073980179765,8.227702235538146
1,2.7810061431180477,22.499614405,99.42383037566259,7.156026734270569
1,3.074879628092313,11.76902918999998,100.31113159714221,8.170085273104405
1,3.581271791466047,11.42288164000001,101.84374279787968,9.840977183682867
1,3.0051469367424875,20.076578757999997,99.58515787047708,7.928094030882704
1,3.240909845591898,18.691987358000006,101.37128370592303,8.642544365061084
1,3.2193259173169517,10.730585060000005,100.63378658677114,8.976722747176765
1,2.898887597542753,11.769028850000009,99.90781286010602,7.616962433740497
1,3.0898223476672757,13.499768780000009,100.046093569947,8.204655450564658
1,2.7859870496430355,16.26895200000001,99.0435584235999,6.856418529615112
1,2.97194089324257,16.615100100000006,100.31113159714221,7.179073519244085
1,2.543582932093641,23.19190989800001,100.39179534454942,8.308365982945375
1,3.3355470695666614,11.076733356000004,99.96542982253975,8.308365982945375
1,3.4019591565664955,11.769028689999992,100.74902051163863,8.44664669278636
1,2.953677569317616,19.38428319099999,98.50195897672275,7.156026734270569
1,3.342188278266645,15.576655680000009,100.046093569947,8.21617884305141
1,3.240909845591898,12.80747284999998,99.68886840285779,7.409541368979021
1,2.7278764735181804,12.115176873,98.60566950910348,6.430053007605437
1,3.3338867673916655,12.115176970000016,101.09472228624108,8.285319197971901
1,3.3172837456417072,15.576656069999999,100.63378658677114,8.15856188061764
1,3.1911007803420226,11.076733459999994,100.12675731735423,8.435123300299608
1,3.3272455586916823,20.768875049999995,101.22147960359528,8.907582392256273
1,3.0068072389174834,11.769029179999977,99.42383037566259,8.354459552892365
1,2.7727046322430686,16.268951849999993,99.4007835906891,8.054851348236923
1,3.1363108085671594,17.999691189999982,98.37520165936851,6.7411846047476445
1,3.4982566827162547,21.11502292000001,101.03710532380732,8.815395252362293
1,3.0283911671924293,11.769028860000004,99.63125144042407,7.755243143581467
1,2.6016935082184958,10.384437226000006,100.08066374740723,7.743719751094716
1,3.690851735015773,16.96124783000001,101.04862871629408,8.803871859875542
1,3.3189440478167027,17.99969125,101.23300299608205,8.5042636552201
1,2.8972272953677574,11.076733270000034,99.90781286010602,7.778289928554969
1,2.8158724887929605,11.769028963999993,99.76953215026504,7.92809403088269
1,2.9918645193425206,17.65354347,100.53007605439042,8.089421525697176
1,2.968620288892579,18.34583921000001,98.8476607513252,6.407006222631949
1,3.2475510542918813,13.845916638000002,100.19589767227473,7.720672966121228
1,3.3322264652166695,10.038289520000005,99.85019589767228,8.435123300299608
1,3.342188278266645,16.615099809999993,100.20742106476146,9.091956672044248
1,2.888925784492778,12.461324936000008,98.88223092878543,7.490205116386264
1,2.752781006143118,13.153620806999992,99.22793270338788,7.444111546439274
1,3.10808567159223,13.84591633000004,100.16132749481447,7.593915648766995
1,3.358791300016603,18.345839179999995,100.73749711915187,8.953675962203263
1,3.0466544911173834,17.307395365000026,99.42383037566259,7.467158331412762
1,2.470529636393824,24.92264971999999,97.8681723899516,6.453099792578925
1,3.186119873817035,18.345839179999995,101.11776907121457,8.365982945379116
1,3.186119873817035,22.84576202,99.9769532150265,7.97418760082968
1,2.9071891084177324,14.884359919999984,100.5761696243374,8.06637474072366
1,3.08816204549228,13.49976874,99.61972804793731,7.92809403088269
1,3.1130665781172175,14.192064305000002,100.01152339248675,8.412076515326106
1,3.8170347003154577,19.384282929999998,101.49804102327727,9.115003457017764
1,3.2093641042669767,13.153620540000011,100.8642544365061,9.022816317123755
1,3.3189440478167027,18.691987509999972,100.27656141968195,8.389029730352618
1,2.4887929603187784,18.34583911,97.8912191749251,6.591380502419909
1,3.194421384692014,13.153620980000008,99.58515787047708,8.089421525697176
1,2.8806242736177987,22.499614350000012,100.12675731735423,7.709149573634477
1,3.5115391001162215,20.76887456000003,100.96796496888685,8.815395252362308
1,3.1163871824672094,15.57665615000001,98.7785203964047,7.628485826227234
1,2.978582101942554,35.99938276500001,100.32265498962896,7.801336713528471
1,2.5269799103436825,17.307395422000013,98.70938004148422,7.121456556810344
1,3.584592395816039,18.345839350000016,100.73749711915187,8.73473150495505
1,3.0350323758924125,15.230508079000005,99.36621341322885,7.30583083659829
1,3.1363108085671594,14.53821216,100.01152339248675,7.78981332104172
1,3.6011954175659975,16.61509981999998,100.11523392486748,8.59645079511408
2,3.561348165366097,12.461324686999786,112.75639548283014,6.257202120304214
2,3.602855719740993,14.884360554999892,111.51186909426134,6.752707997234381
2,3.438485804416404,16.268952110000054,110.88960589997696,6.211108550357224
2,4.037854889589906,17.30739580200001,112.39917031574096,6.821848352154873
2,3.4119209696164705,18.69198770900006,110.64761465775523,5.646462318506551
2,3.3670928108915827,20.076578438999874,113.73588384420374,6.568333717446421
2,3.878465880790304,18.691987373999975,111.53491587923486,7.432588153952537
2,3.7639050307155903,17.653543323000036,112.7679188753169,6.049781055542738
2,3.9299352482151755,19.730430990000034,113.04448029499885,5.738649458400545
2,3.5231612153411924,21.80731824200005,110.98179303987095,5.277713758930645
2,3.923294039515192,22.49961435300006,114.40424060843513,7.156026734270583
2,3.365432508716587,19.384282815000027,111.4542521318276,4.966582161788423
2,3.3222646521666945,17.653543763000016,111.4542521318276,6.303295690251204
2,3.893408600365267,15.576655662999997,112.26088960589998,6.672044249827152
2,3.3355470695666614,22.84576261400009,109.89859414611662,5.473611431205342
2,3.269134982566827,15.230508021000023,110.10601521087808,5.876930168241529
2,3.8269965133654327,16.6151002199999,113.51693938695553,5.807789813321037
2,3.4202224804914496,16.96124793500002,108.96519935469003,5.266190366443894
2,3.6310808567159225,19.038135173000054,112.59506798801566,5.715602673427057
2,3.6759090154408107,34.61479120700002,112.06499193362527,5.784743028347549
2,4.042835796114893,22.153466703999992,113.77045402166397,6.706614427287391
2,3.782168354640545,14.884360385000043,113.33256510716755,5.439041253745103
2,3.3986385522165037,17.307395851000052,111.85757086886379,6.372436045171682
2,3.651004482815873,26.307241294999947,110.57847430283476,6.6489974648536645
2,3.504897891416238,20.076578854000132,112.08803871859875,6.038257663056001
2,3.119707786817201,16.615099285000046,108.11246831067065,5.16247983406312
2,3.878465880790304,16.96124766900002,112.82553583775064,5.485134823692107
2,3.4567491283413583,22.845762392999998,112.62963816547591,5.865406775754778
2,3.5962145110410098,29.07642437399993,113.57455634938927,6.3493892601982225
2,3.8054125850904867,29.076424857000028,112.60659138050242,6.188061765383736
2,3.4467873152913833,19.384283626000045,112.23784282092649,6.28024890527773
2,3.760584426365599,16.615100400000014,113.28647153722056,6.291772297764453
2,3.651004482815873,21.115022077999935,114.63470845817008,6.971652454482594
2,3.282417399966794,19.03813530699995,112.06499193362527,5.681032495966832
2,3.6227793458409434,16.615099787999977,112.67573173542291,6.84489513712839
2,3.285738004316786,22.49961437399993,111.94975800875777,5.1048628716294076
2,3.8801261829653,35.65323525100007,112.86010601521087,6.971652454482609
2,3.7107753611157235,13.153620996000022,111.55796266420835,6.69509103480064
2,3.3455088826166364,21.11502278199999,110.71675501267573,5.565798571099336
2,3.252531960816869,25.6149459120001,111.46577552431435,6.188061765383722
2,3.5414245392661465,27.345684275999968,111.78843051394331,5.588845356072838
2,3.7439814046156403,12.807471950000009,112.35307674579396,6.902512099562102
2,3.98804582434003,28.73027638799985,113.12514404240608,7.144503341783832
2,3.538103934916155,14.538212746999998,111.16616731965891,6.867941922101863
2,3.748962311140628,19.384282798000015,110.86655911500345,6.902512099562102
2,3.305661630416736,22.49961498000004,111.26987785203963,6.2572021203042
2,3.2923792130167695,30.11486754900011,110.45171698548053,6.487669970039178
2,3.4135812717914664,16.96124750099996,111.55796266420835,6.55681032495967
2,3.3372073717416573,18.345839221999977,111.54643927172158,6.34938926019818
2,3.7390004980906526,19.384282481999872,113.13666743489283,6.141968195436718
2,3.68421052631579,18.691987418999883,111.79995390643005,7.225167089191046
2,3.8253362111904368,15.576655811999906,112.77944226780363,6.476146577552427
2,3.8419392329403954,14.538211574000107,113.63217331182301,6.6605208573404155
2,3.803752282915491,21.461169979000022,112.53745102558193,7.052316201889823
2,3.7273783828656817,21.46116988899993,112.33002996082047,4.862871629407707
2,3.6759090154408107,26.653388705000015,111.99585157870477,8.296842590458638
2,3.848580441640379,26.999537013999916,111.78843051394331,7.282784051624802
2,3.7124356632907194,17.653543562000035,112.13413228854574,7.052316201889823
2,3.2126847086169685,20.42272671999995,108.96519935469003,5.65798571099333
2,3.4418064087663955,21.461169997,110.9011292924637,6.16501498041022
2,4.188942387514528,32.53790370800001,113.95482830145194,7.732196358607965
2,3.4567491283413583,19.038134776000053,110.68218483521548,6.395482830145198
2,3.8618628590403454,22.499614722999993,113.49389260198201,7.605439041253746
2,3.592893906691018,20.422726720000018,111.96128140124453,7.213643696704324
2,4.270297194089324,17.307395925000023,114.12767918875318,5.692555888453569
2,3.6011954175659975,14.192063954000036,112.53745102558193,5.462088038718605
2,3.280757097791798,23.88420547799995,110.11753860336484,4.8398248444342045
2,3.5563672588411093,26.999537284999942,114.10463240377968,6.8564185296151265
2,3.428523991366429,17.65354371700001,110.5899976953215,6.130444802949981
2,4.154076041839615,22.84576214899997,113.34408849965429,5.796266420834286
2,3.491615474016271,20.076578744,112.11108550357226,6.718137819774157
2,3.549726050141126,14.538212197999986,111.29292463701314,6.188061765383736
2,3.5962145110410098,35.65323452200002,112.51440424060843,6.049781055542738
2,3.7356798937406612,24.92264941000001,114.7614657755243,6.303295690251204
2,3.3239249543416904,27.691833194999973,110.00230467849734,4.955058769301658
2,3.465050639216338,22.49961470599998,111.8114772989168,5.1855266190366365
2,3.3787149261165537,19.038135472000047,111.97280479373129,5.508181608665595
2,3.4999169848912506,15.576655722000023,114.2313897211339,5.738649458400545
2,4.167358459239582,48.460707552,113.30951832219405,7.1905969117308075
2,4.290220820189274,21.807318921000032,113.0329569025121,7.570868863793507
2,3.5248215175161883,20.42272687499992,112.67573173542291,5.796266420834314
2,3.589573302341026,14.192063524999936,111.5003457017746,5.923023738188519
2,3.7755271459405613,25.961093373000065,112.34155335330722,6.476146577552441
2,3.0948032541922634,24.576501384000053,112.27241299838673,5.819313205807802
2,3.4185621783164537,19.384283388000007,112.35307674579396,5.3929476837980985
2,3.70413415241574,22.153466598000133,112.80248905277715,7.905047245909188
2,3.6260999501909352,23.88420624899995,112.60659138050242,6.038257663056015
2,3.3770546239415578,21.115023117999968,111.30444802949988,7.78981332104172
2,4.2072057114394825,24.922649536000055,113.8972113390182,5.923023738188519
2,3.9100116221152255,23.53805806499999,113.41322885457478,5.588845356072824
2,3.5098787979412256,15.23050814999996,112.22631942843972,6.660520857340387
2,4.109247883114727,21.11502207599994,113.22885457478682,6.188061765383736
2,3.579611489291051,28.73027646100007,111.86909426135054,7.02926941691635
2,3.551386352316122,12.807472980999947,112.09956211108549,5.047245909195652
2,3.574630582766064,13.845916552000029,111.07398017976493,6.153491587923483
2,3.8386186285904036,22.153466218999966,112.82553583775064,6.764231389721132
2,3.5215009131661965,21.461171062999924,113.57455634938927,6.695091034800669
2,3.5995351153910016,18.691987317000017,111.97280479373129,6.383959437658461
2,3.3123028391167195,9.34599422900001,111.16616731965891,4.666973957132981
2,3.6211190436659475,26.307240938000103,112.6987785203964,6.234155335330712
2,3.4268636891914332,17.307395956999844,111.37358838442037,5.611892141046312
2,3.5231612153411924,22.845761982000013,111.05093339479141,5.888453560728266
2,3.662626598040844,21.80731897799999,110.2558193132058,6.211108550357224
2,3.365432508716587,15.57665537899995,111.91518783129753,6.188061765383722
2,3.780508052465549,20.76887512999996,112.61811477298917,6.153491587923483
2,3.569649676241076,30.46101535799997,111.41968195436735,5.9345471306752415
2,3.7390004980906526,19.038134744000025,113.83959437658446,6.925558884535604
2,4.491117383363773,44.30693257899999,112.33002996082047,6.337865867711457
2,3.3969782500415078,20.76887500199992,114.63470845817008,5.496658216178844
2,4.021251867839947,16.268951381999894,111.39663516939386,6.568333717446407
2,3.5231612153411924,19.730430765999976,112.15717907351926,5.174003226549914
2,3.7323592893906694,18.691987302,112.13413228854574,6.8333717446416244
2,3.54806574796613,21.115022928000005,109.95621110855036,6.395482830145198
2,3.141291715092147,16.61510034499998,113.24037796727357,5.588845356072838
2,3.342188278266645,21.11502214700002,111.35054159944688,6.268725512790965
2,3.571309978416072,15.576656116999958,114.15072597372667,6.60290389490666
2,3.2790967956168027,17.307395756999966,110.82046554505646,5.1970500115233875
2,3.0898223476672757,20.422726769999954,110.72827840516248,6.672044249827152
2,3.6526647849908684,16.26895176199995,110.57847430283476,5.565798571099336
2,4.281919309314295,29.076424508000034,112.82553583775064,7.616962433740511
2,3.3006807238917486,20.42272617399997,112.92924637013138,5.819313205807802
2,3.6111572306159725,33.92249562499984,112.22631942843972,5.623415533533063
2,3.773866843765566,24.92264956200002,113.21733118230006,6.407006222631921
2,3.6260999501909352,22.8457619160001,112.5259276330952,6.7988015671813855
2,4.102606674414743,28.384128152999924,112.51440424060843,6.049781055542738
2,3.2110244064419726,16.61510044600002,110.35952984558655,6.84489513712839
2,4.094305163539764,22.153465807000018,113.0790504724591,8.250749020511648
2,3.6974929437157567,16.961246894000027,112.29545978336022,7.006222631942833
2,4.047816702639881,19.03813498399999,114.11615579626641,5.992164093109011
2,3.4202224804914496,25.96109280100005,113.25190135976031,6.280248905277716
2,3.4982566827162547,27.69183309699996,110.75132519013597,5.531228393639083
2,3.762244728540595,24.922649405999945,110.80894215256971,6.141968195436732
2,3.6759090154408107,26.653389085000004,111.92671122378428,5.715602673427057
2,4.0079694504399805,18.69198675099992,114.48490435584236,7.351924406545294
2,3.350489789141624,26.65338899700005,111.37358838442037,5.980640700622274
2,3.0001660302174997,20.076578425999998,112.53745102558193,6.360912652684959
2,3.7190768719907026,17.653544116000077,113.72436045171699,6.522240147499431
2,3.848580441640379,22.15346677400004,113.57455634938927,6.176538372896985
2,3.677569317615806,28.730276494999956,111.94975800875777,5.669509103480053
2,3.280757097791798,15.576656467000058,110.2788660981793,5.957593915648758
2,3.54806574796613,23.884205510000115,112.9638165475916,5.4736114312053274
2,3.581271791466047,14.884359785999958,111.79995390643005,5.681032495966804
2,3.9548397808401132,21.807318707000103,111.98432818621802,6.084351233002991
2,3.934916154740163,21.46117006200002,113.30951832219405,7.0407928094030865
2,3.6559853893408603,18.345839071,112.4106937082277,6.476146577552427
2,4.1391333222646525,31.153311720000033,113.48236920949529,7.444111546439274
2,3.7074547567657317,17.65354339800011,111.86909426135054,5.600368748559575
2,3.405279760916487,18.345839254000072,112.4106937082277,6.061304448029489
2,3.682550224140794,25.961093622999947,111.61557962664207,6.602903894906646
2,3.385356134816537,21.807318796999986,112.7448720903434,5.865406775754806
2,3.491615474016271,19.730430445000014,111.84604747637705,6.072827840516254
2,4.23211024406442,21.807318422999987,113.18276100483982,6.522240147499431
2,3.6427029719408934,15.922803255000034,111.85757086886379,6.268725512790965
2,3.5862526979910347,21.80731848400001,112.88315280018438,6.810324959668137
2,4.061099120039848,24.576501676999982,112.99838672505184,5.40447107628485
2,3.7522829154906194,21.461170881999987,112.16870246600598,6.188061765383736
2,3.4002988543914996,16.961247244000056,111.7423369439963,6.107398017976479
2,3.1047650672422384,13.49976822399991,112.57202120304217,4.056234155335332
2,3.4766727544413087,15.576655945000045,112.50288084812168,6.245678727817449
2,3.3571309978416073,19.384282306999996,114.00092187139894,6.407006222631949
2,3.589573302341026,20.42272689100004,110.566950910348,5.738649458400545
2,3.582932093641043,13.845916919,113.10209725743259,5.969117308135523
2,3.780508052465549,24.576502274999967,111.41968195436735,6.775754782207855
2,3.463390337041342,26.999537429999997,111.53491587923486,5.704079280940334
2,3.6327411588909184,12.115177040000063,112.86010601521087,6.960129061995843
2,3.7323592893906694,13.845916536000049,112.076515326112,6.960129061995858
2,3.8651834633903372,32.53790339100004,113.59760313436276,6.107398017976479
2,3.307321932591732,19.38428305999995,113.73588384420374,5.969117308135509
2,3.9249543416901878,22.499613684000064,111.51186909426134,7.3864945840055185
2,3.591233604516022,19.03813489800003,111.75386033648307,5.623415533533077
2,3.8635231612153413,31.49946030499992,113.3210417146808,7.12145655681033
2,3.5663290718910843,21.461169898000023,110.62456787278174,5.681032495966804
2,4.054457911339864,25.961093381000055,112.77944226780363,7.686102788660975
2,3.846920139465383,24.230353528000013,112.82553583775064,7.075362986863325
2,3.473352150091317,28.384128601999997,111.94975800875777,5.0933394791426565
2,3.594554208866014,31.153312179000025,112.30698317584698,5.784743028347549
2,4.193923294039515,47.768411685000025,112.58354459552893,6.165014980410248
2,3.5962145110410098,21.115022853999896,113.11362064991934,6.430053007605437
2,4.004648846089989,16.615099842000046,112.16870246600598,6.844895137128361
2,3.748962311140628,19.038135003999827,113.0790504724591,5.531228393639097
2,3.6443632741158893,15.922804174999943,112.47983406314819,5.439041253745103
2,3.340527976091649,23.191909801999962,111.08550357225167,5.761696243374047
2,3.9166528308152087,26.307241118000075,110.35952984558655,5.404471076284864
2,3.395317947866512,18.691987222999998,112.86010601521087,5.519705001152346
2,3.694172339365765,32.88405173400004,111.62710301912884,5.923023738188533
2,3.461730034866346,21.115022985000035,112.54897441806868,6.46462318506569
2,4.17233936576457,22.153465765000004,112.79096566029038,6.78727817469462
2,3.878465880790304,18.345838698000104,112.19174925097948,6.165014980410234
2,3.944877967790138,20.076578470999973,113.55150956441575,6.648997464853636
2,3.602855719740993,20.768874569999998,111.65014980410233,6.234155335330712
2,3.2907189108417736,15.576656327000032,113.40170546208803,5.427517861258352
2,3.8369583264154077,16.961247519000008,112.15717907351926,6.326342475224735
2,3.416901876141458,16.61510018499998,112.66420834293615,6.141968195436718
2,3.682550224140794,16.61509911500006,113.25190135976031,6.510716755012666
2,3.162875643367093,20.07657826400007,113.52846277944226,5.992164093109011
2,3.2160053129669603,21.115022558999897,111.7423369439963,5.462088038718591
2,3.773866843765566,29.422572491999976,112.84858262272412,6.176538372896971
2,3.8751452764403123,12.461325055999962,112.53745102558193,6.003687485595748
2,3.86020255686535,30.114868697000002,112.61811477298917,6.7527079972343955
2,3.4467873152913833,25.961093463000015,112.06499193362527,6.7411846047476445
2,4.14411422878964,19.03813512000002,113.85111776907122,7.409541368979021
2,4.253694172339366,22.845761938999967,113.0790504724591,6.268725512790965
2,3.7124356632907194,23.19191041800006,113.83959437658446,5.750172850887296
2,3.6360617632409102,14.884360030999952,111.84604747637705,6.095874625489742
2,3.4202224804914496,24.576501639000032,112.99838672505184,6.533763539986154
2,3.4766727544413087,13.499768598000047,111.40815856188063,6.015210878082527
2,4.38817864851403,32.53790338600002,112.36460013828071,7.1445033417838175
2,3.7157562676407108,19.73043116000002,112.68725512790965,6.430053007605423
2,3.563008467541093,24.230353710000053,112.03042175616503,5.634938926019828
2,3.9050307155902377,17.65354327799999,114.10463240377968,7.432588153952523
2,3.7406608002656485,21.115022388000085,114.12767918875318,5.75017285088731
2,4.162377552714594,21.46117006000009,112.87162940769761,6.441576400092174
2,3.438485804416404,14.884360324999983,111.31597142198663,5.600368748559575
2,4.137473020089657,30.114868363999985,112.84858262272412,5.681032495966804
2,3.4999169848912506,21.807318110000015,111.91518783129753,5.773219635860798
2,3.868504067740329,17.307395434999968,111.01636321733119,7.0523162018898375
2,3.667607504565831,17.653543859999925,112.42221710071445,5.980640700622246
2,3.5962145110410098,21.461170885000087,111.51186909426134,6.430053007605423
2,4.014610659139964,23.191909495000118,112.34155335330722,7.628485826227262
2,3.7207371741656985,21.807318145999968,112.77944226780363,7.536298686333254
2,3.35215009131662,20.422726361000038,111.07398017976493,5.830836598294553
2,3.342188278266645,13.499768690000066,112.9638165475916,5.415994468771601
2,3.6244396480159393,19.730431497999994,111.31597142198663,6.441576400092188
2,3.6344014610659143,22.499614098999974,111.43120534685411,6.78727817469462
2,3.4036194587414914,19.73043081000006,111.92671122378428,5.600368748559575
2,3.667607504565831,15.576656156999976,112.46831067066145,6.9025120995621165
2,3.79213016769052,19.384283145999976,112.1456556810325,6.55681032495967
2,2.9154906192927115,20.076578285000007,109.42613505415994,5.1048628716294076
2,3.470031545741325,25.961093416999937,113.79350080663748,5.727126065913808
2,3.690851735015773,17.999691038999913,111.58100944918183,5.853883383268027
2,3.503237589241242,14.884359823000015,112.98686333256511,6.130444802949995
2,3.7273783828656817,35.653234987999966,113.40170546208803,6.545286932472919
2,3.207703802091981,21.46117092299997,112.03042175616503,5.577321963586101
2,3.9266146438651837,17.653543794999976,112.81401244526388,5.761696243374047
2,4.027893076539931,21.115023070999992,114.32357686102787,5.830836598294525
2,4.34002988543915,27.691833438999932,111.9036644388108,6.199585157870487
2,3.913332226465217,20.768874284999917,112.77944226780363,7.271260659138036
2,3.868504067740329,22.499614690999966,112.1456556810325,5.565798571099336
2,3.8336377220654163,22.49961369100002,113.3901820696013,6.499193362525929
2,3.6642869002158394,16.268951884,113.12514404240608,6.672044249827152
2,3.4301842935414246,25.26879742100002,111.71929015902282,5.784743028347549
2,3.780508052465549,11.769028606999909,111.77690712145656,6.510716755012666
2,3.5414245392661465,15.922803836000003,110.40562341553353,6.395482830145198
2,3.375394321766562,14.538211705000109,111.2583544595529,5.254666973957143
2,3.2774364934418068,19.38428333900004,111.10855035722518,5.992164093109039
2,3.881786485140296,23.538057493000043,112.03042175616503,6.533763539986182
2,3.4036194587414914,22.153465597000014,113.02143351002536,6.003687485595762
2,4.06441972438984,29.422572652000042,111.79995390643005,6.798801567181371
2,3.295699817366761,21.461170178000003,111.2583544595529,6.395482830145198
2,3.913332226465217,17.999691611,113.78197741415073,6.8333717446416244
2,3.473352150091317,27.69183271900004,113.47084581700852,6.211108550357224
2,3.493275776191267,18.691987747999903,112.49135745563494,7.386494584005533
2,3.7506226133156235,20.422726759000003,111.75386033648307,6.257202120304228
2,3.162875643367093,23.19191002400002,112.72182530536989,5.4275178612583375
2,3.380375228291549,19.730431052999986,111.02788660981793,5.911500345701782
2,3.7871492611655326,17.30739545999997,111.08550357225167,6.533763539986168
2,3.8319774198904204,22.153467009999872,112.29545978336022,5.738649458400545
2,2.865681554042836,16.268951477999977,109.97925789352385,5.0933394791426565
2,3.3770546239415578,22.49961457199995,111.30444802949988,5.784743028347549
2,3.7655653328905863,20.076578528999967,110.95874625489743,6.349389260198194
2,3.858542254690354,32.537904130000015,112.26088960589998,6.476146577552427
2,3.657645691515856,15.230508272999973,112.23784282092649,5.415994468771615
2,3.602855719740993,18.34583947800006,112.19174925097948,6.107398017976493
2,3.450107919641375,14.538211817000102,111.89214104632403,6.211108550357224
2,3.871824672090321,21.461170818999964,112.65268495044943,6.6605208573404155
2,4.275278100614313,23.884205297999976,113.36713528462778,5.6349389260197995
2,3.5530466544911175,26.30724091599999,110.2558193132058,6.095874625489756
2,3.6111572306159725,18.345839287999958,113.00991011753861,6.049781055542752
2,3.559687863191101,14.192064150999952,112.03042175616503,6.810324959668137
2,3.242570147766894,20.76887465499992,111.07398017976493,6.522240147499431
2,3.503237589241242,14.88436058200003,113.73588384420374,6.533763539986182
2,3.8319774198904204,16.615099804000096,112.87162940769761,6.015210878082499
2,3.6991532458907526,26.653389657999917,112.65268495044943,5.84235999078129
2,3.9548397808401132,24.230353985000008,111.8114772989168,6.383959437658447
2,3.582932093641043,16.61510037199998,111.40815856188063,6.545286932472919
2,3.6094969284409766,22.15346606799999,110.35952984558655,5.819313205807802
2,3.3239249543416904,25.614946244000013,110.8780825074902,5.646462318506565
2,3.8153743981404618,20.076579193,111.44272873934086,6.775754782207883
2,3.2990204217167527,19.38428383100002,113.15971421986633,5.35837750633786
2,3.5314627262161715,16.615100210999948,110.99331643235769,5.865406775754792
2,3.8054125850904867,20.768874870999987,112.60659138050242,6.78727817469462
2,3.265814378216836,20.422726545999968,111.89214104632403,4.424982714911266
2,3.6194587414909516,20.422726464000075,112.91772297764462,6.430053007605437
2,3.9050307155902377,24.576501593000092,114.16224936621342,4.6900207421064835
2,3.6327411588909184,19.730431936000116,112.00737497119151,5.842359990781262
2,3.8502407438153745,15.57665655999997,112.29545978336022,6.16501498041022
2,3.7423211024406444,34.960938575,112.88315280018438,5.784743028347549
2,3.4418064087663955,26.65338885599992,112.35307674579396,5.3007605439041185
2,3.9100116221152255,25.61494513600007,113.11362064991934,6.568333717446421
2,3.8153743981404618,25.61494533099999,111.59253284166859,6.188061765383736
2,4.009629752614976,26.999537847000042,113.1481908273796,5.773219635860812
2,3.1794786651170517,19.730430283000018,111.13159714219867,5.761696243374061
2,3.353810393491616,21.807318132000056,111.48882230928785,6.084351233003005
2,3.051635397642371,14.192064024999977,111.03941000230468,4.816778059460702
2,3.3338867673916655,25.961093314999932,113.97787508642546,5.358377506337874
2,3.3006807238917486,16.96124766900002,112.37612353076747,6.049781055542766
2,4.220488128839449,18.34583967700004,111.26987785203963,7.017746024429584
2,3.8950689025402627,21.11502267400006,113.47084581700852,5.0357225167089155
2,3.6128175327909684,30.114868359000027,111.68471998156258,5.369900898824611
2,3.6111572306159725,23.538057653000042,112.62963816547591,5.496658216178844
2,3.7755271459405613,26.999536595999974,111.58100944918183,6.568333717446407
2,3.3886767391665287,19.384282594999828,112.9407697626181,6.867941922101863
2,3.6991532458907526,25.961093158000033,113.48236920949529,4.885918414381209
2,3.3554706956666114,21.11502230699995,112.42221710071445,6.453099792578925
2,3.70413415241574,24.922649165000017,112.73334869785666,6.46462318506569
2,4.323426863689192,32.88405157300007,114.43881078589537,7.801336713528471
2,4.580773700813548,33.57634745900007,114.77298916801107,6.9831758469693455
2,3.9498588743151255,16.961248071999876,113.12514404240608,5.957593915648758
2,3.5663290718910843,25.268797346000085,112.21479603595299,6.02673427056925
2,4.004648846089989,33.230199208999984,113.11362064991934,6.095874625489742
2,4.001328241739997,32.53790364500013,114.32357686102787,6.960129061995829
2,3.3172837456417072,19.730431211999882,112.66420834293615,4.978105554275174
2,3.7506226133156235,17.99969088900004,113.47084581700852,4.632403779672728
2,3.1778183629420558,16.268952210999956,111.7423369439963,6.211108550357224
2,4.052797609164869,20.422726095000037,112.54897441806868,7.2827840516247875
2,4.017931263489955,18.345839177999824,113.12514404240608,6.015210878082499
2,3.7755271459405613,31.84560768899995,112.08803871859875,5.508181608665595
2,3.7406608002656485,31.499460214999967,115.16478451256049,5.992164093109011
2,3.7456417067906362,24.576502087000073,109.89859414611662,6.4185296151187
2,3.4335048978914164,16.961247892999868,112.35307674579396,5.623415533533077
2,3.37207371741657,18.34583935099991,112.81401244526388,5.531228393639097
2,4.311804748464221,17.653543875999972,112.91772297764462,7.755243143581467
2,3.483313963141292,20.422727570999985,111.63862641161558,5.4736114312053274
2,3.8054125850904867,29.768719817000118,113.25190135976031,7.524775293846503
2,4.21218661796447,18.691987136999973,114.57709149573634,6.418529615118686
2,3.7456417067906362,16.96124753299999,111.5233924867481,5.796266420834286
2,3.783828656815541,23.884206184000067,112.6987785203964,6.9025120995621165
2,3.670928108915823,20.422726960000052,112.58354459552893,5.969117308135523
2,3.461730034866346,16.615099847000074,111.48882230928785,6.095874625489756
2,3.2176656151419563,14.884360301000084,109.88707075362987,6.095874625489756
2,3.6974929437157567,17.653543956000007,110.78589536759623,5.289237151417382
2,3.5414245392661465,15.922803938999973,112.34155335330722,6.257202120304228
2,3.7157562676407108,15.230507961000033,111.01636321733119,7.467158331412776
2,3.777187448115557,20.076578234000106,112.08803871859875,6.337865867711443
2,3.5414245392661465,21.115022232999976,111.91518783129753,6.211108550357224
2,3.6161381371409598,19.384283290000067,111.22378428209265,6.821848352154873
2,3.886767391665283,17.30739516100005,113.34408849965429,7.1329799492970665
2,3.416901876141458,26.307241793000063,113.83959437658446,7.501728508873001
2,3.538103934916155,16.96124735900001,111.60405623415532,6.510716755012666
2,3.458409430516354,13.845916523000032,113.06752707997234,5.84235999078129
2,3.777187448115557,20.422727146999982,111.75386033648307,6.383959437658461
2,3.7074547567657317,16.96124801400002,113.18276100483982,5.462088038718591
2,3.8087331894404786,17.653543728999853,112.81401244526388,6.8909887070753655
2,3.660966295865848,22.499614294000033,110.9472228624107,6.084351233002991
2,3.563008467541093,12.807472268999975,111.76538372896981,6.015210878082499
2,3.8950689025402627,18.345838911,111.93823461627103,5.899976953215017
2,3.6526647849908684,22.153466627999883,112.53745102558193,6.188061765383722
2,3.9299352482151755,23.884205747999943,114.62318506568334,6.5913805024199235
2,3.144612319442139,15.57665537899995,112.24936621341324,5.12790965660291
2,3.031711771542421,14.538212709999941,111.07398017976493,4.9435353768149355
2,3.9515191764901214,20.076578955000034,112.49135745563494,6.268725512790965
2,3.7273783828656817,22.845761982000013,111.23530767457939,6.222631942843961
2,3.923294039515192,32.19175575199996,110.44019359299378,6.545286932472919
2,3.677569317615806,20.076578709000078,113.0790504724591,7.605439041253746
2,3.470031545741325,15.57665596799991,111.51186909426134,6.07282784051624
2,3.470031545741325,16.615099875000038,112.71030191288315,5.946070523162021
2,3.978084011290055,19.73043042999993,112.61811477298917,6.9025120995621165
2,3.7223974763406944,24.92265002900007,113.34408849965429,6.095874625489742
2,3.592893906691018,15.922803107999913,113.41322885457478,6.314819082737955
2,3.993026730865018,21.461170621000086,113.15971421986633,5.807789813321051
2,3.694172339365765,20.422726433999976,112.83705923023739,5.427517861258366
2,3.5862526979910347,12.8074725720001,111.32749481447337,5.047245909195652
2,3.35215009131662,25.268798005000022,112.86010601521087,5.358377506337874
2,3.86020255686535,17.653542830999914,112.00737497119151,6.095874625489728
2,4.057778515689856,24.92265017600005,112.75639548283014,6.8333717446416244
2,4.021251867839947,33.57634696199992,112.16870246600598,6.614427287393397
2,3.1778183629420558,46.03767243499993,110.68218483521548,5.427517861258352
2,3.9631412917150923,16.961248047999838,113.5630329569025,7.582392256280258
2,3.8419392329403954,15.230508301000006,111.77690712145656,6.499193362525929
2,3.8103934916154745,22.153466763999983,112.37612353076747,5.427517861258366
2,3.959820687365101,17.653543683999946,112.97533994007836,7.1329799492970665
2,4.011290054789972,17.653543740000014,114.13920258123991,6.971652454482594
2,3.7987713763905036,14.538212520999945,112.27241299838673,6.69509103480064
2,3.5098787979412256,23.88420645499996,109.89859414611662,4.862871629407707
2,3.4866345674912838,26.307240897000053,110.73980179764922,6.038257663055987
2,3.5248215175161883,25.961093138999953,112.95229315510487,6.6489974648536645
2,3.478333056616304,21.461171083000107,111.61557962664207,5.208573404010124
2,3.760584426365599,21.115022760000016,112.24936621341324,5.980640700622274
2,3.35215009131662,17.999691148000082,111.53491587923486,6.476146577552456
2,3.672588411090819,18.345838843999985,113.43627563954828,5.646462318506565
2,3.8220156068404454,17.653543157000044,113.11362064991934,5.853883383268041
2,3.3106425369417236,22.153466409000064,110.92417607743718,5.923023738188505
2,3.956500083015109,29.768720596000037,112.28393639087346,6.383959437658433
2,3.365432508716587,19.038134796999923,111.07398017976493,5.22009679649689
2,4.105927278764735,32.537903585000066,114.47338096335562,6.93708227702237
2,3.269134982566827,27.691833090000006,111.23530767457939,6.118921410463244
2,3.7755271459405613,22.49961402999996,112.79096566029038,6.476146577552413
2,3.4119209696164705,13.49976898400003,111.75386033648307,6.257202120304228
2,3.5663290718910843,19.384282760000065,111.53491587923486,6.695091034800669
2,3.9382367590901546,22.8457616709999,112.99838672505184,5.657985710993316
2,3.783828656815541,25.961093368000036,114.57709149573634,5.657985710993316
2,3.8103934916154745,21.11502308100005,114.41576400092188,6.02673427056925
2,3.4152415739664623,19.73043160000007,110.33648306061306,6.026734270569264
2,3.589573302341026,22.499614761000014,110.79741876008298,6.268725512790979
2,4.145774530964636,23.538057297999917,115.41829914726895,7.271260659138051
2,3.790469865515524,19.384282685999953,112.90619958515786,6.291772297764453
2,3.8336377220654163,18.34583913099999,113.72436045171699,6.476146577552441
2,3.3123028391167195,20.768875128000033,110.85503572251672,5.404471076284864
2,3.983064917815043,28.037980311000076,110.82046554505646,6.453099792578925
2,3.39199734351652,19.38428285600001,112.076515326112,5.1855266190366365
2,3.463390337041342,17.999691936000026,111.9036644388108,6.176538372896985
2,3.7290386850406776,26.30724139000007,111.51186909426134,5.923023738188519
2,3.4882948696662797,14.538212056000033,110.64761465775523,6.291772297764453
2,3.5281421218661797,26.65338995499991,112.18022585849275,6.5913805024199235
2,3.7539432176656153,22.49961426100011,112.11108550357226,6.46462318506569
2,3.773866843765566,18.69198704099996,111.58100944918183,6.810324959668108
2,3.491615474016271,17.307395663999984,108.8384420373358,5.738649458400545
2,3.9515191764901214,19.73043146099987,113.6552200967965,6.7411846047476445
2,3.7174165698157067,25.96109314200002,111.98432818621802,6.487669970039178
2,3.813714095965466,27.34568516500002,114.19681954367367,6.049781055542766
2,3.2442304499418895,16.26895182399987,112.90619958515786,6.614427287393411
2,3.2873983064917818,20.076578714000036,112.6987785203964,6.637474072366899
2,3.7755271459405613,17.30739541400003,113.0329569025121,6.55681032495967
2,3.6310808567159225,16.615099825000105,111.82300069140354,6.8794653145886
2,3.81205379379047,20.076578944000016,114.31205346854114,6.821848352154859
2,3.959820687365101,18.34583937799998,111.78843051394331,6.9370822770223555
2,3.758924124190603,17.653543828999933,114.63470845817008,6.51071675501268
2,3.2193259173169517,23.191910238000087,112.62963816547591,6.280248905277702
2,3.2575128673418563,13.499768116999945,110.24429592071905,5.715602673427057
2,3.8070728872654827,23.538058346000007,113.64369670430973,7.709149573634463
2,3.8054125850904867,15.576655819999965,113.15971421986633,6.245678727817477
2,3.4202224804914496,26.999537158000006,110.91265268495046,5.865406775754778
2,3.8153743981404618,14.192063911000057,111.63862641161558,7.386494584005533
2,3.7107753611157235,19.730430721000072,111.37358838442037,5.750172850887296
2,3.7390004980906526,16.615099099999973,111.5233924867481,5.254666973957129
2,4.069400630914827,24.23035389900005,115.38372896980871,5.392947683798113
2,3.68421052631579,30.807164335999932,111.39663516939386,7.156026734270554
2,3.563008467541093,17.653542806999948,112.15717907351926,5.807789813321051
2,3.783828656815541,22.49961439200001,110.62456787278174,7.098409771836813
2,3.4999169848912506,16.96124817999994,112.04194514865176,5.312283936390884
2,3.406940063091483,22.153465840999974,111.29292463701314,6.487669970039178
2,3.491615474016271,17.99969117800004,113.3210417146808,6.165014980410248
2,3.8319774198904204,43.61463719599986,113.75893062917723,6.890988707075351
2,3.7273783828656817,25.61494542300008,112.72182530536989,7.3749711915187675
2,3.6393823675909016,18.69198697700004,111.00483982484444,5.761696243374061
2,3.4799933587913,19.384283228000008,112.72182530536989,5.45056464623184
2,4.285239913664287,31.845608457999884,112.42221710071445,7.536298686333254
2,4.135812717914661,25.26879761900004,112.9638165475916,7.83590689098871
2,3.777187448115557,14.192063788999938,113.29799492970731,6.153491587923483
2,3.760584426365599,25.961093087999984,111.29292463701314,6.4185296151187
2,3.866843765565333,19.384282824999946,112.79096566029038,6.614427287393411
2,3.4135812717914664,16.268951600000026,112.16870246600598,5.657985710993316
2,3.5447451436161383,20.422727134999928,113.24037796727357,5.807789813321065
2,3.866843765565333,18.69198698699996,113.55150956441575,6.579857109933158
2,3.9432176656151423,24.230353160000078,114.48490435584236,6.844895137128361
2,3.7257180806906858,23.191909843000083,112.98686333256511,5.957593915648758
2,3.8519010459903704,16.26895208999994,112.01889836367826,6.64899746485365
2,4.0395151917649015,21.115022263000007,112.05346854113851,6.407006222631949
2,3.4135812717914664,27.691833312000064,112.23784282092649,5.439041253745103
2,4.356632907189109,18.691986971999945,113.88568794653146,6.061304448029503
2,3.7057944545907358,22.499613689000025,111.91518783129753,5.876930168241515
2,3.8452598372903872,19.730430801999862,111.82300069140354,6.545286932472905
2,3.6227793458409434,21.807318804999973,112.84858262272412,6.326342475224692
2,3.762244728540595,19.7304311999999,112.19174925097948,6.545286932472919
2,3.8319774198904204,24.576501460000024,113.60912652684951,6.579857109933158
2,3.6559853893408603,22.84576170099993,114.72689559806406,7.0292694169163354
2,3.4467873152913833,21.807318168999974,112.97533994007836,6.038257663055987
2,3.4351652000664123,18.69198729399994,111.32749481447337,6.637474072366899
2,3.6294205545409266,23.538058312999876,113.60912652684951,5.577321963586087
2,3.4999169848912506,18.345838893999918,112.47983406314819,5.139433049089661
2,3.778847750290553,16.961247415000006,113.19428439732657,5.819313205807788
2,3.579611489291051,23.53805804900001,113.30951832219405,6.303295690251218
2,3.976423709115059,34.960939199999984,114.08158561880617,6.314819082737941
2,3.934916154740163,16.961247349999987,112.1456556810325,6.084351233002991
2,3.2990204217167527,15.576655803999985,112.13413228854574,5.899976953215031
2,3.551386352316122,12.115176611999928,111.26987785203963,6.925558884535604
2,3.79213016769052,23.88420602699989,112.80248905277715,6.291772297764481
2,3.5065581935912338,20.076578387000012,111.9036644388108,6.960129061995858
2,3.1363108085671594,14.884360100000034,112.00737497119151,6.188061765383708
2,3.614477834965964,17.307395525999954,112.36460013828071,6.360912652684945
2,3.483313963141292,22.845762130999994,111.20073749711916,5.623415533533077
2,3.5065581935912338,21.461170560999886,111.00483982484444,6.395482830145198
2,3.8203553046654495,21.46117054899997,110.93569946992395,7.0984097718368275
2,4.099286070064752,19.038135820000008,111.91518783129753,6.568333717446407
2,3.1894404781670267,12.80747297900002,110.88960589997696,5.565798571099336
2,3.803752282915491,23.191910144,112.09956211108549,6.418529615118686
2,3.788809563340528,13.845916363999926,111.55796266420835,6.268725512790965
2,3.8651834633903372,22.153466593999998,112.19174925097948,6.464623185065676
2,3.3787149261165537,14.538211931999985,111.38511177690714,7.121456556810344
2,3.450107919641375,15.922803911999905,111.32749481447337,6.937082277022341
2,3.5131994022912174,19.73043130099994,112.23784282092649,6.326342475224706
2,3.803752282915491,23.53805789700014,112.4106937082277,7.063839594376574
2,3.993026730865018,15.576655875999961,113.80502419912422,6.326342475224706
2,3.647683878465881,19.38428312200001,111.94975800875777,7.1905969117308075
2,4.05611821351486,17.307396093999976,113.09057386494584,7.83590689098871
2,3.584592395816039,16.268952170000045,111.9036644388108,7.07536298686334
2,3.584592395816039,25.96109336399997,112.67573173542291,6.625950679880162
2,4.06441972438984,30.11486772200006,114.28900668356765,7.075362986863325
2,3.788809563340528,20.4227269179999,113.0790504724591,6.303295690251218
2,3.4252033870164373,14.884359891999958,113.45932242452177,5.404471076284864
2,3.737340195915657,17.999691372999962,110.91265268495046,6.015210878082499
2,4.175659970114562,23.884205991000076,113.0329569025121,7.467158331412762
2,3.670928108915823,19.384282678000034,109.35699469923945,5.31228393639087
2,3.131329902042172,20.07657841900004,110.77437197510946,6.360912652684945
2,3.350489789141624,24.230354525000067,111.44272873934086,6.141968195436746
2,3.582932093641043,25.961093570999946,110.91265268495046,6.925558884535619
2,3.561348165366097,15.922803522000066,110.02535146347086,5.923023738188533
2,4.1391333222646525,31.499460048000014,112.91772297764462,6.579857109933158
2,3.4019591565664955,25.96109292099996,111.37358838442037,6.257202120304228
2,3.7506226133156235,29.422572584999887,113.60912652684951,6.234155335330726
2,3.589573302341026,19.384282667999976,111.09702696473842,5.923023738188519
2,3.901710111240246,22.49961396200005,111.71929015902282,6.798801567181371
2,3.79213016769052,18.345839170000183,111.08550357225167,6.383959437658433
2,3.9332558525651673,18.691987497999882,112.49135745563494,5.588845356072824
2,3.4252033870164373,18.691987931999943,111.44272873934086,6.879465314588629
2,3.5298024240411756,16.961247522999933,112.00737497119151,5.2316201889836265
2,3.589573302341026,15.92280345499998,111.92671122378428,5.715602673427057
2,3.4401461065914,24.230353188999867,112.62963816547591,5.6925558884535405
2,3.866843765565333,29.422572405999947,113.7013136667435,6.245678727817477
2,3.483313963141292,24.922649869,110.76284858262272,5.946070523162021
2,3.5065581935912338,17.30739514999996,111.65014980410233,6.141968195436732
2,3.493275776191267,16.961247887999978,110.77437197510946,6.176538372896971
2,3.5248215175161883,16.61509944700004,112.05346854113851,6.072827840516268
2,3.4766727544413087,24.57650142300004,112.28393639087346,6.291772297764453
2,3.878465880790304,25.614945798999933,112.37612353076747,6.683567642313903
2,3.2890586086667777,17.65354363099998,110.69370822770223,5.992164093108997
2,3.1213680889921966,20.422726853000018,111.62710301912884,6.222631942843989
2,3.375394321766562,13.845916317999917,111.69624337404933,5.957593915648786
2,3.793790469865516,18.69198769500001,112.27241299838673,6.084351233002991
2,3.9299352482151755,17.307395436999897,112.13413228854574,5.853883383268027
2,4.092644861364769,38.076270098000016,113.5630329569025,8.631020972574333
2,3.272455586916819,16.26895215799999,112.06499193362527,5.565798571099336
2,3.365432508716587,19.384282770000052,113.37865867711454,6.476146577552427
2,4.012950356964968,20.42272700799992,113.53998617192902,5.692555888453555
2,3.6277602523659307,23.538057849000065,111.96128140124453,5.876930168241543
2,3.971442802590072,29.076424496999945,112.6987785203964,7.063839594376574
2,3.90004980906525,19.384283504000067,111.09702696473842,5.84235999078129
2,3.6294205545409266,24.230353863000097,110.04839824844434,5.946070523162021
2,3.7107753611157235,25.26879751199994,113.26342475224706,5.392947683798113
2,4.2072057114394825,23.884205430000083,113.40170546208803,7.386494584005533
2,3.782168354640545,18.691987143000034,112.7448720903434,5.61189214104634
2,4.164037854889591,24.230353129000015,112.36460013828071,6.7527079972343955
2,3.368753113066578,19.03813473199997,112.59506798801566,6.798801567181371
2,3.4965963805412588,14.884360785000007,113.82807098409774,6.326342475224735
2,3.7157562676407108,26.99953732199993,113.37865867711454,6.46462318506569
2,3.9963473352150096,23.191910095999994,111.97280479373129,5.542751786125848
2,3.6294205545409266,19.73043088599996,112.1456556810325,7.1445033417838175
2,3.171177154242072,16.615099800999925,111.84604747637705,5.519705001152346
2,4.391499252864022,39.114713747999964,114.03549204885918,5.992164093108997
2,3.0898223476672757,22.499614845000043,112.34155335330722,4.978105554275174
2,3.7971110742155076,20.768874190000076,111.13159714219867,5.980640700622274
2,4.027893076539931,20.076579181000017,112.08803871859875,6.522240147499417
2,3.385356134816537,15.922803411999864,111.8345240838903,6.69509103480064
2,3.154574132492114,12.461324801000053,112.11108550357226,5.03572251670893
2,3.8801261829653,16.268951888000064,112.3185065683337,6.672044249827138
2,3.362111904366595,22.49961409699984,112.20327264346624,5.853883383268027
2,3.6559853893408603,15.92280423400004,112.64116155796266,6.9946992394560965
2,3.9963473352150096,24.576501473999937,112.9407697626181,6.948605669509092
2,3.5464054457911343,24.576501877,111.48882230928785,6.165014980410234
2,3.649344180640877,12.46132470499997,110.24429592071905,6.60290389490666
2,3.4667109413913333,20.768874687000018,111.01636321733119,5.899976953215045
2,3.6393823675909016,21.115022693999965,109.94468771606361,6.902512099562102
2,3.385356134816537,28.384129038999948,112.27241299838673,6.038257663056015
2,3.260833471691848,16.268951794999943,111.43120534685411,6.268725512790965
2,3.5281421218661797,19.730430898000012,111.75386033648307,6.199585157870487
2,3.9266146438651837,29.76872056900004,112.5259276330952,6.522240147499431
2,3.3023410260667445,15.576656499999979,111.4542521318276,5.830836598294525
2,3.8070728872654827,21.80731838300004,111.31597142198663,6.441576400092188
2,3.8103934916154745,18.345839701999974,113.72436045171699,6.7527079972343955
2,3.5314627262161715,20.076578769999962,111.36206499193362,6.372436045171682
2,3.991366428690022,20.0765787720001,113.8972113390182,7.363447799032016
2,3.270795284741823,10.730585598000067,111.5694860566951,5.485134823692107
2,3.8153743981404618,22.499614476999966,110.78589536759623,6.453099792578939
2,3.2774364934418068,18.345839548000104,111.73081355150956,6.118921410463244
2,3.2359289390669104,19.38428295099999,111.8345240838903,4.782207882000463
2,3.3123028391167195,28.38412825200011,112.00737497119151,5.807789813321037
2,4.002988543914993,21.46117055500003,112.43374049320121,6.579857109933172
2,3.4567491283413583,16.268952202000072,113.586079741876,5.819313205807774
2,3.230948032541923,27.345684515000038,110.566950910348,5.519705001152317
2,3.5364436327411592,19.730430990000034,113.81654759161097,6.130444802949995
2,4.076041839614811,17.307395315000058,110.73980179764922,7.2597372666513
2,3.6875311306657816,21.461170000000028,111.60405623415532,5.358377506337845
2,3.259173169516852,12.807472049000054,112.58354459552893,6.038257663056015
2,4.268636891914329,14.538212666,114.77298916801107,7.340401014058557
2,3.6543250871658643,21.461169891999962,113.44779903203504,6.994699239456111
2,4.1275112070396816,25.614945689999836,114.05853883383269,6.337865867711457
2,3.3222646521666945,14.192064528999945,112.47983406314819,5.946070523162007
2,3.2375892412419063,17.653543575000054,111.70776676653607,5.646462318506565
2,3.494936078366263,12.461325455000033,111.07398017976493,6.55681032495967
2,3.8253362111904368,14.884360586999954,110.93569946992395,7.2482138741645485
2,3.5563672588411093,22.49961405199993,111.39663516939386,5.519705001152332
2,3.667607504565831,24.57650164599999,112.84858262272412,6.268725512790965
2,3.3255852565166863,23.884205707999996,112.36460013828071,6.038257663056001
2,3.86020255686535,19.038135656000016,112.99838672505184,6.937082277022341
2,3.4467873152913833,22.845762364000002,111.9036644388108,5.992164093109011
2,3.3172837456417072,15.576655925,112.35307674579396,5.715602673427057
2,3.2990204217167527,14.884360586000025,112.122608896059,5.61189214104634
2,3.4567491283413583,16.615099950000044,110.77437197510946,5.773219635860784
2,3.7190768719907026,15.576656398000043,112.82553583775064,6.395482830145198
2,3.7091150589407276,23.884205965000042,113.6552200967965,5.98064070062226
2,4.38817864851403,20.76887412299999,111.43120534685411,7.674579396174238
2,3.7456417067906362,28.73027720799996,111.30444802949988,5.923023738188519
2,3.679229619790802,14.884359859000037,111.54643927172158,6.291772297764453
2,3.7306989872156735,20.422727366000007,114.87669970039181,8.377506337865881
2,3.6078366262659807,27.691832917999953,113.25190135976031,6.752707997234381
2,3.6211190436659475,20.076579269000042,112.09956211108549,6.625950679880134
2,3.7057944545907358,21.11502210599997,110.52085734040102,6.049781055542766
2,3.86020255686535,14.19206432400004,113.00991011753861,6.326342475224706
2,4.182301178814544,18.345838857,114.36967043097488,6.764231389721132
2,3.700813548065748,25.614946038000003,111.4542521318276,6.095874625489728
2,4.009629752614976,45.691523698000026,112.3185065683337,6.890988707075351
2,3.7954507720405117,27.345685027000062,112.38764692325421,8.008757778289933
2,4.044496098289889,20.076579432999967,110.52085734040102,6.568333717446421
2,4.076041839614811,33.23019992500009,112.56049781055543,7.225167089191075
2,3.461730034866346,18.3458392529999,110.8319889375432,5.681032495966804
2,3.1014444628922466,21.461170201999973,111.46577552431435,5.842359990781276
2,3.4667109413913333,22.845761500000087,111.14312053468541,5.934547130675284
2,3.563008467541093,19.038135013999952,111.5233924867481,6.234155335330712
2,3.6360617632409102,11.076733744000006,111.93823461627103,5.911500345701782
2,4.155736344014611,21.807318553999853,113.95482830145194,6.568333717446407
2,3.7954507720405117,15.230508474999986,113.0790504724591,7.386494584005533
2,3.6559853893408603,17.999691592999884,112.66420834293615,6.130444802949967
2,4.1391333222646525,31.15331223500002,113.59760313436276,7.2827840516247875
2,3.465050639216338,21.80731831699992,109.93316432357688,5.300760543904147
2,3.649344180640877,15.922804139999885,113.20580778981333,5.623415533533077
2,3.6011954175659975,17.307396082999954,112.076515326112,6.015210878082499
2,3.5331230283911674,26.653388998000086,112.35307674579396,6.937082277022341
2,3.9299352482151755,26.65338913300001,113.45932242452177,6.775754782207869
2,4.283579611489292,20.076578905999924,113.60912652684951,6.683567642313903
2,3.1927610825170185,30.114868045999984,111.71929015902282,5.485134823692107
2,3.8319774198904204,19.730430935,111.96128140124453,5.715602673427057
2,3.7390004980906526,24.922649386999936,112.42221710071445,6.729661212260879
2,4.009629752614976,35.30708698699987,113.22885457478682,7.202120304217573
2,3.7390004980906526,20.076579070999884,112.37612353076747,6.3493892601982225
2,3.9299352482151755,20.422727417000115,110.93569946992395,6.7411846047476445
2,3.5862526979910347,27.691832498000085,110.72827840516248,5.692555888453569
2,3.4899551718412756,21.807318832000043,110.29038949066606,6.234155335330726
2,3.8967292047152586,19.038135249000096,112.77944226780363,8.446646692786345
2,3.5231612153411924,14.538212258999941,110.91265268495046,5.957593915648772
2,3.572970280591068,20.76887502200003,113.34408849965429,6.545286932472905
2,4.011290054789972,29.768720103999847,112.22631942843972,6.810324959668108
2,3.7655653328905863,16.61510012300006,111.99585157870477,6.8448951371283755
2,3.259173169516852,19.384283138000058,113.95482830145194,6.326342475224706
2,3.2907189108417736,16.615100022999982,110.75132519013597,5.415994468771615
2,3.90004980906525,20.422726877999953,113.20580778981333,6.430053007605451
2,3.3206043499916986,16.615099282000013,111.03941000230468,5.1740032265499
2,3.2359289390669104,17.307395528999987,111.58100944918183,4.494123069831744
2,3.0948032541922634,16.26895190600004,110.68218483521548,5.611892141046312
2,3.265814378216836,19.384283262000032,112.59506798801566,5.081816086655891
2,3.5198406109912006,19.730430803000104,111.46577552431435,5.738649458400545
2,3.9731031047650673,26.30724080999992,113.72436045171699,7.156026734270583
2,3.790469865515524,25.614945461999923,113.43627563954828,5.588845356072824
2,3.986385522165034,25.614945499999873,113.72436045171699,6.914035492048853
2,3.8967292047152586,19.038134719999988,113.24037796727357,6.211108550357224
2,3.549726050141126,21.80731848899997,111.22378428209265,6.798801567181371
2,3.7240577785156903,17.30739531600009,112.68725512790965,6.499193362525915
2,3.7971110742155076,24.230353882999864,114.15072597372667,5.657985710993316
2,3.762244728540595,20.422726635000025,112.21479603595299,6.395482830145184
2,3.6360617632409102,20.42272668499996,109.78336022124913,6.741184604747616
2,3.670928108915823,21.46117071099997,109.92164093109011,6.430053007605437
2,3.448447617466379,15.230508214000015,112.01889836367826,5.911500345701782
2,3.2458907521168854,11.42288116399985,110.09449181839133,4.885918414381209
2,3.358791300016603,26.99953687699999,111.82300069140354,5.611892141046312
2,3.783828656815541,24.576501570999913,114.09310901129292,6.5913805024199235
2,3.031711771542421,17.307396075000035,112.50288084812168,5.657985710993316
2,3.328905860866678,24.230354033000083,113.3901820696013,5.231620188983641
2,3.8054125850904867,17.30739546799996,112.3185065683337,6.072827840516226
2,3.54806574796613,16.96124809799998,113.3901820696013,5.61189214104634
2,3.6094969284409766,20.422726773999948,110.71675501267573,6.026734270569264
2,3.280757097791798,16.268951869000055,113.95482830145194,6.83337174464161
2,3.129669599867176,25.614945491000057,110.78589536759623,5.704079280940306
2,3.677569317615806,25.268797108000047,113.44779903203504,6.049781055542752
2,3.6061763240909848,24.230353406000035,112.72182530536989,6.2572021203042
2,3.3272455586916823,21.461171238999903,113.79350080663748,6.430053007605437
2,3.516520006641209,17.65354285700002,112.22631942843972,5.773219635860798
2,3.270795284741823,18.691987503999947,111.22378428209265,5.2777137589306165
2,3.6642869002158394,27.69183299899995,113.47084581700852,6.372436045171696
2,3.6111572306159725,12.115177091999994,112.37612353076747,5.531228393639111
2,3.559687863191101,16.268952417999998,110.40562341553353,6.326342475224706
2,3.3106425369417236,10.73058474100004,111.48882230928785,5.738649458400545
2,3.468371243566329,26.999537142999852,112.66420834293615,6.107398017976479
2,4.001328241739997,15.230508189999977,112.61811477298917,6.222631942843975
2,3.1263489955171844,15.92280423400004,112.6987785203964,6.199585157870473
2,3.360451602191599,14.192064911999966,110.48628716294078,5.84235999078129
2,3.7057944545907358,15.922803800999946,112.34155335330722,6.5107167550126945
2,3.6211190436659475,30.461015619000012,112.076515326112,6.78727817469462
2,3.373734019591566,21.461170842999934,112.22631942843972,6.245678727817477
2,3.6443632741158893,16.961248139999995,112.61811477298917,6.407006222631949
2,3.3886767391665287,15.576656273000033,110.14058538833834,6.8909887070753655
2,3.890087996015275,18.345839323000018,111.5003457017746,7.478681723899513
2,3.5364436327411592,16.268951880000007,112.58354459552893,6.130444802950009
2,3.998007637390005,21.46117068499993,110.91265268495046,6.84489513712839
2,3.7655653328905863,13.499768797999925,112.21479603595299,6.64899746485365
2,3.8435995351153913,25.96109275000001,112.49135745563494,6.337865867711457
2,3.813714095965466,17.653543808000133,111.84604747637705,6.672044249827152
2,4.383197741989043,23.538058060000033,114.28900668356765,7.432588153952537
2,3.8502407438153745,25.961092881999978,115.22240147499423,6.095874625489728
2,3.6526647849908684,28.38412832299998,111.76538372896981,5.323807328877606
2,3.5131994022912174,29.768720356000003,112.04194514865176,6.407006222631935
2,3.3222646521666945,13.499768791000038,112.44526388568794,5.5427517861258195
2,3.9747634069400632,21.80731807899988,112.16870246600598,6.925558884535604
2,3.7506226133156235,19.730430679000058,112.37612353076747,6.049781055542766
2,3.9614809895400964,33.92249528099994,113.52846277944226,7.2827840516247875
2,3.4036194587414914,14.19206378400005,112.076515326112,5.646462318506565
2,3.8751452764403123,25.26879762700003,113.13666743489283,6.775754782207883
2,3.197741989042006,22.845762001000026,112.75639548283014,5.485134823692093
2,3.569649676241076,22.4996144499999,112.56049781055543,7.328877621571792
2,3.7257180806906858,15.57665574799999,112.67573173542291,6.015210878082527
2,3.90004980906525,29.076425319999945,112.46831067066145,6.64899746485365
2,3.700813548065748,25.268797627000097,113.57455634938927,6.8333717446416244
2,3.405279760916487,14.538212463000022,111.33901820696013,6.061304448029503
2,3.187780175992031,23.538057933000026,112.82553583775064,5.830836598294525
2,3.589573302341026,19.73043032100004,110.45171698548053,6.038257663056015
2,3.4899551718412756,12.461324468999932,112.90619958515786,7.0292694169163354
2,3.6344014610659143,21.807318449999986,113.83959437658446,6.015210878082499
2,3.5447451436161383,32.53790338400009,112.05346854113851,6.211108550357224
2,3.2873983064917818,14.538211838999864,111.65014980410233,5.980640700622246
2,3.37207371741657,19.038135271999963,111.37358838442037,5.197050011523402
2,3.923294039515192,20.076579439000028,112.47983406314819,6.902512099562102
2,3.0134484476174666,19.730431082000052,112.122608896059,5.980640700622274
2,3.594554208866014,24.23035356000004,112.46831067066145,6.625950679880162
2,4.182301178814544,20.076579408000033,113.73588384420374,7.467158331412776
2,3.680889921965798,19.038135255000018,112.75639548283014,7.628485826227248
2,3.7074547567657317,27.34568540899991,112.00737497119151,5.588845356072824
2,3.539764237091151,32.88405153499998,113.3210417146808,6.418529615118686
2,3.758924124190603,16.961247338,112.21479603595299,5.692555888453555
2,3.8336377220654163,25.61494540700003,113.28647153722056,6.383959437658447
2,3.5281421218661797,18.691987031000043,111.67319658907581,6.591380502419895
2,4.026232774364935,19.384283703000047,113.49389260198201,5.807789813321037
2,3.131329902042172,21.80731833999999,111.14312053468541,6.7066144272874055
2,3.4418064087663955,22.499614062999953,112.89467619267113,5.369900898824625
2,3.468371243566329,16.615100002000045,113.0790504724591,5.899976953215031
2,3.503237589241242,13.499768164999884,112.03042175616503,6.072827840516268
2,3.254192262991865,24.230353287000085,111.68471998156258,6.395482830145198
2,3.986385522165034,32.19175525800012,114.57709149573634,4.920488591841419
2,3.9847252199900387,26.30724084500005,112.83705923023739,7.21364369670431
2,4.081022746139798,24.922649858999943,112.61811477298917,6.130444802949995
2,3.674248713265815,20.768875011000013,110.52085734040102,6.118921410463244
2,3.1329902042171676,13.845915884000068,110.99331643235769,6.314819082737955
2,3.4999169848912506,13.499768056999885,111.51186909426134,5.611892141046312
2,4.182301178814544,17.999691074000108,112.1456556810325,6.55681032495967
2,3.579611489291051,25.961093140000056,112.53745102558193,5.899976953215031
2,2.9105097127677237,21.80731821199981,111.79995390643005,5.266190366443865
2,3.647683878465881,27.34568492299992,112.61811477298917,6.165014980410248
2,3.473352150091317,15.576656096999985,112.09956211108549,5.888453560728266
2,3.28407770214179,17.65354359599999,111.8806176538373,5.208573404010153
2,3.5962145110410098,25.268797207000024,112.65268495044943,6.6605208573404155
2,3.3322264652166695,14.884360680999935,111.67319658907581,6.003687485595734
2,3.7207371741656985,23.53805806999995,113.09057386494584,5.946070523162007
2,4.0594388178648515,16.268952211000027,113.18276100483982,6.453099792578939
2,3.5198406109912006,28.03798041300001,111.54643927172158,6.395482830145184
2,3.481653660966296,24.23035413799998,111.76538372896981,6.084351233003005
2,3.362111904366595,23.19191017299993,112.15717907351926,5.646462318506593
2,3.9382367590901546,24.23035391500003,114.03549204885918,5.646462318506551
2,3.4086003652664787,21.11502223700004,111.92671122378428,5.946070523162035
2,3.604516021915989,24.23035304099999,110.8780825074902,6.46462318506569
2,3.6227793458409434,25.96109385500013,111.75386033648307,6.821848352154902
2,3.4252033870164373,24.922650107000038,111.66167319658908,6.280248905277716
2,3.6427029719408934,17.999691734999974,112.03042175616503,7.409541368979049
2,3.7323592893906694,36.691678633000016,112.83705923023739,7.271260659138051
2,3.4418064087663955,30.114868072999982,112.5259276330952,6.418529615118715
2,3.934916154740163,28.73027660000006,113.3901820696013,6.349389260198208
2,3.6194587414909516,13.499768750999882,111.2122608896059,5.969117308135523
2,4.134152415739665,21.80731798599997,112.35307674579396,6.960129061995858
2,3.8070728872654827,14.1920642510001,111.8114772989168,6.499193362525929
2,3.991366428690022,22.845761492999994,114.38119382346163,6.9025120995621165
2,3.6958326415407607,20.768874591999968,113.00991011753861,7.029269416916364
2,3.0914826498422716,14.884360089000014,111.9036644388108,5.819313205807802
2,3.571309978416072,23.53805801000003,114.43881078589537,6.32634247522472
2,3.649344180640877,21.807318405999975,110.80894215256971,5.704079280940306
2,3.7190768719907026,32.53790371200007,113.2749481447338,5.796266420834286
2,3.4202224804914496,21.115022962999994,109.56441576400091,5.208573404010139
2,3.692512037190769,25.961092997,113.85111776907122,5.992164093109011
2,3.35215009131662,23.191910298999904,111.8345240838903,5.899976953215031
2,3.563008467541093,12.11517702000002,112.89467619267113,7.55934547130677
2,3.041673584592396,23.191909404000064,111.30444802949988,5.116386264116144
2,3.7323592893906694,23.538057928000065,111.66167319658908,5.969117308135509
2,3.7290386850406776,23.88420552999995,114.31205346854114,5.784743028347549
2,3.944877967790138,14.884359806999965,113.64369670430973,7.006222631942833
2,3.669267806740827,20.768875225999974,112.42221710071445,6.614427287393411
2,3.6094969284409766,15.922803839999998,110.93569946992395,6.107398017976493
2,4.351652000664121,29.076424007999922,110.82046554505646,6.867941922101863
2,4.044496098289889,17.65354367699999,112.22631942843972,7.3404010140585285
2,3.679229619790802,19.38428271299995,112.95229315510487,5.531228393639097
2,3.8751452764403123,25.961093409000018,113.68979027425674,6.003687485595762
2,3.4002988543914996,24.57650138100002,111.00483982484444,6.026734270569264
2,3.4866345674912838,15.230508094000033,110.47476377045402,6.510716755012666
2,3.8452598372903872,23.538057908000024,111.62710301912884,7.144503341783832
2,3.6659472023908353,23.191909961000068,112.62963816547591,5.992164093109011
2,4.240411754939399,15.230508090000038,114.2083429361604,6.971652454482594
2,3.368753113066578,16.615099373,111.36206499193362,5.588845356072824
2,3.373734019591566,22.4996142150001,112.20327264346624,6.349389260198194
2,4.17233936576457,17.307395257999957,112.99838672505184,7.029269416916321
2,3.4185621783164537,15.922803791999993,110.0829684259046,5.853883383268041
2,3.7107753611157235,12.807472840000028,111.86909426135054,6.268725512790965
2,3.3338867673916655,12.461325108999999,112.15717907351926,5.381424291311376
2,3.8070728872654827,23.191909831999993,112.03042175616503,6.637474072366928
2,3.7854889589905367,33.576347233999904,112.84858262272412,6.545286932472919
2,4.032873983064918,23.538058029000037,111.63862641161558,6.591380502419895
2,3.363772206541591,13.84591617000011,111.97280479373129,5.565798571099336
2,3.7871492611655326,22.153466856,112.77944226780363,6.303295690251204
2,3.8054125850904867,22.49961421999999,112.88315280018438,5.899976953215031
2,3.876805578615308,24.92264958299996,113.35561189214106,7.121456556810344
2,3.7257180806906858,31.499460356000025,112.9638165475916,6.234155335330726
2,3.3455088826166364,12.807473178000002,112.61811477298917,6.32634247522472
2,3.172837456417068,17.99969162300005,111.05093339479141,6.095874625489728
2,3.563008467541093,21.115022276000026,112.59506798801566,5.197050011523373
2,3.3040013282417404,20.422726439000005,110.20972574325883,5.139433049089661
2,3.9332558525651673,21.807319059999955,112.4106937082277,6.407006222631935
2,4.155736344014611,27.69183333799996,113.42475224706155,6.914035492048882
2,3.602855719740993,16.96124685400001,113.34408849965429,6.637474072366899
2,3.670928108915823,35.30708708499995,112.87162940769761,6.510716755012666
2,4.157396646189607,33.92249455900005,113.42475224706155,7.616962433740511
2,3.6161381371409598,23.538058633000013,110.566950910348,6.095874625489742
2,4.009629752614976,20.422726885000117,111.8114772989168,6.706614427287391
2,4.152415739664619,20.768874641000007,112.80248905277715,6.810324959668137
2,4.160717250539599,17.30739609999997,111.93823461627103,6.810324959668137
2,4.223808733189441,19.038135018000016,112.77944226780363,5.704079280940306
2,4.268636891914329,19.384283319000133,114.68080202811709,6.914035492048853
2,3.475012452266313,39.460861512000015,109.66812629638166,5.65798571099333
2,3.682550224140794,27.69183302700005,112.9407697626181,5.254666973957129
2,3.2359289390669104,14.884360906999849,110.50933394791427,5.84235999078129
2,3.7423211024406444,15.922803992999972,113.88568794653146,6.6029038949066745
2,3.6227793458409434,20.07657957000003,112.03042175616503,5.796266420834314
2,3.767225635065582,16.961247870999966,112.7448720903434,6.038257663056015
2,3.6211190436659475,17.653543147000057,113.41322885457478,5.646462318506551
2,3.561348165366097,23.191909315999972,113.00991011753861,6.6489974648536645
2,3.672588411090819,26.999537186000037,112.62963816547591,5.727126065913794
2,3.657645691515856,17.30739553800001,111.8114772989168,5.415994468771601
2,3.5331230283911674,16.961247717999992,112.03042175616503,6.902512099562131
2,3.998007637390005,26.999537526999973,114.2313897211339,5.104862871629393
2,3.39199734351652,19.73043112500003,111.07398017976493,5.93454713067527
2,3.5563672588411093,14.192064510000003,112.7448720903434,5.0357225167089155
2,3.3903370413415246,19.73043123100003,112.22631942843972,6.268725512790965
2,3.4301842935414246,28.73027622500003,109.59898594146115,5.738649458400545
2,3.8983895068902545,29.768720751000078,113.13666743489283,6.303295690251204
2,3.9614809895400964,15.92280386999996,111.76538372896981,6.522240147499431
2,3.6393823675909016,14.53821247100001,110.71675501267573,6.545286932472919
2,3.4550888261663624,14.538212179000045,113.36713528462778,6.706614427287391
2,3.682550224140794,27.345684596000034,111.2122608896059,6.199585157870473
2,4.130831811389673,21.807318856999977,113.0790504724591,6.23415533533074
2,3.4185621783164537,16.61509963400004,111.70776676653607,5.531228393639097
2,2.8374564170679064,15.576656361999952,111.1200737497119,4.540216639778748
2,3.690851735015773,21.46117051600005,111.89214104632403,7.190596911730793
2,3.594554208866014,17.653543445000015,112.77944226780363,6.430053007605423
2,4.049477004814877,16.961247609999994,112.19174925097948,7.006222631942848
2,3.3355470695666614,16.26895176199995,112.54897441806868,5.40447107628485
2,3.9100116221152255,20.768873958999997,113.0329569025121,6.038257663055987
2,3.3089822347667277,17.307394988999995,110.33648306061306,6.14196819543676
2,4.014610659139964,25.614945334999916,113.90873473150495,6.729661212260879
2,3.438485804416404,19.384282959000046,111.67319658907581,5.623415533533063
2,3.7755271459405613,14.19206403400007,112.68725512790965,5.554275178612585
2,3.338867673916653,16.615100406000003,110.77437197510946,5.174003226549885
2,3.4351652000664123,33.23019971300002,111.75386033648307,5.980640700622274
2,3.8253362111904368,16.615100106999943,111.51186909426134,6.487669970039178
2,3.4766727544413087,12.46132445500002,113.55150956441575,6.821848352154873
2,3.516520006641209,17.653543796000008,111.07398017976493,5.946070523162035
2,3.758924124190603,14.538211859000047,113.12514404240608,5.623415533533077
2,3.5430848414411424,30.11486853200004,112.5259276330952,7.086886379350091
2,3.770546239415574,23.53805757100008,113.00991011753861,6.453099792578939
2,3.0034866345674915,16.615100479000013,111.32749481447337,5.819313205807774
2,4.389838950689025,22.153465772999994,114.34662364600139,5.957593915648758
2,3.6260999501909352,15.230508304000036,113.11362064991934,5.992164093109011
2,3.6094969284409766,14.53821218600007,112.22631942843972,6.326342475224692
2,2.955337871492612,21.11502304300003,111.61557962664207,5.40447107628485
2,3.4467873152913833,18.691987003999973,112.9407697626181,7.213643696704295
2,3.3438485804416405,16.961247785999973,113.92025812399172,7.0523162018898375
2,3.572970280591068,31.499460105000043,113.48236920949529,5.577321963586101
2,3.393657645691516,20.768874774000007,111.20073749711916,5.623415533533077
2,3.9415573634401464,25.614945783999918,112.89467619267113,6.003687485595762
2,3.4434667109413915,12.115177514999964,112.67573173542291,6.176538372896985
2,3.4866345674912838,23.538057828999953,110.97026964738419,5.830836598294525
2,2.975261497592562,15.57665653000008,112.56049781055543,4.920488591841433
2,3.660966295865848,20.768874959999835,111.46577552431435,6.810324959668122
2,3.660966295865848,23.191909760000016,113.47084581700852,6.533763539986154
2,3.614477834965964,33.57634756899999,112.84858262272412,6.015210878082499
2,3.5364436327411592,36.69167808300011,114.09310901129292,7.340401014058543
2,3.9747634069400632,13.153620218999961,111.77690712145656,6.810324959668137
2,3.3023410260667445,15.23050770800005,109.54136897902742,4.7015441345932345
2,3.8186950024904536,27.69183359899993,111.4542521318276,4.9435353768149355
2,3.5530466544911175,30.11486874799997,111.86909426135054,5.1048628716294076
2,3.767225635065582,14.192063926999898,113.10209725743259,6.637474072366899
2,3.79213016769052,15.230507726999923,110.69370822770223,7.524775293846517
2,3.584592395816039,18.691987361000027,113.48236920949529,6.46462318506569
2,3.6294205545409266,29.422572251000048,111.58100944918183,6.718137819774128
2,3.674248713265815,20.07657879100004,113.7013136667435,5.439041253745103
2,3.868504067740329,18.345838624999956,112.42221710071445,7.225167089191046
2,4.371575626764072,22.15346664600007,113.78197741415073,7.455634938926025
2,3.6526647849908684,17.30739535899993,109.9677345010371,6.476146577552427
2,4.208866013614478,18.345838553999947,111.8806176538373,6.084351233003019
2,3.660966295865848,20.07657903000004,113.55150956441575,7.225167089191046
2,3.680889921965798,30.114868736000055,113.34408849965429,5.657985710993316
2,3.9365764569151587,21.80731917499998,112.77944226780363,6.176538372896971
2,3.362111904366595,23.538057781999978,111.08550357225167,6.545286932472919
2,3.6991532458907526,20.422726450000024,112.39917031574096,6.038257663056015
2,3.4119209696164705,33.57634750100001,112.4567872781747,6.407006222631949
2,3.8751452764403123,18.34583926999998,114.72689559806406,6.522240147499431
2,3.4301842935414246,18.691986715000038,112.54897441806868,6.049781055542752
2,3.569649676241076,24.922649397999887,111.61557962664207,6.568333717446393
2,3.4451270131163874,28.730277286,112.13413228854574,5.98064070062226
2,3.503237589241242,17.65354365000006,112.57202120304217,5.980640700622246
2,4.114228789639715,17.65354359599999,113.586079741876,6.844895137128361
2,3.5962145110410098,15.57665647300005,113.49389260198201,5.957593915648758
2,3.891748298190271,31.845607699000006,112.23784282092649,6.867941922101878
2,3.5115391001162215,16.961247182999962,113.50541599446878,5.876930168241543
2,3.56798937406608,12.115177259999983,112.20327264346624,6.130444802949995
2,3.6393823675909016,20.76887455200002,113.10209725743259,6.856418529615112
2,3.944877967790138,18.691987839999992,112.38764692325421,6.430053007605451
2,3.7207371741656985,17.99969109300005,114.70384881309057,5.830836598294539
2,3.9066910177652336,23.191910170000035,114.21986632864716,6.579857109933158
2,3.307321932591732,14.88436042200003,112.99838672505184,5.899976953215017
2,3.4451270131163874,18.691987677999997,113.52846277944226,6.003687485595762
2,3.579611489291051,23.53805795400003,111.1200737497119,5.853883383268013
2,3.380375228291549,18.345839311000034,111.71929015902282,6.015210878082513
2,3.9249543416901878,34.96093898500002,112.4567872781747,6.407006222631949
2,3.383695832641541,15.922803737999994,110.50933394791427,6.072827840516268
2,3.375394321766562,20.422727143000056,113.20580778981333,5.197050011523402
2,3.475012452266313,15.57665605199994,112.51440424060843,6.072827840516226
2,4.147434833139632,27.691833090000006,114.2083429361604,6.7988015671813855
2,3.8054125850904867,22.845762481999987,111.36206499193362,6.637474072366899
2,3.574630582766064,19.03813496500005,112.33002996082047,5.473611431205356
2,3.8303171177154245,24.576502210000015,114.09310901129292,6.637474072366899
2,3.504897891416238,23.538058087999996,110.72827840516248,5.669509103480081
2,3.2890586086667777,20.76887501599997,110.80894215256971,6.453099792578939
2,3.7356798937406612,31.153311906999964,114.36967043097488,7.4325881539525085
2,3.3322264652166695,15.576655724000021,111.09702696473842,5.4275178612583375
2,3.7057944545907358,27.34568460299999,111.89214104632403,6.430053007605437
2,3.5131994022912174,24.576501523000047,111.93823461627103,6.130444802949995
2,3.8103934916154745,15.230508466999858,114.04701544134592,6.591380502419895
2,3.4899551718412756,29.076424433000028,111.73081355150956,7.2021203042175586
2,3.571309978416072,30.807163842999987,112.71030191288315,6.7527079972343955
2,3.5148597044662133,18.345838809000064,113.86264116155796,6.314819082737955
2,3.9282749460401796,19.384283099000072,112.57202120304217,5.346854113851123
2,3.3040013282417404,23.191909987999995,111.09702696473842,6.165014980410248
2,4.534285239913665,26.30724182800012,114.40424060843513,6.418529615118686
2,3.946538269965134,20.7688750969999,113.5630329569025,6.084351233002991
2,4.1192096961647025,25.268797842999955,110.566950910348,5.6695091034800384
2,3.6526647849908684,19.384283114999985,114.17377275870015,5.923023738188519
2,3.494936078366263,15.576655627000044,111.66167319658908,6.245678727817463
2,3.835298024240412,21.461170694000096,111.94975800875777,6.07282784051624
2,3.3206043499916986,12.461325488000025,111.22378428209265,5.1740032265499
2,3.893408600365267,23.538057960999918,113.92025812399172,6.37243604517171
2,3.2276274281919313,20.076578819000005,110.2558193132058,6.303295690251204
2,3.651004482815873,23.884205839999964,111.30444802949988,5.5427517861258195
2,3.8950689025402627,19.730430283999983,113.48236920949529,7.651532611200764
2,3.90004980906525,15.922803762999996,113.0790504724591,6.84489513712839
2,3.461730034866346,13.15362073500005,111.28140124452639,5.692555888453569
2,3.660966295865848,23.884205516999934,111.10855035722518,6.487669970039207
2,3.6078366262659807,22.499614076999933,113.55150956441575,5.681032495966804
2,3.383695832641541,35.653235334000065,113.34408849965429,7.075362986863325
2,3.230948032541923,19.038135115999957,112.82553583775064,6.02673427056925
2,4.014610659139964,31.84560765699999,112.46831067066145,6.211108550357224
2,3.2890586086667777,16.26895176099999,112.37612353076747,6.914035492048882
2,3.8452598372903872,17.653543398000043,111.70776676653607,7.317354229085041
2,3.9216337373401964,15.230507703000022,113.51693938695553,4.920488591841448
2,3.172837456417068,20.076578927999897,111.8114772989168,5.969117308135509
2,3.780508052465549,28.037980316000034,112.3185065683337,5.830836598294525
2,4.002988543914993,20.42272684300003,112.87162940769761,6.833371744641596
2,3.3156234434667113,22.84576224200002,111.92671122378428,6.211108550357224
2,4.024572472189939,19.038134974000073,113.79350080663748,5.40447107628485
2,3.471691847916321,17.999691497999972,111.97280479373129,5.715602673427057
2,3.3471691847916323,24.922649317999923,112.08803871859875,6.199585157870487
2,3.803752282915491,40.15315750600004,113.81654759161097,7.2943074441115385
2,3.6427029719408934,17.653543445000015,112.03042175616503,7.501728508873029
2,4.090984559189772,14.538212770000003,113.52846277944226,6.706614427287391
2,3.071559023742321,16.268952456999983,111.89214104632403,5.150956441576383
2,3.4119209696164705,19.730431150000033,112.53745102558193,6.499193362525915
2,3.5414245392661465,21.807318706000068,113.0560036874856,5.88845356072828
2,3.4218827826664455,20.76887509500004,112.64116155796266,6.695091034800626
2,3.956500083015109,26.307241686999994,113.66674348928325,6.280248905277716
2,3.8635231612153413,20.076578786999974,112.64116155796266,6.141968195436732
2,4.031213680889922,14.192064787999989,112.5259276330952,6.4991933625259435
2,3.4318445957164205,16.961247206000035,112.9638165475916,5.876930168241515
2,3.4866345674912838,17.999691280999873,112.19174925097948,6.60290389490666
2,3.6460235762908852,28.037980780000055,111.38511177690714,6.5913805024199235
2,3.8967292047152586,18.345839682999966,114.41576400092188,6.188061765383736
2,3.780508052465549,23.884205517999966,113.0790504724591,7.1329799492970665
2,3.5962145110410098,22.49961494800008,112.22631942843972,5.853883383268027
2,3.54806574796613,20.07657845400003,109.93316432357688,5.899976953215045
2,3.8186950024904536,28.037981297000037,112.73334869785666,7.179073519244071
2,3.6344014610659143,16.6150994219999,111.08550357225167,5.346854113851123
2,3.468371243566329,29.422572443999968,112.4106937082277,5.531228393639097
2,4.25203387016437,24.23035400999987,114.4503341783821,6.107398017976479
2,3.1329902042171676,13.499768841000042,111.67319658907581,5.4851348236920785
2,3.6991532458907526,14.192064163000007,112.1456556810325,4.978105554275174
2,3.54806574796613,26.99953696599991,110.02535146347086,5.70407928094032
2,3.4351652000664123,29.76872051500004,111.78843051394331,6.6029038949066745
2,3.674248713265815,20.076578805999915,112.80248905277715,7.0407928094030865
2,3.757263822015607,27.69183250500011,110.705231620189,5.047245909195681
2,3.274115889091815,13.845915772000074,112.49135745563494,5.980640700622274
2,3.551386352316122,17.653544073999992,112.09956211108549,6.625950679880134
2,3.7124356632907194,15.57665599800001,113.21733118230006,7.052316201889809
2,4.132492113564669,16.961247514000117,111.71929015902282,7.075362986863325
2,3.690851735015773,24.922649362000072,112.37612353076747,6.487669970039207
2,3.7306989872156735,17.307396110000095,112.33002996082047,6.234155335330712
2,3.2575128673418563,21.46117005000003,112.81401244526388,5.911500345701768
2,3.3787149261165537,15.922804680999977,111.71929015902282,6.095874625489742
2,3.2259671260169354,29.42257254499994,110.566950910348,6.34938926019818
2,3.571309978416072,26.653389286000056,112.39917031574096,6.118921410463244
2,3.3787149261165537,12.461324910000014,111.91518783129753,5.681032495966818
2,3.563008467541093,20.42272739599997,112.18022585849275,7.086886379350091
2,3.2243068238419395,17.307396183999927,112.34155335330722,6.130444802949995
2,4.235430848414412,29.768720471000027,112.21479603595299,6.8909887070753655
2,3.9315955503901714,30.46101598300002,112.01889836367826,6.78727817469462
2,3.891748298190271,28.384128966999903,114.28900668356765,6.188061765383736
2,3.7091150589407276,18.345839563999878,112.7448720903434,5.185526619036665
2,3.563008467541093,21.807318935000012,111.91518783129753,6.176538372896985
2,3.171177154242072,17.307396209,113.75893062917723,6.4185296151187
2,3.944877967790138,15.576656206000017,112.61811477298917,6.625950679880162
2,3.5862526979910347,12.115176293999996,113.13666743489283,5.946070523162021
2,3.983064917815043,27.345685396999997,114.07006222631944,6.93708227702237
2,3.8336377220654163,26.30724179800002,113.47084581700852,6.222631942843975
2,3.269134982566827,23.884205838000035,112.81401244526388,5.542751786125834
2,3.981404615640047,23.884205538000078,112.73334869785666,7.2597372666513
2,3.4252033870164373,17.65354343799999,112.79096566029038,5.611892141046312
2,3.4102606674414746,16.961247014999973,112.34155335330722,6.222631942843975
2,3.5414245392661465,19.03813443600001,112.9407697626181,5.254666973957129
2,3.886767391665283,22.84576225999986,112.57202120304217,7.801336713528443
2,3.5264818196911842,14.884360411999975,112.99838672505184,5.923023738188519
2,3.5148597044662133,23.19190964200003,111.55796266420835,4.7937312744872145
2,3.4185621783164537,16.26895226900009,113.10209725743259,6.9486056695091065
2,3.56798937406608,20.4227260389999,113.29799492970731,5.899976953215031
2,2.7859870496430355,17.653543723,109.29937773680571,5.3468541138511085
2,4.011290054789972,14.192064170000032,112.38764692325421,7.294307444111553
2,3.760584426365599,27.345684884000004,111.48882230928785,6.8564185296151265
2,4.092644861364769,21.115022473000078,114.0124452638857,5.819313205807788
2,3.672588411090819,17.999691477000034,111.55796266420835,5.830836598294539
2,3.677569317615806,29.076424406000026,112.71030191288315,6.568333717446421
2,3.7257180806906858,31.845607677000036,114.2774832910809,5.289237151417382
2,3.674248713265815,22.499614573999946,109.86402396865638,5.565798571099336
2,3.8635231612153413,18.345838796000045,113.42475224706155,7.582392256280258
2,3.868504067740329,27.34568556600009,113.1481908273796,6.003687485595762
2,3.813714095965466,21.80731819000005,112.076515326112,7.0523162018898375
2,3.4899551718412756,11.76902910700002,110.41714680802028,5.358377506337874
2,3.4982566827162547,19.730430656999946,110.40562341553353,5.657985710993316
2,3.6958326415407607,17.307395586999977,110.67066144272874,5.738649458400573
2,3.5281421218661797,15.576656180999946,112.9638165475916,7.063839594376574
2,3.667607504565831,19.038134715000098,112.68725512790965,5.865406775754778
2,3.9166528308152087,20.422726672000014,113.0329569025121,7.052316201889852
2,3.7323592893906694,18.691987123999816,112.77944226780363,5.715602673427057
2,3.3355470695666614,24.576502098000024,110.8780825074902,5.946070523162035
2,3.888427693840279,23.53805806199996,111.67319658907581,7.086886379350062
2,3.5098787979412256,16.96124781300004,112.19174925097948,6.061304448029489
2,3.0914826498422716,16.96124712300004,111.03941000230468,6.165014980410234
2,3.076539930267309,16.615099947999976,110.53238073288776,5.657985710993316
2,4.134152415739665,21.80731902900003,112.7679188753169,6.268725512790965
2,3.328905860866678,18.34583925299997,112.81401244526388,5.634938926019814
2,3.194421384692014,21.11502267900002,111.5233924867481,5.992164093109011
2,4.276938402789308,23.884205999999963,114.03549204885918,7.8820004609357
2,4.011290054789972,23.53805786400001,114.10463240377968,6.8448951371283755
2,3.6958326415407607,19.730431254999928,110.9472228624107,6.8333717446416244
2,3.689191432840777,16.961247447000034,113.80502419912422,6.211108550357224
2,3.8386186285904036,20.076578830000024,113.29799492970731,6.856418529615112
2,3.780508052465549,22.153465579000038,111.75386033648307,6.879465314588629
2,4.150755437489623,20.076578331000015,113.81654759161097,7.501728508873001
2,3.8103934916154745,20.076578868000045,111.41968195436735,6.729661212260879
2,3.274115889091815,14.884360021999997,111.24683106706614,5.588845356072824
2,3.3969782500415078,19.038135558000004,112.122608896059,6.55681032495967
2,3.674248713265815,24.922649443,112.11108550357226,4.574786817239001
2,3.7356798937406612,26.999537291000003,112.7679188753169,5.93454713067527
2,3.946538269965134,23.884206340999967,112.29545978336022,7.086886379350091
2,3.8386186285904036,27.345684976000026,113.26342475224706,6.867941922101863
2,3.674248713265815,19.03813508499996,111.02788660981793,6.16501498041022
2,3.3322264652166695,20.422726580000063,112.64116155796266,6.487669970039178
2,3.7971110742155076,21.807318414000104,112.00737497119151,7.294307444111553
2,3.252531960816869,31.153311564999992,111.92671122378428,6.02673427056925
2,3.6161381371409598,13.845915899999977,112.19174925097948,6.222631942843961
2,3.5430848414411424,35.65323499599995,111.14312053468541,6.234155335330726
2,4.424705296363938,34.96093967900002,112.87162940769761,7.421064761465757
2,3.448447617466379,24.92264994799986,111.8806176538373,6.153491587923497
2,3.7207371741656985,23.19190949000002,113.0329569025121,6.061304448029503
2,4.140793624439648,26.999536674000012,112.79096566029038,6.890988707075351
2,3.558027561016105,20.768875191000053,111.89214104632403,6.97165245448258
2,3.913332226465217,20.076578757000014,111.61557962664207,5.358377506337845
2,3.295699817366761,15.576655749000023,113.0329569025121,6.625950679880148
2,3.1479329237921303,17.65354317199992,111.60405623415532,5.865406775754778
2,3.8286568155404286,24.230353343000083,113.72436045171699,6.383959437658461
2,3.813714095965466,24.576501574000012,111.8345240838903,6.476146577552427
2,3.669267806740827,24.922649834000012,112.84858262272412,7.1905969117308075
2,3.7423211024406444,14.192064313999982,114.2083429361604,7.017746024429599
2,3.262493773866844,28.384129317999967,112.92924637013138,6.810324959668137
2,3.793790469865516,26.653389388999955,113.49389260198201,5.3468541138511085
2,3.657645691515856,32.53790385599996,112.97533994007836,5.0357225167089155
2,3.657645691515856,24.230353648000065,112.15717907351926,5.392947683798127
2,3.6460235762908852,14.8843605219999,113.04448029499885,5.657985710993316
2,3.395317947866512,14.538211925000029,111.53491587923486,5.727126065913822
2,3.1147268802922135,18.691987573000098,108.65406775754782,4.482599677345007
2,3.076539930267309,24.922650147000056,110.52085734040102,6.4530997925789535
2,3.8054125850904867,15.922804630000009,113.00991011753861,6.718137819774157
2,3.657645691515856,18.691987794000053,111.8345240838903,6.60290389490666
2,3.989706126515026,23.538058344000078,114.41576400092188,8.435123300299637
2,3.37207371741657,16.961247432000018,111.17769071214565,5.727126065913794
2,3.4799933587913,20.076578952000002,111.63862641161558,5.6925558884535405
2,3.3305661630416736,22.499614314000006,112.06499193362527,5.911500345701782
2,3.7091150589407276,17.65354407299996,112.83705923023739,6.372436045171696
2,3.4202224804914496,15.23050799800002,111.02788660981793,5.197050011523402
2,3.856881952515358,19.384282989999974,114.31205346854114,7.271260659138051
2,3.682550224140794,18.34583932100009,112.77944226780363,6.476146577552427
2,3.4434667109413915,20.07657899500005,112.87162940769761,6.11892141046323
2,3.604516021915989,21.11502235799992,112.44526388568794,6.729661212260879
2,3.647683878465881,25.614945979000048,113.90873473150495,5.519705001152317
2,3.637722065415906,23.538058077000045,111.75386033648307,5.773219635860826
2,3.5995351153910016,22.499614571000052,112.53745102558193,6.51071675501268
2,3.7174165698157067,17.30739502799991,111.70776676653607,6.234155335330712
2,3.6227793458409434,17.999691834999982,113.88568794653146,5.93454713067527
2,3.280757097791798,16.961247219999947,111.84604747637705,6.165014980410248
2,4.090984559189772,18.691987228000098,112.5259276330952,6.257202120304228
2,3.6642869002158394,18.691987099000023,112.05346854113851,6.234155335330712
2,3.5264818196911842,23.191909623999987,111.5694860566951,7.006222631942862
2,3.342188278266645,16.961247609999994,111.8114772989168,6.74118460474763
2,3.197741989042006,19.384282729999963,111.61557962664207,5.358377506337845
2,3.46006973269135,19.03813486199994,111.82300069140354,6.672044249827138
2,3.458409430516354,31.845608330999944,111.5694860566951,5.992164093109011
2,3.451768221816371,30.11486787700003,111.31597142198663,5.531228393639083
2,3.9332558525651673,26.99953688799994,111.98432818621802,7.086886379350062
2,3.637722065415906,21.807318308000035,113.62064991933624,7.098409771836813
2,3.6875311306657816,32.19175594900002,113.97787508642546,6.718137819774157
2,3.767225635065582,17.999691218999953,111.05093339479141,6.418529615118686
2,3.186119873817035,14.192064535000075,111.67319658907581,6.614427287393411
2,3.7240577785156903,19.384282989999832,112.46831067066145,6.049781055542766
2,3.6244396480159393,20.422726761999893,113.0790504724591,5.404471076284864
2,3.9365764569151587,25.61494526900007,111.77690712145656,6.625950679880162
2,4.245392661464387,15.922803413000036,111.8806176538373,7.052316201889852
2,4.170679063589573,23.884205802999908,111.84604747637705,6.211108550357224
2,4.069400630914827,18.691986583000073,114.2774832910809,7.409541368979021
2,2.975261497592562,26.307241779000012,111.10855035722518,6.0497810555427805
2,3.270795284741823,16.268951555000047,112.54897441806868,5.876930168241529
2,3.777187448115557,19.38428280699997,113.7013136667435,6.1995851578705015
2,3.5347833305661633,15.230508125000027,111.00483982484444,5.577321963586087
2,3.375394321766562,16.96124806499999,110.00230467849734,5.531228393639083
2,3.395317947866512,35.653235122,112.43374049320121,6.015210878082527
2,3.98804582434003,13.49976819399988,111.76538372896981,6.8909887070753655
2,4.129171509214677,26.999536869999893,113.18276100483982,7.052316201889823
2,3.465050639216338,23.191910324000045,113.20580778981333,5.634938926019828
2,3.6327411588909184,18.691987386999994,112.9407697626181,6.383959437658433
2,3.5447451436161383,18.69198704700009,112.64116155796266,6.510716755012666
2,3.7423211024406444,15.576656418999912,114.07006222631944,6.533763539986182
2,3.68421052631579,24.230353726000033,112.38764692325421,6.049781055542752
2,3.8618628590403454,19.730431266000018,112.57202120304217,7.0407928094030865
2,3.448447617466379,20.42272037999976,113.67826688176999,5.0818160866559055
2,3.757263822015607,22.15346678800002,112.9638165475916,5.853883383268027
2,3.886767391665283,20.768874033999932,114.17377275870015,6.280248905277702
2,3.946538269965134,19.73043084200002,112.57202120304217,7.236690481677812
2,3.5364436327411592,19.03813495399989,113.63217331182301,6.637474072366899
2,3.54806574796613,20.076579442999954,111.58100944918183,5.911500345701754
2,3.503237589241242,16.615100120999994,110.23277252823232,5.888453560728294
2,3.1329902042171676,19.38428294299986,111.47729891680112,5.75017285088731
2,4.19226299186452,22.84576198899997,112.19174925097948,7.421064761465757
2,3.5530466544911175,28.730276762999953,112.42221710071445,7.2021203042175586
2,3.3986385522165037,17.30739524000005,111.46577552431435,6.64899746485365
2,3.6244396480159393,20.422727110000064,113.09057386494584,6.752707997234381
2,3.7257180806906858,24.230354356000042,113.33256510716755,6.476146577552441
2,3.564668769716089,19.38428272300001,110.44019359299378,6.360912652684959
2,3.383695832641541,20.76887422899999,112.61811477298917,5.84235999078129
2,3.8186950024904536,21.461170461000016,112.3185065683337,6.672044249827138
2,3.8253362111904368,22.153466716999873,112.26088960589998,6.764231389721132
2,3.9166528308152087,28.73027701800007,113.7013136667435,7.294307444111553
2,3.154574132492114,14.192064707999954,112.84858262272412,6.625950679880148
2,3.4002988543914996,17.999691760000047,111.13159714219867,6.026734270569264
2,3.4202224804914496,22.153466262000084,112.97533994007836,6.280248905277716
2,4.092644861364769,18.34583964699994,111.89214104632403,6.637474072366899
2,4.1075875809397315,23.538057780000052,111.84604747637705,7.674579396174238
2,3.8087331894404786,19.038135483999962,111.31597142198663,5.969117308135509
2,3.577951187116055,17.30739593799997,110.705231620189,6.37243604517171
2,3.5364436327411592,27.691832795000007,111.58100944918183,5.508181608665595
2,3.6410426697658975,18.345840357000124,112.19174925097948,6.176538372896985
2,3.3787149261165537,21.115022976999906,111.62710301912884,5.0011523392486765
2,3.8535613481653663,23.53805799500008,112.95229315510487,6.5913805024199235
2,3.1180474846422053,11.769028883000034,112.27241299838673,7.086886379350091
2,3.159555039017101,19.384282922999954,110.85503572251672,5.243143581470406
2,3.297360119541757,21.115023005999973,111.17769071214565,5.957593915648758
2,3.375394321766562,23.884205559000087,112.9407697626181,7.317354229085026
2,3.559687863191101,24.922649373999988,111.10855035722518,6.833371744641639
2,2.9503569649676242,19.384283677999907,110.80894215256971,5.439041253745103
2,3.7174165698157067,17.653543725000066,111.13159714219867,5.980640700622274
2,3.7074547567657317,13.499768647000018,115.03802719520625,6.867941922101849
2,3.9282749460401796,31.15331192999997,114.5655681032496,5.531228393639083
2,3.8983895068902545,19.73043083500013,113.3901820696013,5.830836598294553
2,3.265814378216836,34.960938984999885,112.4106937082277,5.519705001152332
2,3.7091150589407276,23.884205387000033,113.53998617192902,6.199585157870487
2,3.871824672090321,16.268951690000115,112.72182530536989,6.360912652684945
2,3.551386352316122,18.345839399999882,112.91772297764462,5.22009679649689
2,3.690851735015773,14.538211548000001,113.50541599446878,6.614427287393411
2,4.117549393989706,27.34568434999994,111.7423369439963,6.430053007605437
2,3.6177984393159557,29.422572411000047,112.82553583775064,5.31228393639087
2,3.7057944545907358,24.576501946999908,112.09956211108549,6.729661212260879
2,3.3787149261165537,14.538212344000073,111.05093339479141,6.130444802949967
2,3.2259671260169354,26.99953719399996,110.97026964738419,6.049781055542738
2,4.0079694504399805,23.53805766799985,113.15971421986633,6.303295690251218
2,3.6958326415407607,19.038135464000057,114.21986632864716,7.432588153952537
2,3.9631412917150923,20.422727036999916,113.66674348928325,6.095874625489742
2,3.6310808567159225,14.192063971999943,111.38511177690714,6.430053007605451
2,3.6111572306159725,22.15346686399999,111.43120534685411,5.773219635860798
2,3.6427029719408934,19.73043128500003,111.92671122378428,6.545286932472919
2,3.7273783828656817,24.922650111000102,112.49135745563494,6.4185296151187
2,3.154574132492114,14.53821174599995,110.64761465775523,5.750172850887267
2,3.5065581935912338,24.57650164100003,113.3210417146808,6.061304448029503
2,3.679229619790802,21.115022653999947,114.32357686102787,5.888453560728266
2,3.2243068238419395,28.037981403999932,112.38764692325421,5.427517861258352
2,3.484974265316288,16.2689521800001,112.60659138050242,5.727126065913822
2,3.8519010459903704,20.076579141999964,112.91772297764462,6.430053007605437
2,3.760584426365599,16.961247943999904,112.86010601521087,5.923023738188505
2,3.813714095965466,21.115022825000036,110.98179303987095,6.821848352154902
2,3.207703802091981,24.57650217799992,113.55150956441575,6.78727817469462
2,4.142453926614644,24.576501018000044,112.89467619267113,6.821848352154888
2,3.8751452764403123,31.499459801999915,111.5003457017746,5.830836598294525
2,3.6078366262659807,20.07657901599992,110.72827840516248,6.003687485595762
2,4.373235928939067,26.999536953000028,114.17377275870015,7.593915648766995
2,3.4550888261663624,21.115023043999923,110.71675501267573,6.614427287393411
2,3.2774364934418068,17.653543597999988,111.43120534685411,5.1855266190366365
2,3.4866345674912838,25.96109353700006,113.55150956441575,6.061304448029475
2,3.4567491283413583,28.384128515000008,111.16616731965891,5.611892141046326
2,3.8236759090154413,30.114868451000046,113.41322885457478,6.64899746485365
2,3.144612319442139,17.99969090600005,111.17769071214565,6.02673427056925
2,3.6360617632409102,22.49961365999996,112.04194514865176,7.363447799032031
2,4.21218661796447,28.730277266000023,112.49135745563494,7.02926941691635
2,4.049477004814877,24.576501245999957,113.60912652684951,6.625950679880162
2,3.7971110742155076,18.69198687299997,113.11362064991934,5.058769301682432
2,3.4799933587913,19.730430745999936,111.16616731965891,5.980640700622274
2,3.670928108915823,26.653389076000053,112.49135745563494,6.430053007605437
2,3.9216337373401964,27.345684774999906,112.83705923023739,7.870477068448963
2,3.6393823675909016,28.730276555000017,113.47084581700852,6.003687485595762
2,3.239249543416902,19.384283061000055,110.566950910348,6.222631942843975
2,3.8336377220654163,17.307395599999996,112.53745102558193,5.3929476837980985
2,3.614477834965964,15.576656751999998,111.76538372896981,6.476146577552427
2,3.793790469865516,16.268951967000067,111.78843051394331,4.9896289467619255
2,3.670928108915823,20.42272684700003,112.16870246600598,6.383959437658433
2,3.152913830317118,16.615099572999878,112.44526388568794,5.865406775754778
2,3.582932093641043,21.115022718999896,111.00483982484444,5.830836598294539
2,3.835298024240412,32.19175505000005,112.62963816547591,6.7411846047476445
2,3.800431678565499,16.61509964799995,112.56049781055543,6.948605669509121
2,3.649344180640877,25.26879764000005,111.68471998156258,6.199585157870473
2,3.946538269965134,28.037980380999983,113.15971421986633,5.819313205807802
2,3.4086003652664787,16.268951673000032,112.20327264346624,6.441576400092174
2,3.174497758592064,19.03813443600001,113.95482830145194,8.147038488130903
2,3.802091980740495,13.499768770999994,112.97533994007836,6.280248905277716
2,4.004648846089989,21.11502247199998,112.71030191288315,7.374971191518796
2,3.8983895068902545,23.884205763999994,113.40170546208803,6.810324959668108
2,3.186119873817035,22.49961375299994,113.18276100483982,5.427517861258352
2,3.0366926780674084,12.80747278099993,110.72827840516248,6.418529615118686
2,3.3305661630416736,18.691987704999995,113.53998617192902,6.499193362525929
2,4.014610659139964,15.576655760000044,113.13666743489283,7.732196358607979
2,3.891748298190271,21.807318574000032,114.40424060843513,7.225167089191061
2,3.5082184957662297,13.499768560000026,112.076515326112,5.773219635860798
2,4.149095135314628,17.653543635000045,114.62318506568334,5.980640700622274
2,3.3870164369915328,27.691833410000072,113.09057386494584,5.404471076284864
2,3.9398970612651505,20.076579248000034,112.56049781055543,6.257202120304228
2,3.637722065415906,19.384283010000015,112.1456556810325,5.876930168241529
2,3.539764237091151,13.845916855000084,113.1481908273796,5.70407928094032
2,3.0997841607172507,17.653542763000004,111.43120534685411,5.231620188983641
2,3.8303171177154245,17.65354382399997,110.73980179764922,6.568333717446407
2,3.561348165366097,18.345839710000032,111.58100944918183,6.7411846047476445
2,3.6344014610659143,21.807319024,112.39917031574096,6.625950679880162
2,3.395317947866512,21.461171093999987,112.33002996082047,5.058769301682418
2,3.8054125850904867,32.537903397000036,114.1852961511869,5.634938926019828
2,3.4218827826664455,24.92264993100006,112.75639548283014,5.1048628716294076
2,3.700813548065748,23.538057773000023,112.1456556810325,5.738649458400545
2,3.1994022912170017,21.115023184999984,112.71030191288315,6.7527079972343955
2,3.5447451436161383,14.884360805000052,110.69370822770223,5.796266420834272
2,3.670928108915823,21.115022739999905,111.82300069140354,6.199585157870459
2,3.6659472023908353,15.922803742000058,110.46324037796727,5.2431435814703775
2,3.0350323758924125,19.38428290500005,111.84604747637705,5.853883383268041
2,3.589573302341026,24.922649541000013,111.68471998156258,6.118921410463244
2,3.4766727544413087,18.69198758700001,111.35054159944688,6.072827840516254
2,3.6958326415407607,20.422726082999983,111.22378428209265,5.923023738188533
2,3.7091150589407276,18.34583907600003,112.83705923023739,5.61189214104634
2,3.748962311140628,17.307395659000022,111.36206499193362,7.006222631942848
2,3.362111904366595,20.768874425000014,112.11108550357226,5.819313205807802
2,3.6327411588909184,15.230507304999918,113.55150956441575,5.7847430283475205
2,3.7223974763406944,17.653543953999943,112.88315280018438,6.614427287393411
2,3.4135812717914664,26.307240748000073,111.28140124452639,5.853883383268041
2,3.7257180806906858,18.34583955699992,112.076515326112,6.960129061995858
2,3.969782500415076,25.961093340000005,112.16870246600598,6.095874625489742
2,3.589573302341026,14.884360320000095,111.67319658907581,6.095874625489728
2,3.77220654159057,15.922804415000046,112.6987785203964,7.0523162018898375
2,3.405279760916487,23.538057931000097,111.5003457017746,6.072827840516254
2,3.471691847916321,13.499769002000006,112.15717907351926,5.853883383268055
2,3.549726050141126,17.653543030000037,110.95874625489743,5.98064070062226
2,4.183961480989541,20.768874956000047,113.93178151647845,6.960129061995858
2,3.690851735015773,19.038134952999997,112.89467619267113,7.063839594376603
2,3.5430848414411424,19.38428313400006,112.16870246600598,6.718137819774128
2,4.041175493939897,17.307395493999927,113.48236920949529,7.340401014058557
2,3.9199734351652005,17.999691318000067,111.62710301912884,6.637474072366899
2,3.2060434999169853,17.307395291999914,111.82300069140354,5.5427517861258195
2,3.1363108085671594,13.499768465999942,112.7448720903434,5.911500345701782
2,3.4882948696662797,18.69198737800004,112.66420834293615,6.453099792578925
2,3.3787149261165537,26.307241264999988,110.88960589997696,5.439041253745103
2,3.3255852565166863,15.92280397100007,113.586079741876,5.876930168241515
2,3.282417399966794,16.61509935700009,111.44272873934086,5.911500345701782
2,3.883446787315292,19.384283513999844,113.40170546208803,5.508181608665581
2,3.5447451436161383,26.653388909000025,111.4542521318276,5.162479834063149
2,3.77220654159057,15.230507754999955,110.2558193132058,6.441576400092174
2,3.4965963805412588,27.691832999999914,113.25190135976031,5.266190366443865
2,3.4135812717914664,14.538211902000025,111.47729891680112,5.784743028347549
2,3.5978748132160057,26.65338969500004,113.18276100483982,5.957593915648772
2,3.6974929437157567,30.11486834100012,112.3185065683337,5.415994468771586
2,3.8054125850904867,22.845762248000014,115.16478451256049,6.395482830145184
2,3.70413415241574,15.922803943999932,113.50541599446878,6.6605208573404155
2,3.7390004980906526,24.23035365400006,112.83705923023739,5.899976953215017
2,3.8286568155404286,17.307395628000098,111.68471998156258,5.819313205807802
2,3.8170347003154577,23.538057633999962,112.42221710071445,6.211108550357224
2,3.577951187116055,21.80731837199995,111.78843051394331,5.819313205807788
2,4.160717250539599,20.42272617399997,113.67826688176999,6.591380502419895
2,3.4999169848912506,17.99969097900006,110.35952984558655,5.853883383268041
2,3.0815208367922966,17.30739507999998,109.82945379119613,5.277713758930631
2,4.1590569483646025,23.191910681999993,113.22885457478682,6.072827840516268
2,3.9199734351652005,23.884205483999942,112.73334869785666,7.951140815856206
2,3.5215009131661965,19.730430788000017,111.75386033648307,6.049781055542766
2,3.5547069566661134,15.230508704,111.5694860566951,6.971652454482609
2,3.783828656815541,14.192064478999871,111.8114772989168,6.464623185065676
2,3.692512037190769,21.80731860900002,110.4978105554275,6.625950679880134
2,4.290220820189274,19.730431025000023,113.75893062917723,6.672044249827138
2,3.295699817366761,19.038134979999995,109.9677345010371,6.015210878082499
2,3.762244728540595,15.922804121999977,111.67319658907581,6.533763539986154
2,3.5464054457911343,26.307241278000006,112.58354459552893,7.16755012675732
2,3.5015772870662465,31.153312079000084,111.51186909426134,5.899976953215031
2,3.9847252199900387,36.69167800799997,113.10209725743259,6.522240147499431
2,3.458409430516354,22.15346630699999,110.48628716294078,5.84235999078129
2,3.9847252199900387,23.191909708000015,112.60659138050242,6.46462318506569
2,3.270795284741823,22.499614980999933,111.82300069140354,6.176538372896971
2,3.694172339365765,27.34568421000005,113.1481908273796,6.14196819543676
2,3.7124356632907194,29.76872039600002,112.19174925097948,6.706614427287377
2,3.239249543416902,15.576656593999926,112.97533994007836,6.545286932472919
2,3.999667939565001,22.153466578000018,113.53998617192902,6.418529615118686
2,3.373734019591566,22.499614368000007,110.613044480295,5.876930168241529
2,3.579611489291051,24.23035399400003,112.57202120304217,5.31228393639087
2,3.39199734351652,21.461170079999924,111.60405623415532,6.637474072366899
2,3.7124356632907194,24.92264959500001,110.65913805024199,5.657985710993316
2,3.4102606674414746,17.99969144300001,112.20327264346624,5.208573404010124
2,3.5995351153910016,21.1150224050001,112.53745102558193,6.07282784051624
2,3.4301842935414246,14.192064323000075,112.71030191288315,6.948605669509092
2,3.659305993690852,19.03813486200008,111.8114772989168,6.280248905277716
2,3.9365764569151587,21.11502256499996,113.75893062917723,7.156026734270569
2,3.4451270131163874,23.191910112000045,111.71929015902282,6.787278174694649
2,3.7854889589905367,26.99953706400006,113.85111776907122,6.7527079972343955
2,3.6344014610659143,22.84576258599999,111.18921410463241,7.179073519244085
2,3.463390337041342,25.961092881999978,112.49135745563494,5.4966582161788295
2,3.788809563340528,21.46117022300005,113.09057386494584,6.499193362525915
2,3.6011954175659975,20.07657906,113.90873473150495,6.614427287393397
2,3.991366428690022,21.1150232759999,112.50288084812168,6.729661212260879
2,3.602855719740993,22.153466319000113,112.59506798801566,6.303295690251204
2,3.672588411090819,25.268797427000013,112.91772297764462,6.8448951371283755
2,3.946538269965134,18.691986611000036,112.18022585849275,7.294307444111553
2,3.674248713265815,18.34583967400001,112.62963816547591,7.086886379350062
2,3.700813548065748,14.192063929000033,113.04448029499885,7.732196358607979
2,3.1911007803420226,17.65354302199998,112.05346854113851,5.1855266190366365
2,3.7157562676407108,21.115023240000017,113.25190135976031,6.061304448029503
2,3.4102606674414746,22.153466223999995,111.54643927172158,6.545286932472905
2,3.559687863191101,23.19191028000003,110.9011292924637,6.706614427287391
2,3.8402789307653995,20.42272664700001,113.80502419912422,5.84235999078129
2,3.604516021915989,19.73043140500001,113.13666743489283,6.55681032495967
2,3.6559853893408603,14.192064032000003,111.84604747637705,6.072827840516254
2,3.491615474016271,19.038135237999935,112.122608896059,5.830836598294553
2,3.9199734351652005,24.576501642000064,111.77690712145656,5.876930168241529
2,3.5978748132160057,19.384282903000052,112.09956211108549,5.646462318506565
2,3.4418064087663955,17.999691079999963,112.92924637013138,5.439041253745103
2,3.340527976091649,18.69198718799987,109.92164093109011,6.222631942843975
2,3.563008467541093,19.038135153000013,113.5630329569025,5.5773219635860585
2,3.5131994022912174,14.538212503000038,112.26088960589998,5.865406775754778
2,3.790469865515524,15.57665673100006,111.59253284166859,7.075362986863325
2,3.6111572306159725,24.576501163000028,111.37358838442037,6.706614427287391
2,3.458409430516354,22.153465780999984,112.4106937082277,5.93454713067527
2,3.7273783828656817,20.076579445000018,111.16616731965891,7.409541368979035
2,3.7124356632907194,19.038135423000075,112.11108550357226,5.104862871629422
2,3.748962311140628,19.038135142999955,113.20580778981333,7.421064761465786
2,3.5264818196911842,19.7304313309999,112.71030191288315,6.545286932472905
2,3.453428523991367,22.49961375799997,110.65913805024199,5.946070523162035
2,3.5115391001162215,17.30739555500002,113.43627563954828,5.669509103480053
2,3.594554208866014,16.268952018000103,115.04955058769302,4.298225397557047
2,3.7356798937406612,18.691986764999974,113.26342475224706,6.810324959668137
2,3.37207371741657,23.538058386999985,112.72182530536989,6.637474072366899
2,3.883446787315292,22.499614780000023,112.54897441806868,6.476146577552441
2,3.2475510542918813,19.038134941999974,113.30951832219405,5.865406775754778
2,3.468371243566329,26.999536511999946,112.15717907351926,5.911500345701782
2,3.679229619790802,16.26895139800001,111.00483982484444,6.637474072366899
2,3.6177984393159557,16.961248189999928,111.92671122378428,5.84235999078129
2,3.4882948696662797,19.730430839999883,111.8114772989168,5.531228393639083
2,3.760584426365599,15.922803308999963,113.53998617192902,6.303295690251204
2,3.262493773866844,34.26864342799998,111.15464392717216,5.439041253745103
2,3.382035530466545,20.076579131999978,111.5003457017746,5.738649458400545
2,3.56798937406608,19.384283313000072,111.20073749711916,5.888453560728294
2,4.1192096961647025,20.76887479900008,112.51440424060843,6.568333717446393
2,3.9432176656151423,23.884205746000017,112.34155335330722,6.430053007605437
2,3.428523991366429,16.268951673000032,110.6360912652685,7.017746024429599
2,3.428523991366429,22.84576201700014,111.44272873934086,5.1970500115233875
2,3.4999169848912506,25.614946024000023,112.05346854113851,6.257202120304228
2,3.780508052465549,16.615099270999924,112.38764692325421,6.07282784051624
2,4.061099120039848,19.03813464699991,112.83705923023739,6.130444802949995
2,3.7257180806906858,17.999691494000047,112.87162940769761,6.856418529615112
2,4.423044994188943,19.730431337999995,113.62064991933624,6.8909887070753655
2,3.577951187116055,26.999536921,111.2122608896059,5.335330721364372
2,3.4335048978914164,20.076578599000012,111.46577552431435,5.485134823692107
2,4.071060933089822,34.61479101800002,112.58354459552893,6.118921410463244
2,3.6360617632409102,19.38428319300009,112.04194514865176,6.326342475224706
2,3.959820687365101,17.653543449999905,111.93823461627103,5.4966582161788295
2,3.989706126515026,13.499768314,112.50288084812168,6.383959437658433
2,3.6211190436659475,25.61494591200003,111.46577552431435,4.759161097026961
2,4.054457911339864,12.807472720000046,113.28647153722056,6.222631942843989
2,4.261995683214345,27.345685141000054,112.79096566029038,6.360912652684945
2,3.9481985721401296,23.19190994800005,112.9407697626181,6.34938926019818
2,3.5530466544911175,17.653543401000004,111.96128140124453,5.531228393639097
2,3.5181803088162047,25.961093628000043,112.1456556810325,6.579857109933158
2,3.471691847916321,16.961247352999948,113.24037796727357,6.015210878082527
2,3.368753113066578,17.65354371500008,112.64116155796266,5.646462318506551
2,3.647683878465881,12.461324742000166,112.7679188753169,6.787278174694649
2,3.6227793458409434,16.961247844000034,112.95229315510487,6.729661212260893
2,3.667607504565831,29.42257277799988,111.24683106706614,4.897441806867931
2,3.338867673916653,14.192064732999956,113.25190135976031,6.810324959668108
2,3.7157562676407108,15.576656778000032,111.37358838442037,6.280248905277716
2,3.3239249543416904,15.92280367200001,111.33901820696013,6.141968195436732
2,3.428523991366429,25.961093445999936,111.70776676653607,5.473611431205356
2,3.6410426697658975,13.845916642999944,112.80248905277715,6.683567642313903
2,3.3172837456417072,20.76887545600002,111.84604747637705,4.5632634247522645
2,3.9166528308152087,20.422726945000036,112.61811477298917,6.015210878082513
2,3.7306989872156735,11.422881463999945,112.20327264346624,6.60290389490666
2,3.651004482815873,19.73043041099999,111.96128140124453,6.914035492048853
2,3.2774364934418068,31.153311885999955,110.42867020050704,6.015210878082527
2,3.3206043499916986,22.153466658000053,111.39663516939386,5.899976953215017
2,3.881786485140296,12.461325166000028,112.84858262272412,6.360912652684945
2,3.6094969284409766,17.653543449999976,111.40815856188063,6.003687485595776
2,3.4235430848414414,20.076579181000017,113.33256510716755,5.807789813321051
2,3.6344014610659143,26.999537730999915,110.29038949066606,7.801336713528485
2,3.7107753611157235,21.807318347000017,112.53745102558193,6.303295690251218
2,3.5762908849410597,32.884051804000016,113.78197741415073,6.3493892601982225
2,3.0217499584924457,11.769028550000018,110.22124913574555,5.657985710993316
2,3.9050307155902377,25.614944775999987,112.37612353076747,7.69762618114774
2,3.8070728872654827,26.653389367000052,112.09956211108549,5.946070523162007
2,3.463390337041342,28.38412913500003,112.36460013828071,6.706614427287391
2,3.254192262991865,21.461170302999946,112.01889836367826,6.072827840516226
2,3.2907189108417736,23.191910207000024,111.41968195436735,5.830836598294525
2,3.868504067740329,13.499768075,111.78843051394331,6.188061765383736
2,3.5264818196911842,22.49961404600008,112.60659138050242,6.257202120304214
2,3.3886767391665287,24.576501778000026,110.64761465775523,5.992164093108997
2,3.835298024240412,17.65354319899999,111.53491587923486,6.383959437658461
2,3.270795284741823,13.84591623499999,110.0138280709841,6.176538372896985
2,3.4002988543914996,16.96124759000002,112.05346854113851,6.487669970039178
2,3.172837456417068,15.922803403999943,110.88960589997696,5.681032495966832
2,3.164535945542089,13.153621430000012,112.18022585849275,6.568333717446436
2,3.5215009131661965,19.730430703000025,111.05093339479141,6.487669970039178
2,3.5862526979910347,13.845916959000087,113.17123761235308,7.616962433740497
2,3.516520006641209,28.73027650200005,112.34155335330722,5.577321963586087
2,4.067740328739831,20.076578123000008,115.4067757547822,6.418529615118686
2,3.594554208866014,21.807318007000045,111.59253284166859,6.211108550357224
2,3.604516021915989,18.345838803000003,111.02788660981793,5.738649458400545
2,3.269134982566827,19.03813506600002,113.57455634938927,6.683567642313903
2,3.0997841607172507,19.73043033700002,112.04194514865176,5.761696243374047
2,3.9149925286402127,17.307396115999946,111.61557962664207,6.372436045171696
2,3.4866345674912838,17.999690955999984,112.57202120304217,5.888453560728266
2,3.602855719740993,12.115176660000003,111.14312053468541,5.98064070062226
2,3.700813548065748,24.576501626999978,114.48490435584236,6.591380502419909
2,4.164037854889591,28.384128721999982,114.30053007605439,6.37243604517171
2,3.7506226133156235,13.499768209999997,111.29292463701314,6.729661212260908
2,3.2110244064419726,20.422726754000045,111.97280479373129,5.243143581470406
2,3.8535613481653663,23.191909542000023,113.22885457478682,5.946070523162035
2,3.6958326415407607,22.15346648599986,113.80502419912422,6.383959437658447
2,3.8070728872654827,22.499614432999888,112.122608896059,5.335330721364386
2,3.375394321766562,14.53821274999989,114.15072597372667,5.992164093109011
2,3.8519010459903704,21.8073177719999,113.44779903203504,6.211108550357224
2,3.450107919641375,17.30739602699996,111.91518783129753,6.9370822770223555
2,3.803752282915491,13.845916549999892,114.36967043097488,7.225167089191046
2,3.998007637390005,17.999691345999963,113.79350080663748,7.2021203042175586
2,3.6078366262659807,17.999690970000035,112.73334869785666,6.118921410463244
2,3.0997841607172507,12.461324829999981,110.78589536759623,4.782207882000463
2,3.6875311306657816,16.268951683999916,112.11108550357226,6.764231389721132
2,3.6128175327909684,24.23035417900003,114.46185757086886,6.637474072366899
2,3.5464054457911343,21.46117037800009,111.36206499193362,6.522240147499431
2,3.5331230283911674,18.69198744099999,113.33256510716755,5.692555888453555
2,3.4119209696164705,14.884359851999942,110.37105323807327,6.176538372896971
2,3.8054125850904867,16.26895192899998,110.85503572251672,6.695091034800669
2,3.4882948696662797,20.076578140999985,111.23530767457939,5.289237151417353
2,3.7057944545907358,17.653543225000025,112.79096566029038,6.533763539986154
2,3.084841441142288,17.653542923999968,111.31597142198663,5.623415533533063
2,3.6211190436659475,13.845916874999919,114.21986632864716,6.60290389490666
2,3.2923792130167695,28.730276710000055,110.31343627563955,6.015210878082499
2,3.5314627262161715,32.53790363800003,111.58100944918183,6.46462318506569
2,3.689191432840777,15.922804178000042,111.32749481447337,6.234155335330712
2,3.5198406109912006,15.576656262999977,113.19428439732657,5.865406775754778
2,3.848580441640379,30.80716417000008,112.90619958515786,7.1329799492970665
2,3.602855719740993,15.922803243999944,114.79603595298455,6.141968195436732
2,3.96812219824008,23.884206207000073,113.21733118230006,6.395482830145184
2,3.893408600365267,25.26879792499992,113.92025812399172,5.657985710993316
2,4.147434833139632,15.92280378100011,111.86909426135054,6.107398017976479
2,3.680889921965798,20.076578492999943,112.44526388568794,7.4441115464392595
2,4.165698157064586,23.538057675999838,113.68979027425674,6.337865867711457
2,4.034534285239914,16.61509922099999,113.22885457478682,6.211108550357224
2,3.81205379379047,17.999691966000054,111.96128140124453,5.116386264116173
2,3.8618628590403454,14.192064897999984,110.05992164093108,6.222631942843961
2,3.39199734351652,19.730430911999925,111.26987785203963,5.5427517861258195
2,3.782168354640545,23.538058161999967,110.98179303987095,6.4415764000922024
2,3.365432508716587,27.345684755,110.566950910348,4.678497349619732
2,4.004648846089989,20.422726669999946,111.55796266420835,6.879465314588614
2,3.328905860866678,18.691987226999995,110.95874625489743,5.323807328877606
2,3.7390004980906526,21.11502265500005,112.23784282092649,6.095874625489756
2,3.7556035198406112,23.538058215000074,113.73588384420374,6.095874625489742
2,3.581271791466047,31.499460120000055,110.47476377045402,5.819313205807788
2,3.6094969284409766,21.461170190000058,111.10855035722518,7.063839594376603
2,4.135812717914661,28.037980395000105,113.7013136667435,5.565798571099336
2,3.944877967790138,21.11502210599997,113.73588384420374,6.268725512790979
2,3.790469865515524,17.30739582100016,113.35561189214106,6.476146577552456
2,2.9935248215175165,11.769029481999912,111.78843051394331,4.9896289467619255
2,3.589573302341026,20.768874940999964,113.0790504724591,5.807789813321051
2,3.9398970612651505,19.038135178000083,112.67573173542291,6.314819082737969
2,3.4451270131163874,30.807163628999987,112.3185065683337,6.430053007605437
2,3.5414245392661465,15.230507744000004,112.7679188753169,7.16755012675732
2,3.8435995351153913,32.53790334699996,113.35561189214106,6.314819082737969
2,3.778847750290553,40.499305717,112.42221710071445,6.7411846047476445
2,3.9249543416901878,18.34583889199999,112.84858262272412,6.303295690251204
2,3.4335048978914164,15.576655932000095,113.0790504724591,5.692555888453569
2,2.973601195417566,13.845916351999943,110.71675501267573,5.853883383268027
2,3.979744313465051,23.191910634000056,113.97787508642546,5.865406775754806
2,3.737340195915657,21.807318093999967,112.53745102558193,6.257202120304214
2,3.5231612153411924,15.576655737000038,111.96128140124453,5.588845356072838
2,3.363772206541591,16.268951835999996,112.23784282092649,6.487669970039178
2,4.0594388178648515,18.691987299000107,113.67826688176999,6.556810324959656
2,3.358791300016603,16.615099744000105,111.67319658907581,6.084351233002991
2,3.5248215175161883,17.30739541400003,112.21479603595299,5.761696243374061
2,3.385356134816537,22.153466239999975,112.9638165475916,5.323807328877606
2,3.4086003652664787,20.768874482000044,109.11500345701775,6.199585157870473
2,3.934916154740163,33.92249493600001,111.1200737497119,7.3749711915187675
2,3.7207371741656985,26.999537281000016,113.18276100483982,4.8513482369209555
2,3.1114062759422216,15.576656187999971,111.67319658907581,5.4851348236920785
2,3.6094969284409766,21.80731878200011,111.47729891680112,6.4530997925789535
2,3.694172339365765,24.57650213799997,111.17769071214565,6.775754782207869
2,4.014610659139964,24.23035339400005,113.17123761235308,6.7988015671813855
2,3.5430848414411424,20.422726990999976,111.54643927172158,6.407006222631921
2,3.6260999501909352,22.49961407799997,113.68979027425674,5.773219635860784
2,3.6310808567159225,11.422881139999951,112.89467619267113,5.865406775754778
2,3.3471691847916323,18.34583939499999,112.61811477298917,5.946070523162021
2,3.3322264652166695,19.03813490799995,112.00737497119151,6.095874625489728
2,3.182799269467043,22.49961417099988,112.22631942843972,6.637474072366899
2,3.788809563340528,32.88405135100002,113.22885457478682,5.807789813321051
2,3.084841441142288,18.345839389999966,112.30698317584698,6.245678727817477
2,3.5962145110410098,16.96124804900001,113.59760313436276,5.969117308135523
2,3.2326083347169186,14.192063746000098,111.60405623415532,6.188061765383708
2,3.471691847916321,25.268797400000015,109.18414381193824,6.545286932472919
2,3.282417399966794,23.191910701000005,111.66167319658908,5.024199124222179
2,3.581271791466047,25.961092850999982,112.46831067066145,5.623415533533091
2,3.0117881454424706,13.153620753000027,110.97026964738419,5.784743028347549
2,3.360451602191599,16.96124787799999,111.23530767457939,6.015210878082499
2,3.667607504565831,20.768874876999977,112.1456556810325,7.305830836598304
2,3.493275776191267,15.576656110999966,111.40815856188063,6.533763539986182
2,3.340527976091649,39.46086194600004,110.71675501267573,5.957593915648772
2,3.5314627262161715,23.191910016999994,111.79995390643005,5.531228393639083
2,3.154574132492114,42.92234131499997,111.7423369439963,6.199585157870459
2,3.7257180806906858,18.691986583000073,112.47983406314819,6.637474072366899
2,3.6211190436659475,18.691987595,111.00483982484444,6.153491587923483
2,3.7423211024406444,18.34583847399998,111.69624337404933,5.462088038718619
2,4.271957496264321,20.07657898100007,113.52846277944226,8.089421525697162
2,3.81205379379047,19.038134966000012,114.28900668356765,5.588845356072838
2,3.1911007803420226,13.499769066000061,109.33394791426596,5.427517861258352
2,3.6443632741158893,21.115022380000028,112.92924637013138,6.476146577552456
2,3.380375228291549,17.307395200000034,111.99585157870477,5.715602673427057
2,3.572970280591068,25.26879696000003,111.84604747637705,6.23415533533074
2,3.503237589241242,20.76887424300004,113.8972113390182,6.441576400092174
2,3.8170347003154577,27.345685627000112,111.23530767457939,6.130444802949981
2,3.380375228291549,14.538212379999957,110.2788660981793,5.992164093109011
2,3.679229619790802,24.23035390099998,112.88315280018438,7.0984097718368275
2,3.558027561016105,13.845916253000036,112.39917031574096,5.634938926019828
2,3.5879130001660307,21.807318139999907,112.26088960589998,6.545286932472919
2,3.475012452266313,22.499614025000003,110.46324037796727,4.862871629407692
2,3.365432508716587,14.884359775999972,113.3210417146808,6.487669970039178
2,3.7655653328905863,22.153466994999995,112.82553583775064,5.3353307213643575
2,3.350489789141624,22.15346684200002,112.53745102558193,4.7591610970269755
2,3.77220654159057,18.34583898800007,113.13666743489283,8.58492740262733
2,3.8801261829653,21.115022766999974,112.11108550357226,6.360912652684945
2,4.044496098289889,17.653543120999952,112.47983406314819,7.421064761465786
2,3.3903370413415246,14.884359883000005,111.41968195436735,5.369900898824596
2,3.979744313465051,19.384282364999923,111.69624337404933,6.9946992394560965
2,3.978084011290055,26.653389250000032,114.16224936621342,7.2021203042175586
2,3.353810393491616,19.384282850000016,112.67573173542291,5.024199124222179
2,3.503237589241242,32.53790338800001,112.076515326112,7.179073519244042
2,3.813714095965466,32.19175577600007,114.00092187139894,7.179073519244071
2,3.767225635065582,18.34583918499985,114.8997464853653,6.026734270569264
2,3.3770546239415578,13.499768655999901,112.87162940769761,5.715602673427057
2,3.5015772870662465,19.73043019099993,112.97533994007836,6.337865867711457
2,3.876805578615308,13.153621209999882,112.4106937082277,6.568333717446407
2,3.5547069566661134,18.345838528000048,112.04194514865176,6.349389260198194
2,3.6410426697658975,17.999691345999963,110.46324037796727,6.476146577552427
2,4.120869998339698,30.461016719999858,113.19428439732657,6.476146577552413
2,3.5181803088162047,21.461169675,113.18276100483982,5.957593915648772
2,3.572970280591068,34.26864289299995,111.7423369439963,5.980640700622246
2,4.047816702639881,29.76872083000008,114.17377275870015,7.305830836598275
2,3.7074547567657317,24.576501901000107,112.6987785203964,5.727126065913808
2,2.998505728042504,19.730431536000015,111.08550357225167,5.508181608665581
2,3.5879130001660307,23.884205505999912,112.18022585849275,6.9025120995621165
2,4.173999667939565,31.845608003999992,114.53099792578936,5.84235999078129
2,3.6227793458409434,19.73043129900001,111.9036644388108,5.277713758930631
2,3.7406608002656485,23.884205705000035,113.0329569025121,6.614427287393411
2,3.6974929437157567,25.961092809999933,112.80248905277715,6.130444802949995
2,3.6327411588909184,24.23035358400001,113.11362064991934,5.93454713067527
2,4.067740328739831,21.115022770000003,112.37612353076747,7.040792809403115
2,3.7423211024406444,18.345839258999963,111.17769071214565,6.02673427056925
2,3.2027228955669935,14.192064253000026,110.19820235077206,6.084351233002991
2,3.577951187116055,17.999691520000013,109.34547130675271,6.349389260198208
2,3.757263822015607,17.999691530000067,112.79096566029038,6.326342475224692
2,3.3471691847916323,16.961247141000015,110.62456787278174,6.8909887070753655
2,3.7257180806906858,23.884205770999948,111.73081355150956,5.623415533533077
2,4.167358459239582,21.461170953000067,113.57455634938927,6.291772297764481
2,3.172837456417068,22.153466311000056,109.94468771606361,5.957593915648772
2,3.8269965133654327,19.38428327400002,112.89467619267113,6.118921410463244
2,3.8502407438153745,19.038135312000048,111.01636321733119,6.718137819774142
2,3.9216337373401964,32.53790367800005,110.55542751786125,6.188061765383708
2,3.5181803088162047,21.807318665000018,112.13413228854574,5.93454713067527
2,3.1811389672920476,17.65354346999995,112.122608896059,5.61189214104634
2,3.689191432840777,20.07657862499998,113.96635169393869,6.660520857340387
2,3.577951187116055,24.57650116799999,113.22885457478682,5.681032495966818
2,3.7522829154906194,11.42288090900001,111.5694860566951,6.614427287393411
2,3.8153743981404618,22.49961465399991,113.12514404240608,6.718137819774128
2,3.9365764569151587,34.614791806999996,113.50541599446878,6.9831758469693455
2,3.3023410260667445,15.576656152000018,111.47729891680112,5.61189214104634
2,3.8103934916154745,25.961093087999984,112.97533994007836,5.162479834063149
2,4.130831811389673,19.38428270100004,112.58354459552893,5.796266420834314
2,3.672588411090819,20.076578290000036,111.91518783129753,5.969117308135495
2,3.4301842935414246,18.34583947000007,110.566950910348,5.1855266190366365
2,3.702473850240744,13.499768154000071,114.33510025351464,6.614427287393411
2,3.7190768719907026,23.53805836400005,112.9407697626181,5.865406775754778
2,3.255852565166861,15.922803922999995,111.94975800875777,5.969117308135523
2,3.813714095965466,16.96124798599999,113.53998617192902,6.602903894906646
2,3.7356798937406612,25.268796982000072,112.92924637013138,5.554275178612599
2,3.187780175992031,20.768875023000064,112.30698317584698,7.294307444111553
2,3.17615806076706,11.422881156999964,111.09702696473842,5.819313205807788
2,4.436327411588909,15.922804251000052,112.27241299838673,6.775754782207883
2,3.647683878465881,25.268797576999955,111.5694860566951,6.303295690251204
2,3.5115391001162215,25.961093665999993,112.53745102558193,6.038257663056001
2,3.993026730865018,28.73027651000004,113.7013136667435,6.614427287393411
2,3.5879130001660307,27.691832644000034,112.53745102558193,5.796266420834286
2,3.484974265316288,15.922804383000088,113.77045402166397,6.222631942843961
2,3.9382367590901546,19.73043054100003,113.22885457478682,6.925558884535619
2,3.5248215175161883,15.576656474999977,111.10855035722518,5.888453560728294
2,3.152913830317118,21.461170723999917,110.31343627563955,5.427517861258352
2,3.7423211024406444,20.42272638600004,114.34662364600139,6.579857109933158
2,3.3438485804416405,24.230353773000076,112.77944226780363,5.830836598294525
2,3.579611489291051,13.845916810000038,110.77437197510946,6.395482830145184
2,3.4999169848912506,21.115022086000064,111.43120534685411,6.46462318506569
2,3.1479329237921303,19.730431217999943,110.35952984558655,4.966582161788452
2,3.762244728540595,20.768875165000157,111.59253284166859,6.533763539986182
2,3.9266146438651837,32.884051101,115.28001843742798,8.089421525697176
2,3.3670928108915827,20.076578794000003,110.78589536759623,6.141968195436732
2,3.6526647849908684,19.730431006999975,112.11108550357226,6.441576400092174
2,3.494936078366263,37.73012210699998,112.15717907351926,6.4530997925789535
2,3.37207371741657,22.845762046,112.11108550357226,5.911500345701782
2,3.162875643367093,13.153621002000015,111.89214104632403,6.360912652684945
2,3.835298024240412,27.691833057000014,112.86010601521087,6.349389260198208
2,3.9050307155902377,20.076579135999904,112.98686333256511,7.12145655681033
2,3.030051469367425,20.076578340999934,109.95621110855036,4.932011984328199
2,3.5198406109912006,16.961247632999928,113.82807098409774,5.51970500115236
2,3.338867673916653,22.153465847000035,111.73081355150956,5.957593915648758
2,3.4318445957164205,15.57665585700002,112.73334869785666,5.496658216178844
2,4.069400630914827,33.230199093999964,112.91772297764462,6.188061765383736
2,3.5331230283911674,22.4996141630001,112.82553583775064,5.84235999078129
2,3.7290386850406776,24.23035378700006,113.36713528462778,6.084351233002991
2,3.465050639216338,22.49961425699991,112.50288084812168,5.84235999078129
2,3.8801261829653,42.23004507300003,112.79096566029038,6.11892141046323
2,3.7273783828656817,28.037981064999993,112.33002996082047,5.727126065913808
2,3.453428523991367,12.461325451000038,111.23530767457939,6.360912652684945
2,3.483313963141292,14.19206467999999,111.03941000230468,6.188061765383722
2,3.186119873817035,19.384282443999993,111.5694860566951,5.588845356072852
2,4.1590569483646025,25.268797552000024,111.79995390643005,7.006222631942833
2,3.1280092976921803,25.96109391000009,111.58100944918183,6.326342475224706
2,3.8651834633903372,33.57634715999993,112.26088960589998,7.121456556810315
2,3.6526647849908684,19.384282434999967,114.03549204885918,7.098409771836813
2,3.770546239415574,28.384128492999967,113.0560036874856,7.593915648767009
2,3.475012452266313,24.922649022999924,111.55796266420835,5.600368748559589
2,4.114228789639715,26.307240669000002,113.12514404240608,7.478681723899513
2,3.451768221816371,20.07657894000002,111.8345240838903,6.049781055542752
2,3.4351652000664123,23.19191013299991,112.06499193362527,6.245678727817463
2,3.380375228291549,23.88420589899992,111.59253284166859,6.211108550357224
2,3.649344180640877,21.46117062700001,113.586079741876,5.3929476837980985
2,3.581271791466047,17.307395955999947,111.46577552431435,6.960129061995843
2,3.5015772870662465,17.307395853999942,111.5233924867481,5.957593915648758
2,3.4102606674414746,12.807473205000003,111.10855035722518,6.14196819543676
2,3.7439814046156403,22.153465839999942,112.87162940769761,5.681032495966804
2,3.6294205545409266,19.730430645999927,111.62710301912884,5.531228393639083
2,3.581271791466047,20.768874582999945,112.99838672505184,5.969117308135495
2,3.748962311140628,24.230353535000038,110.97026964738419,6.280248905277716
2,3.7190768719907026,23.53805797000008,115.07259737266651,6.60290389490666
2,3.8319774198904204,20.07657907300002,112.04194514865176,7.386494584005533
2,3.0798605346173007,18.691987183999945,111.23530767457939,5.784743028347535
2,3.5447451436161383,22.84576244800003,113.41322885457478,6.487669970039178
2,3.674248713265815,23.538057810000012,112.86010601521087,7.179073519244071
2,3.1147268802922135,18.34583882600001,112.95229315510487,7.2827840516247875
2,3.395317947866512,17.653544126999957,111.70776676653607,5.197050011523402
2,3.579611489291051,15.576656043000055,111.5233924867481,7.3749711915187675
2,3.4102606674414746,21.461170018000004,111.58100944918183,6.672044249827152
2,3.998007637390005,15.576655730000013,113.0329569025121,6.625950679880148
2,3.680889921965798,30.80716346900006,112.06499193362527,6.6950910348006545
2,3.3455088826166364,16.96124813599993,112.13413228854574,6.360912652684945
2,3.6991532458907526,21.11502309799999,113.57455634938927,6.015210878082527
2,3.7074547567657317,14.192064424999941,112.47983406314819,5.830836598294539
2,3.3305661630416736,11.422881249999946,110.76284858262272,5.911500345701768
2,3.690851735015773,22.499614703999985,113.21733118230006,5.819313205807774
2,3.6161381371409598,15.922803798999949,112.9638165475916,6.038257663056001
2,3.6277602523659307,22.84576153100001,111.07398017976493,6.533763539986182
2,3.406940063091483,15.922804227000084,112.04194514865176,6.522240147499431
2,3.39199734351652,16.268951560999973,112.92924637013138,6.314819082737969
2,2.8042503735679896,15.576655768999997,109.9907812860106,5.323807328877621
2,3.5248215175161883,19.038134486000015,110.86655911500345,5.323807328877606
2,3.538103934916155,17.307395263000053,113.22885457478682,6.3493892601982225
2,3.5215009131661965,22.499614122000118,112.60659138050242,6.430053007605451
2,4.137473020089657,40.49930571699993,114.17377275870015,6.706614427287391
2,3.2176656151419563,14.88435943599993,110.03687485595759,5.162479834063149
2,3.5314627262161715,33.23019879300004,112.64116155796266,6.775754782207883
2,3.4766727544413087,14.884360668000056,113.62064991933624,6.211108550357224
2,4.014610659139964,30.46101627299999,112.88315280018438,5.761696243374047
2,3.061597210692346,11.769028646999857,112.79096566029038,4.897441806867931
2,3.690851735015773,24.230353541999996,109.88707075362987,6.533763539986182
2,3.6244396480159393,21.46117057300008,112.81401244526388,6.51071675501268
2,3.3040013282417404,19.03813557800005,111.91518783129753,5.681032495966818
2,3.2442304499418895,21.46117081399994,112.89467619267113,5.727126065913808
2,3.9415573634401464,21.115022879000037,112.51440424060843,6.545286932472905
2,3.5298024240411756,22.84576167599986,111.2583544595529,6.383959437658461
2,3.380375228291549,21.11502244800001,111.76538372896981,5.577321963586073
2,3.956500083015109,23.538057751999947,113.22885457478682,6.176538372896985
2,3.659305993690852,14.19206475299993,113.04448029499885,7.0523162018898375
2,3.579611489291051,31.499460663000008,111.48882230928785,5.819313205807774
2,3.5331230283911674,15.230507535000035,113.33256510716755,6.383959437658447
2,3.802091980740495,19.384283058999987,114.50795114081586,6.8909887070753655
2,3.494936078366263,20.076579340000052,112.122608896059,6.775754782207883
2,3.3106425369417236,11.769028610999973,111.58100944918183,5.623415533533077
2,3.7390004980906526,23.884206498000005,110.17515556579858,6.130444802949995
2,3.0034866345674915,13.499768963000022,111.98432818621802,6.107398017976493
2,3.4667109413913333,16.615100332999994,111.32749481447337,6.176538372896971
2,3.9498588743151255,23.88420585299998,111.93823461627103,6.625950679880162
2,3.582932093641043,28.03798020399997,113.28647153722056,6.5568103249596845
2,4.122530300514694,21.461170010000014,112.59506798801566,7.478681723899513
2,3.986385522165034,16.961248119999883,112.92924637013138,6.407006222631949
2,3.7406608002656485,19.03813506799995,113.80502419912422,6.280248905277716
2,4.233770546239416,27.34568521599999,112.7679188753169,7.605439041253746
2,3.516520006641209,15.922804197999948,112.71030191288315,5.3468541138511085
2,3.3322264652166695,21.807318232000064,112.39917031574096,6.153491587923483
2,3.79213016769052,23.884205848000022,112.50288084812168,6.395482830145198
2,3.577951187116055,16.961247403999984,114.13920258123991,5.842359990781276
2,3.68421052631579,19.038135097000016,113.04448029499885,6.55681032495967
2,3.6011954175659975,19.730430588999898,112.95229315510487,6.130444802949995
2,3.9415573634401464,27.69183276800001,115.28001843742798,7.098409771836842
2,3.197741989042006,15.922803386000036,111.93823461627103,6.084351233002991
2,3.368753113066578,23.191909871999872,112.53745102558193,6.69509103480064
2,3.5098787979412256,17.999691322000064,111.77690712145656,6.314819082737969
2,3.6991532458907526,14.884360137000021,114.8306061304448,6.199585157870473
2,3.17615806076706,19.38428303599998,112.71030191288315,5.600368748559575
2,3.604516021915989,14.88436071500003,111.82300069140354,6.268725512790951
2,3.4202224804914496,19.384283097000075,108.71168471998156,5.899976953215031
2,3.470031545741325,24.23035399099993,111.4542521318276,5.796266420834286
2,3.7539432176656153,15.922803948999961,112.50288084812168,6.545286932472919
2,3.473352150091317,22.499614218000062,112.97533994007836,6.7411846047476445
2,3.6078366262659807,31.153311957000035,112.59506798801566,5.830836598294525
2,3.558027561016105,31.499460226000057,112.79096566029038,5.888453560728266
2,3.3787149261165537,14.192065003000089,112.3185065683337,5.911500345701754
2,3.592893906691018,23.191909901000006,111.4542521318276,6.568333717446407
2,3.6958326415407607,20.07657851700005,111.70776676653607,6.199585157870473
2,3.856881952515358,29.422572215000024,111.54643927172158,6.937082277022341
2,3.637722065415906,22.8457627930001,113.3901820696013,6.46462318506569
2,3.450107919641375,18.34583883999999,113.20580778981333,5.243143581470406
2,3.689191432840777,24.57650156800009,112.06499193362527,5.807789813321037
2,3.3770546239415578,17.30739570700003,110.37105323807327,6.049781055542738
2,3.911671924290221,21.115022713999938,112.88315280018438,6.775754782207898
2,3.777187448115557,27.691833164000048,112.68725512790965,6.7066144272874055
2,3.762244728540595,22.845762610000026,111.15464392717216,6.026734270569264
2,3.881786485140296,25.61494548499993,113.26342475224706,6.9946992394560965
2,3.6360617632409102,20.76887422899999,110.55542751786125,6.2572021203042
2,3.2060434999169853,11.422880573999997,109.78336022124913,5.5427517861258195
2,3.7340195915656653,17.30739552199996,113.60912652684951,5.899976953215017
2,3.4899551718412756,15.922803632000061,112.09956211108549,6.291772297764453
2,3.7091150589407276,18.34583924500005,110.91265268495046,6.833371744641639
2,3.063257512867342,15.922803915000005,110.9011292924637,5.6349389260197995
2,3.7655653328905863,20.768874641000007,113.12514404240608,7.086886379350062
2,3.660966295865848,21.80731815699992,111.93823461627103,5.358377506337874
2,3.448447617466379,28.037980477000065,111.07398017976493,6.7988015671813855
2,3.385356134816537,17.653543435000028,112.05346854113851,5.1509564415763975
2,3.1114062759422216,26.653389193000002,110.67066144272874,5.681032495966804
2,3.780508052465549,15.576656035000067,111.73081355150956,6.752707997234381
2,3.9382367590901546,16.26895158199998,114.26595989859413,7.5939156487669806
2,3.6991532458907526,22.499614712999936,112.37612353076747,5.830836598294553
2,3.8386186285904036,14.538212344000003,112.13413228854574,7.444111546439274
2,4.047816702639881,22.845761993000036,114.2313897211339,6.211108550357224
2,3.946538269965134,19.730431500000062,112.28393639087346,6.349389260198194
2,3.538103934916155,14.884360582999856,112.60659138050242,6.095874625489756
2,3.2326083347169186,25.26879819700005,112.16870246600598,5.830836598294525
2,3.8220156068404454,19.73043118499995,111.24683106706614,6.810324959668137
2,4.066080026564835,22.153465709000006,112.98686333256511,5.31228393639087
2,3.8651834633903372,22.84576182300005,113.40170546208803,6.9486056695091065
2,3.747302008965632,18.691987936000075,111.91518783129753,6.545286932472919
2,4.077702141789806,18.691987401000045,113.81654759161097,5.381424291311362
2,3.7954507720405117,29.07642419800009,111.76538372896981,5.969117308135523
2,3.5762908849410597,19.03813499200005,113.50541599446878,4.690020742106469
2,3.8087331894404786,18.691986988999957,112.36460013828071,6.625950679880162
2,4.23211024406442,18.6919867210001,113.0560036874856,6.291772297764467
2,3.9266146438651837,32.88405138300004,111.77690712145656,7.144503341783832
2,3.3272455586916823,19.73043049799998,113.34408849965429,5.980640700622246
2,3.275776191266811,21.807318291999984,111.02788660981793,6.268725512790965
2,3.6011954175659975,17.6535435910001,112.15717907351926,6.23415533533074
2,3.428523991366429,25.96109273300007,111.70776676653607,6.533763539986168
2,3.360451602191599,23.191910252000067,112.28393639087346,6.372436045171682
2,3.481653660966296,16.268951791000017,114.1852961511869,6.02673427056925
2,3.504897891416238,16.96124759299998,113.24037796727357,6.407006222631949
2,3.4418064087663955,13.499768730999978,111.36206499193362,6.510716755012666
2,3.5879130001660307,14.884360303000012,111.15464392717216,5.84235999078129
2,3.986385522165034,21.115022196999956,113.90873473150495,6.74118460474763
2,3.2873983064917818,18.69198754399996,113.40170546208803,6.337865867711457
2,3.4799933587913,11.769029511999943,112.11108550357226,5.923023738188519
2,4.193923294039515,22.153466354999996,112.89467619267113,6.914035492048882
2,3.468371243566329,24.576501613000065,111.8806176538373,5.876930168241543
2,3.647683878465881,20.4227272899999,112.21479603595299,6.395482830145184
2,3.4218827826664455,15.576656245999963,112.58354459552893,6.141968195436732
2,3.6759090154408107,19.384282906000013,112.88315280018438,6.810324959668137
2,3.8651834633903372,25.268797595000002,113.86264116155796,6.960129061995843
2,3.700813548065748,16.268952102999958,110.72827840516248,5.0357225167089155
2,3.458409430516354,29.0764248010001,112.076515326112,4.620880387185977
2,3.6958326415407607,22.49961396200005,112.24936621341324,6.7988015671813855
2,3.783828656815541,17.99969192100001,111.62710301912884,6.625950679880162
2,3.6460235762908852,14.884360268999988,112.26088960589998,6.026734270569264
2,3.484974265316288,16.961247787000005,111.70776676653607,6.522240147499431
2,3.760584426365599,20.076578429000026,113.48236920949529,7.271260659138065
2,3.504897891416238,17.653543589000037,111.59253284166859,6.291772297764467
2,3.657645691515856,15.23050799499999,112.36460013828071,5.807789813321037
2,3.255852565166861,15.92280342499995,111.8114772989168,6.188061765383722
2,4.06441972438984,24.576501520000015,112.35307674579396,6.337865867711457
2,3.679229619790802,23.88420575000001,112.21479603595299,7.363447799032031
2,4.011290054789972,31.499459980999994,112.57202120304217,6.499193362525929
2,3.689191432840777,20.07657891300002,110.37105323807327,7.536298686333254
2,3.6344014610659143,19.038135402999895,111.63862641161558,6.568333717446407
2,4.235430848414412,19.384282343000088,112.33002996082047,6.476146577552427
2,3.689191432840777,20.076578526000073,112.51440424060843,6.533763539986182
2,3.4999169848912506,19.384282794000022,113.15971421986633,5.0011523392486765
2,3.5181803088162047,17.307395379999935,111.38511177690714,6.211108550357238
2,3.561348165366097,20.422726484000048,113.40170546208803,6.383959437658433
2,4.0195915656649515,29.768720107000018,112.43374049320121,7.086886379350091
2,3.6991532458907526,26.307241186999953,112.50288084812168,6.672044249827152
2,3.8967292047152586,34.61479132600004,113.2749481447338,6.752707997234367
2,3.5347833305661633,27.691832147999985,112.66420834293615,6.245678727817463
2,4.002988543914993,24.57650119299999,113.40170546208803,6.107398017976479
2,3.7057944545907358,21.11502259999995,112.67573173542291,6.476146577552441
2,3.307321932591732,29.422572610999993,112.00737497119151,6.153491587923469
2,3.5364436327411592,32.884051673000016,112.56049781055543,6.533763539986182
2,3.682550224140794,20.422726608000026,111.35054159944688,6.14196819543676
2,3.4550888261663624,22.499613781999937,109.79488361373588,6.579857109933158
2,3.4550888261663624,21.11502296399982,111.5003457017746,5.819313205807802
2,3.338867673916653,23.538057948000038,111.61557962664207,5.323807328877621
2,3.571309978416072,21.80731858599988,111.13159714219867,5.969117308135523
2,3.7190768719907026,19.73043057700012,112.9638165475916,6.92555888453559
2,3.161215341192097,31.845607586999947,111.86909426135054,6.8794653145886
2,3.481653660966296,18.345838799000077,112.39917031574096,5.980640700622274
2,3.3206043499916986,21.8073181439999,112.00737497119151,6.107398017976479
2,3.6759090154408107,21.461170216000024,112.7679188753169,6.176538372896971
2,4.114228789639715,21.46117044800007,112.22631942843972,6.211108550357224
2,3.5962145110410098,22.153466381999998,112.36460013828071,6.614427287393397
2,3.7124356632907194,22.84576205100003,112.33002996082047,6.729661212260893
2,3.758924124190603,15.230507385000022,111.14312053468541,6.326342475224706
2,3.594554208866014,22.15346620099999,111.96128140124453,5.346854113851123
2,3.4999169848912506,23.884205859999938,111.85757086886379,6.061304448029503
2,3.8386186285904036,20.422726053000023,113.7013136667435,6.28024890527773
2,3.657645691515856,15.922803536000048,113.34408849965429,6.453099792578925
2,3.8203553046654495,28.384128664999952,113.18276100483982,7.052316201889823
2,3.679229619790802,26.307241102999853,110.92417607743718,6.476146577552413
2,3.2458907521168854,15.576655824999992,111.9036644388108,5.980640700622274
2,3.7356798937406612,19.38428365500004,112.71030191288315,6.303295690251204
2,3.649344180640877,20.76887491000004,114.91126987785204,6.556810324959656
2,3.913332226465217,24.576501269999923,112.42221710071445,7.398017976492284
2,3.3571309978416073,14.884360107999886,111.76538372896981,6.130444802949981
2,3.561348165366097,21.807318321999947,112.33002996082047,6.46462318506569
2,3.7390004980906526,17.99969170400005,112.4106937082277,4.713067527079971
2,3.4185621783164537,15.23050877200005,113.83959437658446,5.842359990781276
2,3.802091980740495,28.03798050499996,113.13666743489283,6.165014980410234
2,3.881786485140296,19.038135276000027,114.54252131827609,5.923023738188505
2,3.647683878465881,27.34568443800003,112.60659138050242,5.1509564415763975
2,3.2126847086169685,23.884205916999967,110.57847430283476,6.303295690251218
2,3.470031545741325,17.999690958999945,112.37612353076747,6.257202120304228
2,3.7871492611655326,23.1919101409999,113.55150956441575,6.775754782207869
2,3.28407770214179,16.268951770999976,111.24683106706614,5.681032495966804
2,3.471691847916321,25.268797373000016,111.2122608896059,6.579857109933172
2,3.4882948696662797,19.730430891000058,113.586079741876,6.69509103480064
2,3.6294205545409266,17.653543897999946,112.79096566029038,6.8794653145886
2,3.813714095965466,16.961247339000103,112.83705923023739,5.980640700622274
2,3.700813548065748,25.268797545000066,112.87162940769761,6.856418529615112
2,3.6211190436659475,14.19206395199997,112.39917031574096,5.980640700622274
2,3.340527976091649,21.807318364999993,112.3185065683337,5.957593915648758
2,3.4002988543914996,23.19190963599997,111.55796266420835,6.268725512790965
2,3.6327411588909184,15.230508339000094,113.33256510716755,6.095874625489742
2,4.154076041839615,22.84576226599999,114.34662364600139,7.536298686333254
2,3.5995351153910016,19.038134931999988,113.7013136667435,6.418529615118715
2,3.757263822015607,18.345839331999972,112.57202120304217,7.006222631942833
2,3.7556035198406112,20.768875116999872,112.60659138050242,6.60290389490666
2,3.873484974265317,33.230199663000015,114.38119382346163,6.476146577552441
2,4.3466710941391336,27.691832678000058,111.97280479373129,7.040792809403115
2,3.689191432840777,25.614945274999926,110.9011292924637,6.188061765383736
2,3.9531794786651173,19.038134599999935,111.62710301912884,6.245678727817477
2,3.8950689025402627,19.73043113799998,112.076515326112,7.179073519244042
2,3.7871492611655326,15.576656431999929,112.50288084812168,6.672044249827152
2,3.660966295865848,17.30739575000001,113.43627563954828,5.669509103480053
2,3.4351652000664123,12.807472201999959,111.15464392717216,5.31228393639087
2,3.4268636891914332,32.53790342099987,113.45932242452177,5.0357225167089155
2,4.149095135314628,29.076424849999864,113.0560036874856,6.360912652684959
2,4.034534285239914,16.961247523000072,112.67573173542291,7.97418760082968
2,3.6427029719408934,14.192064359999922,113.51693938695553,7.098409771836842
2,3.46006973269135,23.538058355999922,109.3224245217792,5.508181608665566
2,3.5464054457911343,21.115022658999976,113.0329569025121,6.280248905277716
2,3.86020255686535,17.307395546999963,113.0790504724591,6.026734270569264
2,3.9299352482151755,19.03813525900001,113.63217331182301,7.60543904125376
2,3.7954507720405117,40.153157746000005,111.70776676653607,7.328877621571792
2,3.5331230283911674,13.499768248000018,111.5694860566951,5.692555888453569
2,3.768885937240578,24.576501223000022,112.57202120304217,6.430053007605437
2,3.5464054457911343,14.88436073100008,113.88568794653146,5.001152339248691
2,3.2276274281919313,19.038135496000017,110.566950910348,4.471076284858242
2,3.5215009131661965,15.922804586999822,110.8780825074902,6.061304448029503
2,3.7290386850406776,20.422727048000006,112.36460013828071,6.222631942843975
2,4.122530300514694,17.99969083999993,113.50541599446878,6.015210878082499
2,3.2243068238419395,22.845762347999813,111.32749481447337,5.369900898824611
2,4.182301178814544,19.38428336900007,112.6987785203964,7.2597372666513
2,3.670928108915823,33.23019970200007,111.31597142198663,6.821848352154859
2,3.7223974763406944,25.268797555000123,111.68471998156258,6.072827840516268
2,3.7257180806906858,27.691832575000017,113.19428439732657,7.409541368979021
2,3.4335048978914164,16.268951639999834,113.87416455404471,5.819313205807802
2,3.604516021915989,21.461170527000068,112.19174925097948,6.015210878082513
2,4.343350489789142,14.538212492999982,112.28393639087346,7.317354229085041
2,3.8153743981404618,14.884359735999954,110.9011292924637,7.156026734270554
2,3.6011954175659975,14.884360509999915,112.06499193362527,6.153491587923483
2,3.262493773866844,18.691986671000027,111.77690712145656,6.614427287393411
2,3.6427029719408934,21.461170058999986,112.61811477298917,6.32634247522472
2,3.275776191266811,14.192064781000033,112.4567872781747,5.75017285088731
2,3.8303171177154245,24.922650021999974,113.50541599446878,6.718137819774157
2,3.8054125850904867,17.999691756999948,111.78843051394331,6.199585157870487
2,3.5281421218661797,24.576501281000013,111.77690712145656,6.245678727817477
2,4.066080026564835,19.384282902000017,112.43374049320121,6.395482830145198
2,3.7190768719907026,17.653543885000065,112.75639548283014,7.006222631942833
2,3.285738004316786,18.691987134000012,109.84097718368288,5.300760543904133
2,3.8751452764403123,19.384282966000004,113.64369670430973,7.398017976492255
2,3.7954507720405117,30.461016084000065,113.11362064991934,6.487669970039178
2,3.2259671260169354,23.538057939000016,112.11108550357226,6.303295690251218
2,3.6128175327909684,18.345839572000074,111.82300069140354,6.579857109933158
2,3.5231612153411924,24.576501684000007,114.05853883383269,6.337865867711457
2,3.458409430516354,18.691987246000075,110.95874625489743,6.188061765383708
2,4.011290054789972,22.499613818999993,113.26342475224706,6.9946992394560965
2,3.981404615640047,14.538211623000008,115.09564415764002,6.14196819543676
2,3.2326083347169186,12.807472889999893,111.77690712145656,5.439041253745103
2,3.577951187116055,12.115177883000039,114.12767918875318,5.462088038718605
2,4.051137306989872,26.307241355999974,112.9638165475916,7.513251901359752
2,4.409762576788976,28.38412912899997,114.92279327033879,6.9831758469693455
2,3.4102606674414746,17.99969140800002,110.29038949066606,5.853883383268055
2,3.5995351153910016,20.076578767,112.3185065683337,5.6349389260197995
2,3.4882948696662797,16.96124762300001,110.18667895828531,6.118921410463244
2,3.6111572306159725,15.922803124999994,112.7448720903434,6.487669970039178
2,3.6327411588909184,17.999691140999918,112.9638165475916,6.015210878082499
2,4.17233936576457,27.69183290699993,112.26088960589998,6.222631942843961
2,3.2907189108417736,21.46117017699997,110.95874625489743,5.98064070062226
2,3.788809563340528,22.84576223599996,112.27241299838673,7.2021203042175586
2,3.7340195915656653,16.615099274000023,113.83959437658446,5.657985710993316
2,3.3040013282417404,9.69214167799999,111.01636321733119,5.819313205807788
2,3.6958326415407607,19.730431186000054,111.70776676653607,6.049781055542752
2,4.097625767889756,26.30724151300001,110.50933394791427,6.579857109933172
2,3.6244396480159393,23.88420585299998,112.86010601521087,6.591380502419909
2,3.539764237091151,25.961093898000037,111.96128140124453,5.911500345701782
2,3.4567491283413583,17.6535430340001,112.80248905277715,5.681032495966818
2,3.473352150091317,31.15331162600002,112.49135745563494,6.234155335330712
2,3.7506226133156235,38.76856622200005,113.26342475224706,7.248213874164563
2,4.026232774364935,34.26864376699999,113.35561189214106,6.5913805024199235
2,4.102606674414743,30.807164605999997,114.1852961511869,6.602903894906646
2,3.5082184957662297,15.230508091999965,112.29545978336022,6.2572021203042
2,3.8303171177154245,25.614945203999984,113.51693938695553,5.519705001152346
2,3.574630582766064,25.268797232000026,113.63217331182301,6.141968195436732
2,3.90004980906525,24.57650116,113.36713528462778,6.660520857340387
2,3.4667109413913333,36.69167836299988,110.91265268495046,5.427517861258352
2,3.4866345674912838,17.307395892999995,112.28393639087346,6.453099792578939
2,3.473352150091317,20.076578430000062,111.67319658907581,6.245678727817463
2,3.8552216503403622,20.076579297999967,112.87162940769761,6.049781055542738
2,3.582932093641043,19.730430787000124,111.15464392717216,5.31228393639087
2,3.7074547567657317,13.15362110400009,113.59760313436276,7.582392256280258
2,3.3438485804416405,18.691987657999952,111.06245678727818,6.026734270569264
2,3.465050639216338,15.57665595999992,111.40815856188063,6.303295690251218
2,3.5663290718910843,9.692141075000048,111.46577552431435,6.8794653145886
2,3.6974929437157567,14.538212673999988,110.9011292924637,5.865406775754778
2,3.1163871824672094,19.03813542399997,110.9472228624107,5.681032495966804
2,3.582932093641043,23.884205692000016,112.82553583775064,6.93708227702237
2,3.777187448115557,22.153466286000054,112.24936621341324,6.430053007605437
2,3.6393823675909016,25.61494610499995,112.13413228854574,5.923023738188519
2,3.3554706956666114,16.615099866000016,109.82945379119613,5.266190366443894
2,3.669267806740827,18.691987669000042,111.75386033648307,7.098409771836842
2,3.2326083347169186,18.345838991999997,110.98179303987095,5.784743028347549
2,3.7987713763905036,21.115022980000006,114.17377275870015,7.570868863793493
2,3.3206043499916986,20.422726585999985,110.50933394791427,5.300760543904147
2,3.8751452764403123,23.884205783000002,113.41322885457478,7.179073519244071
2,3.9066910177652336,25.268797715000055,112.09956211108549,5.773219635860784
2,3.4766727544413087,17.307395334000066,112.13413228854574,6.049781055542752
2,3.6958326415407607,16.61509928099991,111.93823461627103,6.453099792578925
2,3.6194587414909516,21.461170922000075,112.11108550357226,6.718137819774157
2,3.3023410260667445,20.768874377000007,113.24037796727357,4.8974418068679455
2,3.589573302341026,19.038135209000007,112.23784282092649,5.957593915648772
2,3.7240577785156903,15.922803964000044,113.21733118230006,6.672044249827138
2,3.670928108915823,19.73043161899987,114.16224936621342,6.522240147499417
2,3.793790469865516,18.34583976899992,112.75639548283014,6.453099792578939
2,3.782168354640545,20.076579045000056,111.62710301912884,6.153491587923483
2,3.5298024240411756,23.538057571999975,111.63862641161558,6.153491587923469
2,4.155736344014611,19.730430632000083,114.35814703848813,6.522240147499431
2,2.93209364104267,24.230353954999977,110.62456787278174,5.784743028347549
2,3.2458907521168854,20.076579493000096,113.13666743489283,5.657985710993316
2,3.670928108915823,17.653543198000094,112.09956211108549,6.303295690251204
2,3.8087331894404786,20.422726801000017,111.23530767457939,7.317354229085041
2,3.777187448115557,26.30724195499992,113.19428439732657,6.487669970039178
2,3.800431678565499,27.691833325999976,112.27241299838673,5.358377506337874
2,4.130831811389673,21.807318246000044,113.2749481447338,6.360912652684945
2,3.677569317615806,27.34568545600009,113.43627563954828,5.946070523162007
2,4.086003652664785,26.307241709999996,114.19681954367367,5.174003226549914
2,3.7107753611157235,14.884359900999913,111.32749481447337,6.245678727817449
2,3.2790967956168027,16.96124824800006,112.35307674579396,6.591380502419895
2,3.3156234434667113,20.07657873700004,110.31343627563955,5.5427517861258195
2,3.8635231612153413,23.19190991200003,114.00092187139894,6.476146577552441
2,3.682550224140794,20.42272667599994,113.30951832219405,6.476146577552427
2,3.5347833305661633,19.038135580000045,110.35952984558655,5.289237151417382
2,3.669267806740827,23.191910261999986,112.65268495044943,7.398017976492298
2,3.6227793458409434,29.422572498000036,112.5259276330952,5.715602673427057
2,3.465050639216338,31.15331220800009,112.18022585849275,5.1509564415763975
2,3.7273783828656817,27.69183310200013,111.94975800875777,6.545286932472919
2,3.6277602523659307,15.922803821000128,113.92025812399172,6.856418529615141
2,4.0195915656649515,16.268952277000146,112.28393639087346,6.810324959668108
2,3.4351652000664123,17.653543140000032,110.9011292924637,5.669509103480053
2,3.5331230283911674,22.153465868000044,110.93569946992395,6.291772297764453
2,3.6227793458409434,14.884359821000016,112.97533994007836,6.522240147499431
2,3.3903370413415246,17.65354302000005,112.09956211108549,5.7847430283475205
2,3.871824672090321,23.19191088500004,114.31205346854114,7.340401014058543
2,3.9548397808401132,28.730276641999936,112.30698317584698,7.732196358607979
2,3.2209862194919476,14.53821282900003,111.96128140124453,5.531228393639097
2,3.5082184957662297,26.999537488999884,111.18921410463241,5.796266420834314
2,3.6991532458907526,24.576501400000033,111.67319658907581,6.453099792578925
2,4.002988543914993,22.153465690999962,112.7448720903434,7.2597372666513
2,3.657645691515856,27.691833445999958,111.54643927172158,6.821848352154859
2,3.8983895068902545,29.76872004799999,113.63217331182301,5.934547130675284
2,3.7506226133156235,21.115022149000016,112.43374049320121,5.542751786125848
2,3.969782500415076,20.422726583000095,114.5194745333026,6.625950679880148
2,3.4550888261663624,24.576501175000015,113.02143351002536,5.773219635860812
2,3.7655653328905863,18.34583963300003,111.92671122378428,6.245678727817477
2,3.667607504565831,22.49961366600002,112.3185065683337,6.625950679880134
2,3.5978748132160057,20.422726689000093,112.50288084812168,6.752707997234367
2,3.3189440478167027,20.76887407400002,111.00483982484444,6.141968195436732
2,3.4899551718412756,19.03813498399992,112.56049781055543,5.254666973957129
2,3.353810393491616,21.461170340999963,112.95229315510487,6.78727817469462
2,3.689191432840777,23.53805863499987,112.54897441806868,6.395482830145198
2,3.6360617632409102,22.49961456800009,112.46831067066145,5.646462318506579
2,3.5231612153411924,13.499769319000043,112.4106937082277,6.16501498041022
2,3.5015772870662465,22.499613867999894,109.4607052316202,6.579857109933172
2,4.012950356964968,19.73043102700002,112.89467619267113,6.499193362525929
2,3.353810393491616,27.345685749999987,112.84858262272412,5.45056464623184
2,3.589573302341026,23.191910367999917,111.5003457017746,5.51970500115236
2,3.6260999501909352,25.61494473599997,111.39663516939386,6.2572021203042
2,3.5347833305661633,15.576656039999955,111.23530767457939,6.78727817469462
2,3.5547069566661134,17.999691119000016,112.11108550357226,6.5913805024199235
2,3.848580441640379,30.11486801799995,113.62064991933624,6.176538372896971
2,4.486136476838785,28.730276429000043,113.63217331182301,7.109933164323579
2,3.913332226465217,25.61494519799999,112.33002996082047,6.326342475224706
2,3.9481985721401296,35.307086833,112.35307674579396,6.867941922101849
2,3.7456417067906362,18.691987513000036,112.09956211108549,6.314819082737941
2,3.558027561016105,23.191910066999927,112.53745102558193,5.911500345701768
2,3.747302008965632,16.961247496999967,111.48882230928785,5.473611431205356
2,3.9432176656151423,17.99969217599999,113.75893062917723,6.810324959668122
2,3.551386352316122,16.615099502000074,111.89214104632403,6.948605669509092
2,3.9631412917150923,15.922804413999874,112.88315280018438,6.245678727817477
2,3.5148597044662133,13.153620587000036,110.99331643235769,6.810324959668122
2,3.6161381371409598,14.884360798000026,111.1200737497119,6.303295690251204
2,3.4434667109413915,22.499614010000126,112.30698317584698,5.911500345701782
2,3.463390337041342,20.42272677999994,111.54643927172158,6.234155335330712
2,3.6460235762908852,23.538058048000046,111.15464392717216,6.64899746485365
2,3.6858708284907857,17.30739559599993,111.55796266420835,5.2431435814703775
2,3.760584426365599,23.191910124000028,113.0329569025121,6.660520857340401
2,3.8087331894404786,13.499768917999907,112.42221710071445,7.778289928554955
2,3.5281421218661797,20.42272671999995,113.92025812399172,5.899976953215045
2,3.098123858542255,14.884359788999989,111.66167319658908,5.26619036644388
2,3.579611489291051,23.19191009499989,110.30191288315281,6.867941922101878
2,3.577951187116055,22.499614408999985,113.64369670430973,5.8769301682415005
2,3.252531960816869,13.499768572999976,112.47983406314819,5.577321963586073
2,3.9515191764901214,23.191909654000018,112.71030191288315,6.890988707075351
2,3.3139631412917154,14.884359833999966,110.76284858262272,6.061304448029489
2,3.760584426365599,21.807318221999868,111.1200737497119,6.061304448029503
2,3.6460235762908852,25.26879736100003,112.79096566029038,6.545286932472905
2,3.647683878465881,14.884360341000033,112.59506798801566,6.844895137128347
2,3.969782500415076,24.230354536000018,112.98686333256511,7.2597372666513
2,3.5530466544911175,23.191910138000008,112.82553583775064,6.8333717446416244
2,3.77220654159057,14.884360270000021,112.79096566029038,6.798801567181371
2,3.383695832641541,21.46117023299997,111.05093339479141,5.3929476837980985
2,3.328905860866678,21.115022593000063,112.7679188753169,5.980640700622274
2,4.213846920139465,19.038135508,112.3185065683337,6.764231389721118
2,3.5530466544911175,30.46101618099997,112.73334869785666,6.775754782207898
2,3.903370413415242,31.49945968099997,111.36206499193362,6.453099792578939
2,3.571309978416072,22.845762231999966,111.00483982484444,6.084351233002991
2,3.5264818196911842,27.345685042000007,112.50288084812168,5.197050011523373
2,3.9415573634401464,15.576655927,113.3210417146808,7.0984097718368275
2,3.453428523991367,16.61509947599983,111.67319658907581,5.439041253745103
2,3.659305993690852,24.23035445799998,112.82553583775064,6.960129061995858
2,4.022912170014943,21.807317947000055,114.46185757086886,5.611892141046312
2,3.5248215175161883,24.23035436299993,111.89214104632403,5.508181608665595
2,3.2923792130167695,16.96124785899998,113.24037796727357,6.579857109933187
2,3.503237589241242,16.961247044999933,111.8114772989168,6.545286932472905
2,3.592893906691018,18.691987358,112.35307674579396,5.923023738188519
2,3.662626598040844,17.30739606299998,112.62963816547591,6.211108550357224
2,3.563008467541093,20.42272693200002,113.25190135976031,7.570868863793507
2,3.6327411588909184,21.461170562999882,113.2749481447338,6.764231389721132
2,3.348829486966628,21.461170649999943,113.21733118230006,6.372436045171696
2,3.393657645691516,16.961246884999863,110.76284858262272,6.545286932472905
2,3.1462726216171344,15.922803469999927,111.8806176538373,5.508181608665609
2,3.737340195915657,19.38428360099997,112.71030191288315,5.231620188983641
2,3.3438485804416405,22.153466227000024,109.14957363447799,5.462088038718591
2,3.26415407604184,20.768875055000024,109.56441576400091,5.508181608665581
2,4.027893076539931,17.999691345,113.75893062917723,6.072827840516254
2,3.340527976091649,28.38412827700004,111.4542521318276,6.199585157870473
2,3.5231612153411924,22.84576202399989,112.35307674579396,4.713067527079957
2,3.748962311140628,29.076424528000146,112.65268495044943,6.211108550357224
2,3.484974265316288,23.191910779999933,112.24936621341324,5.531228393639083
2,3.6128175327909684,25.614945567999925,111.63862641161558,5.600368748559561
2,3.2276274281919313,17.99969159199992,112.6987785203964,5.3353307213643575
2,3.6211190436659475,23.538057728999945,112.4567872781747,6.6489974648536645
2,3.747302008965632,12.46132469699998,112.6987785203964,5.4851348236920785
2,3.7223974763406944,21.807318210000023,114.25443650610741,5.727126065913822
2,3.8651834633903372,26.653389304999997,110.95874625489743,7.409541368979021
2,3.7207371741656985,21.115023062999935,114.2083429361604,6.199585157870473
2,3.813714095965466,26.307241372999986,112.35307674579396,7.3980179764922696
2,3.3206043499916986,17.999691933000065,111.44272873934086,5.381424291311362
2,4.069400630914827,21.461170237999994,112.65268495044943,7.156026734270583
2,4.0876639548397815,20.422726880000017,114.95736344779903,6.614427287393397
2,3.679229619790802,15.230508656999818,113.15971421986633,6.614427287393411
2,3.4019591565664955,13.499768973999902,114.07006222631944,6.003687485595762
2,3.1911007803420226,17.307395677,110.4978105554275,6.199585157870459
2,3.802091980740495,25.61494579499987,113.26342475224706,7.167550126757305
2,3.7124356632907194,26.65338896699995,113.55150956441575,6.637474072366899
2,3.8651834633903372,26.999536726000013,112.49135745563494,6.522240147499417
2,4.164037854889591,15.92280405200007,113.0790504724591,5.807789813321051
2,3.3255852565166863,27.69183304800006,110.99331643235769,5.208573404010139
2,3.993026730865018,19.730430583000043,112.99838672505184,7.236690481677783
2,3.5264818196911842,21.115022351999993,111.2122608896059,5.531228393639097
2,3.9398970612651505,16.268951764999912,112.49135745563494,6.764231389721132
2,3.6759090154408107,18.345839403000053,112.20327264346624,5.75017285088731
2,3.3770546239415578,15.57665605499997,109.92164093109011,6.165014980410234
2,3.6759090154408107,15.230508049000058,113.0790504724591,6.533763539986182
2,3.5264818196911842,20.422727201999944,110.41714680802028,6.764231389721118
2,3.395317947866512,12.807472587999941,111.39663516939386,5.623415533533063
2,3.252531960816869,11.422881179000004,110.15210878082506,5.865406775754778
2,4.037854889589906,22.153465771000064,113.88568794653146,7.017746024429584
2,3.5430848414411424,18.69198733899992,111.60405623415532,6.268725512790965
2,3.285738004316786,20.076579033,111.97280479373129,5.692555888453569
2,3.9249543416901878,23.191910408000005,112.26088960589998,6.395482830145198
2,3.4252033870164373,13.499767895000028,110.33648306061306,5.565798571099336
2,3.295699817366761,25.61494568399998,111.08550357225167,5.2431435814703775
2,3.903370413415242,19.73043084200002,112.95229315510487,6.095874625489756
2,3.747302008965632,11.076733266999968,114.49642774832911,7.686102788660975
2,4.05611821351486,44.653080433000035,113.95482830145194,6.407006222631935
2,3.8087331894404786,19.038135382000096,112.54897441806868,6.925558884535604
2,4.1075875809397315,28.73027602299995,114.04701544134592,7.305830836598275
2,3.9282749460401796,18.691987009,111.73081355150956,6.867941922101849
2,4.0079694504399805,34.61479164499993,113.6552200967965,6.706614427287391
2,3.375394321766562,15.576656071999844,112.9638165475916,5.969117308135495
2,3.493275776191267,21.807318612999946,109.86402396865638,6.176538372896985
2,3.6227793458409434,18.34583923699985,112.43374049320121,6.579857109933172
2,3.6128175327909684,15.576656039999955,112.84858262272412,5.738649458400545
2,3.5198406109912006,22.845762215000022,111.8345240838903,6.049781055542752
2,3.5464054457911343,12.80747232499997,111.8114772989168,6.268725512790951
2,3.383695832641541,20.42272726900003,113.24037796727357,5.1048628716294076
2,3.194421384692014,27.34568531900003,111.65014980410233,5.1855266190366365
2,4.202224804914494,18.691986830999955,114.41576400092188,5.830836598294553
2,4.021251867839947,21.115022935999995,112.3185065683337,7.812860106015194
2,3.667607504565831,26.653388850999963,112.7679188753169,6.407006222631949
2,4.235430848414412,26.653389756999893,111.70776676653607,7.328877621571792
2,3.3322264652166695,21.46117049200001,111.43120534685411,7.755243143581467
2,3.672588411090819,12.115176532999996,112.43374049320121,6.5568103249596845
2,3.4899551718412756,13.845916662999988,111.97280479373129,6.337865867711457
2,3.700813548065748,26.999537374999964,111.92671122378428,6.637474072366899
2,4.046156400464885,19.730430570000024,113.17123761235308,7.0407928094030865
2,4.115889091814711,17.653543302000028,112.81401244526388,6.441576400092188
2,3.538103934916155,32.53790342500007,112.20327264346624,6.430053007605437
2,3.0948032541922634,12.461325268000033,111.39663516939386,5.415994468771615
2,3.870164369915325,24.576501900000075,111.76538372896981,6.291772297764453
2,3.4434667109413915,20.076578817000005,111.47729891680112,6.14196819543676
2,3.8103934916154745,24.576501965000023,113.53998617192902,6.176538372896971
2,3.760584426365599,19.038135218999926,112.16870246600598,6.602903894906646
2,3.592893906691018,14.538212472000044,112.51440424060843,5.946070523162021
2,3.770546239415574,24.57650222899989,112.37612353076747,5.84235999078129
2,3.7207371741656985,20.768874726000004,111.10855035722518,5.542751786125848
2,3.8967292047152586,24.922649172000042,114.43881078589537,7.997234385803168
2,3.7539432176656153,16.268951711000053,112.44526388568794,7.0407928094030865
2,3.7157562676407108,23.884206148000047,113.55150956441575,6.141968195436732
2,3.8103934916154745,13.845915861000062,111.92671122378428,7.640009218713999
2,3.68421052631579,15.922803658000028,111.70776676653607,7.006222631942833
2,3.8502407438153745,13.499768737000108,114.13920258123991,6.971652454482594
2,3.1927610825170185,25.961092933000014,111.5694860566951,6.072827840516254
2,3.3787149261165537,20.768875069000007,112.4106937082277,5.577321963586073
2,3.7124356632907194,26.653389069000095,112.9407697626181,7.006222631942833
2,3.2674746803918318,18.691986893999978,112.35307674579396,6.176538372896985
2,3.0682384193923298,14.192064968999926,112.122608896059,6.545286932472919
2,3.3870164369915328,15.922803767999884,112.44526388568794,6.084351233002991
2,3.770546239415574,23.19190987299997,111.76538372896981,6.994699239456082
2,3.660966295865848,17.307395968999966,112.50288084812168,6.556810324959642
2,3.5215009131661965,24.922649687999993,112.39917031574096,6.7988015671813855
2,3.358791300016603,23.884205615000013,113.42475224706155,6.1995851578705015
2,3.8635231612153413,19.38428313599999,112.4567872781747,6.211108550357224
2,3.0068072389174834,19.03813441400004,108.40055312283936,5.4966582161788295
2,3.8103934916154745,16.61510042400005,113.52846277944226,7.593915648766995
2,3.6759090154408107,38.768566054000054,112.24936621341324,6.948605669509121
2,3.151253528142122,20.768874423000085,110.26734270569256,5.715602673427057
2,3.81205379379047,15.230507763999908,112.73334869785666,8.40055312283937
2,3.8983895068902545,12.115176764000076,111.71929015902282,6.637474072366899
2,3.768885937240578,23.884206142000053,113.83959437658446,5.946070523162007
2,3.54806574796613,25.614945302999956,110.38257663056004,5.923023738188519
2,3.8220156068404454,24.922649345000128,112.57202120304217,5.081816086655891
2,3.8386186285904036,26.999537071000013,113.59760313436276,7.605439041253746
2,3.6194587414909516,21.11502303499997,112.7448720903434,6.049781055542766
2,3.9747634069400632,38.07627044400005,112.73334869785666,5.75017285088731
2,3.3139631412917154,14.884359819999984,111.5694860566951,6.245678727817477
2,3.6460235762908852,16.615099816999976,112.29545978336022,6.16501498041022
2,3.800431678565499,32.191756117000004,112.92924637013138,7.847430283475461
2,3.9648015938900882,26.30724115199996,113.3210417146808,6.314819082737969
2,3.559687863191101,17.999691479999925,112.15717907351926,6.130444802950009
2,3.8618628590403454,16.615099486000027,112.79096566029038,7.2597372666513
2,3.375394321766562,8.999845656999932,110.84351233002995,4.943535376814921
2,2.9835630084675415,16.961248115000064,110.98179303987095,6.3609126526849735
2,4.504399800763739,21.807318589000047,112.01889836367826,6.418529615118686
2,3.7406608002656485,13.8459162509999,111.60405623415532,6.291772297764453
2,3.577951187116055,22.49961465099995,113.00991011753861,7.006222631942848
2,3.1811389672920476,17.653543728999992,111.22378428209265,5.335330721364386
2,3.670928108915823,23.191910119999964,111.7423369439963,5.738649458400545
2,3.28407770214179,18.691986781999987,113.59760313436276,5.911500345701782
2,3.604516021915989,19.038135714999974,110.42867020050704,6.614427287393411
2,4.086003652664785,17.9996911360001,113.42475224706155,6.545286932472948
2,3.790469865515524,17.999691948000077,112.80248905277715,5.911500345701782
2,4.188942387514528,24.922649197000045,114.24291311362065,6.510716755012666
2,4.281919309314295,21.461170818000003,112.92924637013138,7.017746024429599
2,3.901710111240246,23.884205866000066,113.21733118230006,6.55681032495967
2,4.293541424539266,24.23035411599994,113.02143351002536,7.928094030882704
2,3.5447451436161383,17.653543678000023,112.11108550357226,6.199585157870473
2,3.5430848414411424,20.422727059000028,112.47983406314819,7.121456556810315
2,3.5464054457911343,13.845916397999952,112.34155335330722,6.211108550357224
2,3.6327411588909184,23.53805837100001,109.79488361373588,5.93454713067527
2,3.4102606674414746,21.115022772999964,110.92417607743718,6.0267342705692215
2,4.086003652664785,27.691832866999984,113.63217331182301,6.718137819774157
2,3.3554706956666114,21.461170164999917,111.07398017976493,5.692555888453569
2,3.5264818196911842,19.038134742999922,112.92924637013138,6.28024890527773
2,4.228789639714428,24.23035423,112.38764692325421,6.533763539986168
2,3.3571309978416073,23.884205882000046,111.98432818621802,6.291772297764453
2,3.5082184957662297,19.03813487300003,110.72827840516248,6.153491587923483
2,3.307321932591732,15.922804266000067,112.09956211108549,7.766766536068204
2,4.054457911339864,15.230508623000002,111.86909426135054,7.075362986863325
2,3.4882948696662797,16.615099465999982,113.24037796727357,6.072827840516254
2,3.162875643367093,16.96124715299993,112.1456556810325,5.31228393639087
2,3.1329902042171676,17.999691181000003,112.65268495044943,6.015210878082527
2,3.207703802091981,20.76887471199995,111.40815856188063,6.418529615118686
2,3.7290386850406776,17.65354377199997,112.44526388568794,5.899976953215017
2,3.858542254690354,22.84576244800003,112.04194514865176,5.692555888453555
2,3.451768221816371,20.422726660000027,112.38764692325421,5.404471076284864
2,3.574630582766064,19.730430924999943,113.63217331182301,6.971652454482623
2,3.5331230283911674,28.037980872999896,112.1456556810325,5.738649458400545
2,4.110908185289723,23.191910600999996,113.19428439732657,7.4325881539525085
2,3.481653660966296,17.307395454000048,112.35307674579396,6.752707997234381
2,3.382035530466545,19.38428337299999,111.48882230928785,6.015210878082499
2,3.4451270131163874,24.576501220000058,112.16870246600598,5.888453560728266
2,3.458409430516354,17.307395544,111.03941000230468,5.819313205807788
2,3.714095965465715,18.34583985899994,113.15971421986633,5.231620188983655
2,3.4999169848912506,12.461324756000009,111.35054159944688,5.531228393639083
2,3.674248713265815,31.15331207500009,111.8806176538373,6.418529615118715
2,3.254192262991865,17.99969185900002,112.1456556810325,5.2431435814703775
2,3.5364436327411592,17.307395648000004,111.66167319658908,5.980640700622274
2,3.6211190436659475,17.999691350000028,112.16870246600598,7.2597372666513
2,3.4965963805412588,19.384283126000003,111.84604747637705,6.245678727817477
2,3.5314627262161715,16.96124731299993,111.00483982484444,5.761696243374061
2,3.7522829154906194,19.038135186999966,112.4567872781747,6.533763539986182
2,3.6194587414909516,16.615099717000106,113.0329569025121,7.07536298686334
2,3.4418064087663955,22.153465880000027,111.98432818621802,5.0818160866559055
2,3.5215009131661965,20.768874490999995,112.80248905277715,4.60935699469924
2,3.4567491283413583,16.61509936800011,112.05346854113851,6.37243604517171
2,4.089324257014777,18.345838636000046,113.53998617192902,4.8052546669739655
2,4.325087165864187,22.499614246000025,113.3901820696013,5.727126065913808
2,4.095965465714761,17.653543460999927,112.44526388568794,7.179073519244042
2,4.1275112070396816,19.73043081799998,113.41322885457478,7.570868863793493
2,3.5663290718910843,19.038135250999883,112.20327264346624,6.37243604517171
2,3.6244396480159393,20.076578745999996,112.44526388568794,6.430053007605437
2,3.4218827826664455,24.922649558000025,111.71929015902282,6.55681032495967
2,3.207703802091981,21.80731822300011,112.42221710071445,5.819313205807788
2,3.986385522165034,20.422726355000044,111.28140124452639,7.455634938926025
2,3.382035530466545,17.99969105999999,112.9638165475916,5.0933394791426565
2,3.682550224140794,20.422727069000015,111.69624337404933,6.787278174694649
2,3.2326083347169186,22.49961369899994,111.89214104632403,6.372436045171696
2,3.561348165366097,23.19190998100004,112.35307674579396,5.1509564415763975
2,3.3139631412917154,16.961248129999937,112.83705923023739,6.02673427056925
2,3.5347833305661633,16.268952047999996,112.39917031574096,6.211108550357224
2,3.8535613481653663,17.307394847999937,114.66927863563032,6.222631942843961
2,3.7157562676407108,10.384437382999906,111.15464392717216,6.291772297764453
2,4.017931263489955,29.768720356000074,113.1481908273796,6.55681032495967
2,3.453428523991367,21.461170970000012,111.05093339479141,5.773219635860784
2,3.9415573634401464,21.461170220999982,113.24037796727357,7.432588153952537
2,3.4982566827162547,25.96109311899998,112.64116155796266,7.2827840516247875
2,3.6858708284907857,23.884205373999876,112.60659138050242,5.738649458400545
2,4.047816702639881,15.92280361999994,111.35054159944688,6.718137819774157
2,3.172837456417068,21.807318555000023,109.51832219405392,5.012675731735413
2,3.7091150589407276,18.691987000000047,113.21733118230006,6.11892141046323
2,3.17615806076706,21.46117062300001,110.19820235077206,5.646462318506565
2,3.3986385522165037,15.230507599999983,111.8806176538373,6.533763539986182
2,3.4351652000664123,12.461324548000071,113.63217331182301,6.383959437658461
2,3.1263489955171844,17.307395938999935,111.65014980410233,5.946070523162021
2,3.3222646521666945,16.61510016900007,111.89214104632403,6.176538372896971
2,3.7323592893906694,15.922804142000022,112.80248905277715,5.231620188983641
2,3.7057944545907358,18.345839179,112.82553583775064,7.0984097718368275
2,4.169018761414578,32.884051555999854,112.86010601521087,8.181608665591142
2,3.370413415241574,17.307396070000006,111.79995390643005,6.360912652684945
2,3.297360119541757,20.768874348000008,111.18921410463241,6.118921410463244
2,3.858542254690354,23.53805756300002,113.24037796727357,6.188061765383736
2,3.7273783828656817,37.03782666099997,111.08550357225167,5.888453560728266
2,3.577951187116055,17.307395123999992,112.51440424060843,6.222631942843975
2,3.783828656815541,20.07657878299998,112.36460013828071,5.519705001152346
2,4.313465050639216,24.922649338000035,113.71283705923022,7.4441115464392595
2,3.6427029719408934,16.615099751999885,111.89214104632403,6.326342475224692
2,3.891748298190271,19.730430765999976,112.59506798801566,6.718137819774128
2,3.54806574796613,26.99953678200001,112.56049781055543,6.798801567181371
2,3.9365764569151587,19.730430449999837,110.97026964738419,7.2021203042175586
2,3.956500083015109,19.730430811999987,113.57455634938927,7.536298686333254
2,3.9531794786651173,19.730430894999984,112.72182530536989,6.16501498041022
2,3.873484974265317,24.576501251999947,112.98686333256511,6.141968195436746
2,3.3372073717416573,15.92280366399995,112.67573173542291,6.395482830145198
2,3.5530466544911175,25.614945459999927,111.02788660981793,6.003687485595762
2,3.3870164369915328,12.80747279199995,112.60659138050242,6.510716755012666
2,3.890087996015275,23.191909412999948,113.24037796727357,7.12145655681033
2,3.453428523991367,13.845916680999965,113.64369670430973,4.955058769301658
2,3.3040013282417404,20.768874427999975,111.37358838442037,5.22009679649689
2,3.451768221816371,29.768720545999965,111.66167319658908,5.369900898824625
2,3.3156234434667113,17.999691632000005,113.62064991933624,6.64899746485365
2,3.8386186285904036,25.614946142000075,113.41322885457478,7.455634938926025
2,3.8319774198904204,29.422572555,111.37358838442037,6.234155335330712
2,3.7639050307155903,30.114868012000027,112.43374049320121,5.669509103480081
2,3.7871492611655326,15.922803872000095,114.02396865637243,5.127909656602895
2,3.6078366262659807,16.9612473430001,110.99331643235769,7.1790735192440565
2,3.883446787315292,21.46117087700003,114.07006222631944,5.899976953215031
2,3.9382367590901546,17.653543028999934,114.00092187139894,7.570868863793507
2,3.428523991366429,20.768874527000087,111.89214104632403,6.591380502419909
2,3.986385522165034,21.80731803600004,112.46831067066145,6.003687485595762
2,3.6260999501909352,15.576656271000035,112.9407697626181,6.890988707075351
2,3.9083513199402296,21.807318083000016,111.89214104632403,6.672044249827138
2,3.3455088826166364,21.46117046699994,113.33256510716755,6.291772297764467
2,3.9365764569151587,23.19190989900001,109.84097718368288,5.554275178612599
2,3.353810393491616,15.922804257999939,112.95229315510487,5.462088038718591
2,3.7406608002656485,23.88420624899995,111.10855035722518,6.245678727817477
2,3.780508052465549,26.999536541000012,113.50541599446878,6.879465314588614
2,3.672588411090819,21.46117083700001,111.76538372896981,6.821848352154873
2,3.8751452764403123,15.92280390300002,113.5630329569025,6.718137819774142
2,3.5231612153411924,22.499614795999864,112.53745102558193,4.643927172159479
2,4.069400630914827,21.461171010000097,111.51186909426134,5.934547130675256
2,3.694172339365765,16.268952055999986,112.81401244526388,7.317354229085041
2,3.7223974763406944,25.961093272999847,111.00483982484444,6.165014980410248
2,3.6875311306657816,22.153467097,113.33256510716755,6.6029038949066745
2,3.714095965465715,11.07673287399996,113.92025812399172,6.764231389721161
2,3.780508052465549,15.230508042000032,113.18276100483982,6.395482830145198
2,3.8386186285904036,17.65354359999999,111.75386033648307,7.351924406545294
2,3.5015772870662465,17.30739592099996,112.89467619267113,6.165014980410248
2,3.358791300016603,17.307396067999942,113.0329569025121,5.404471076284864
2,3.8153743981404618,28.730276640000078,111.51186909426134,5.830836598294539
2,3.8535613481653663,20.42272707799997,112.6987785203964,5.681032495966804
2,3.46006973269135,18.34583926999998,112.72182530536989,6.821848352154859
2,3.662626598040844,15.230508737999957,111.70776676653607,7.30583083659829
2,3.8419392329403954,17.65354335599989,113.75893062917723,6.660520857340401
2,3.5978748132160057,22.49961479100004,113.90873473150495,5.980640700622274
2,3.450107919641375,23.884205973000032,112.4567872781747,6.37243604517171
2,3.9249543416901878,24.576501752999953,112.22631942843972,7.1905969117308075
2,3.8751452764403123,19.730430484,111.43120534685411,8.11246831067065
2,3.559687863191101,20.42272621499988,111.32749481447337,6.441576400092174
2,3.7423211024406444,13.845916116000042,112.60659138050242,6.349389260198194
2,3.3355470695666614,17.307395330999896,112.09956211108549,5.531228393639083
2,3.9398970612651505,29.07642436299991,114.21986632864716,6.003687485595762
2,3.7290386850406776,24.922649680000006,112.7448720903434,6.280248905277716
2,3.901710111240246,24.230353861999994,113.96635169393869,6.8333717446416244
2,3.4185621783164537,19.038134451000026,111.1200737497119,5.715602673427057
2,3.760584426365599,29.422572002999885,112.61811477298917,6.049781055542766
2,3.6211190436659475,19.038135533000073,111.14312053468541,6.8564185296151265
2,3.757263822015607,20.422726752999942,113.1481908273796,5.888453560728294
2,3.5148597044662133,21.11502284399984,111.5003457017746,6.257202120304228
2,3.81205379379047,21.807318568999936,113.77045402166397,6.372436045171682
2,3.2458907521168854,28.384128302999937,110.23277252823232,6.360912652684945
2,3.3272455586916823,20.768875003999987,110.86655911500345,5.277713758930631
2,3.9183131329902046,37.383974460999944,115.19935469002074,7.0984097718368275
2,4.112568487464719,22.15346612799998,114.00092187139894,7.0984097718368275
2,3.7423211024406444,32.88405140900008,113.20580778981333,6.683567642313903
2,4.049477004814877,11.76902885699993,112.81401244526388,7.0984097718368275
2,3.79213016769052,31.499459558000027,112.68725512790965,6.257202120304214
2,3.2259671260169354,21.807317957999867,111.65014980410233,6.061304448029503
2,3.049975095467375,19.384282582999983,112.09956211108549,4.97810555427516
2,3.194421384692014,23.884205248000043,109.73726665130215,5.600368748559589
2,3.6161381371409598,19.038135097000087,111.65014980410233,6.418529615118686
2,3.8303171177154245,19.38428272300001,114.09310901129292,6.637474072366899
2,3.2060434999169853,17.653543435000028,112.35307674579396,6.245678727817477
2,3.4119209696164705,15.922804385000086,112.11108550357226,6.407006222631949
2,3.934916154740163,26.99953648100002,113.88568794653146,6.291772297764467
2,3.559687863191101,16.615100006999867,113.25190135976031,5.3353307213643575
2,3.7854889589905367,21.46117033699997,111.14312053468541,6.672044249827152
2,3.3969782500415078,15.922803732,111.5003457017746,6.153491587923483
2,3.86020255686535,39.11471331899986,111.22378428209265,7.006222631942833
2,3.9083513199402296,18.691986879999995,113.6552200967965,5.439041253745103
2,3.076539930267309,29.42257267000002,110.48628716294078,5.22009679649689
2,3.871824672090321,24.922649529999994,112.35307674579396,6.418529615118686
2,3.2458907521168854,38.07627040499993,112.37612353076747,7.490205116386278
2,4.0876639548397815,26.307241608999956,113.45932242452177,7.1790735192440565
2,3.986385522165034,23.538057733999832,113.59760313436276,5.369900898824611
2,3.471691847916321,20.768874115000003,113.2749481447338,5.957593915648758
2,3.0898223476672757,24.576501453,110.53238073288776,6.245678727817477
2,3.3338867673916655,19.03813539399994,111.1200737497119,5.899976953215017
2,3.142952017267143,16.26895214800007,109.97925789352385,5.127909656602895
2,3.6875311306657816,26.307241664999882,112.16870246600598,6.418529615118672
2,3.5347833305661633,24.57650179100004,111.69624337404933,5.150956441576412
2,3.563008467541093,15.922804364000008,112.47983406314819,5.058769301682418
2,3.4252033870164373,20.076578282000046,110.19820235077206,5.600368748559575
2,3.86020255686535,16.961247468999932,111.69624337404933,7.040792809403101
2,4.132492113564669,32.19175576599994,111.92671122378428,6.522240147499431
2,3.9083513199402296,24.576502405000003,112.65268495044943,6.856418529615141
2,3.6344014610659143,22.153466852000008,113.71283705923022,6.360912652684945
2,3.6227793458409434,19.73043079899997,114.58861488822309,7.271260659138051
2,4.082683048314793,22.153466422000015,113.51693938695553,5.070292694169169
2,3.584592395816039,28.037980429999884,113.97787508642546,5.554275178612599
2,3.504897891416238,15.576655779999948,113.20580778981333,5.623415533533077
2,3.4252033870164373,21.46117063899999,112.06499193362527,7.12145655681033
2,3.098123858542255,20.0765788780001,111.48882230928785,7.017746024429599
2,3.8087331894404786,18.345838928000013,111.97280479373129,6.291772297764481
2,4.022912170014943,19.038134989000017,112.64116155796266,6.141968195436732
2,3.3770546239415578,11.422881453999958,112.13413228854574,5.3353307213643575
2,3.7257180806906858,23.538058245999927,113.0790504724591,5.462088038718605
2,3.9332558525651673,27.34568495900001,113.71283705923022,5.899976953215017
2,3.9199734351652005,23.884206431999953,112.58354459552893,6.28024890527773
2,3.6543250871658643,16.961248143000027,111.22378428209265,5.415994468771615
2,3.5978748132160057,21.461170262000035,112.87162940769761,5.381424291311333
2,3.7273783828656817,23.88420616299999,111.58100944918183,6.522240147499431
2,3.3355470695666614,25.26879762700003,110.40562341553353,4.955058769301672
2,4.002988543914993,17.653543330000062,112.50288084812168,6.718137819774128
2,3.637722065415906,13.845916552999991,110.65913805024199,5.93454713067527
2,3.9614809895400964,26.65338919800003,111.39663516939386,6.97165245448258
2,3.3023410260667445,13.153620217999928,111.75386033648307,6.199585157870487
2,3.783828656815541,15.922804140999988,112.77944226780363,4.724590919566722
2,3.2890586086667777,16.268952213999917,111.28140124452639,5.84235999078129
2,3.1811389672920476,11.769029618000081,111.75386033648307,5.600368748559589
2,4.047816702639881,29.076424052000004,113.22885457478682,6.7411846047476445
2,3.458409430516354,12.115177259999983,112.076515326112,5.980640700622246
2,3.8153743981404618,25.614945328000097,113.28647153722056,6.522240147499431
2,3.563008467541093,18.345839445000067,113.63217331182301,8.239225628024911
2,3.6410426697658975,23.191910415999992,113.0560036874856,5.692555888453555
2,3.8801261829653,17.999691110999958,112.34155335330722,6.5107167550126945
2,4.129171509214677,20.422726086000083,113.43627563954828,6.533763539986168
2,3.9183131329902046,23.884205629999958,112.13413228854574,6.107398017976493
2,3.493275776191267,29.768720354999903,112.51440424060843,7.570868863793493
2,3.7971110742155076,18.691987030000078,111.75386033648307,6.764231389721132
2,4.14411422878964,16.96124788900001,114.13920258123991,5.600368748559561
2,3.4799933587913,22.153466097999882,110.53238073288776,6.049781055542752
2,3.468371243566329,23.88420620799997,112.16870246600598,5.220096796496875
2,3.7190768719907026,16.96124786099998,112.95229315510487,6.118921410463244
2,4.051137306989872,17.653544229999998,112.9638165475916,6.383959437658447
2,3.194421384692014,13.499768885000053,110.2558193132058,5.565798571099336
2,3.0250705628424375,23.191910296999975,110.11753860336484,5.369900898824625
2,3.2226465216669435,18.345839045000034,110.14058538833834,5.761696243374061
2,4.120869998339698,18.345839903999988,113.586079741876,7.0868863793500765
2,3.4467873152913833,26.653389167000036,111.77690712145656,4.770684489513727
2,3.6177984393159557,23.191910179999883,113.22885457478682,6.6605208573404155
2,3.5762908849410597,13.499768923000005,112.42221710071445,5.93454713067527
2,3.7273783828656817,22.499614358999914,113.3901820696013,6.095874625489742
2,3.657645691515856,18.691987186999977,112.58354459552893,6.5568103249596845
2,3.4418064087663955,28.384128732999862,112.84858262272412,5.761696243374033
2,3.5264818196911842,19.038134882999877,110.44019359299378,6.026734270569264
2,3.3870164369915328,23.19190996999995,110.67066144272874,6.349389260198208
2,3.782168354640545,23.88420566600005,111.66167319658908,6.568333717446421
2,3.6011954175659975,23.538058362999948,111.89214104632403,6.729661212260879
2,3.382035530466545,34.96093942699993,112.21479603595299,6.683567642313903
2,3.669267806740827,29.076424328999956,112.56049781055543,6.107398017976507
2,3.6128175327909684,19.038135243000035,111.5003457017746,5.750172850887296
2,3.6974929437157567,21.807318282000068,113.25190135976031,5.84235999078129
2,3.5978748132160057,23.884205794000025,111.8806176538373,6.314819082737969
2,3.3255852565166863,20.07657893499999,110.6360912652685,6.326342475224706
2,3.7522829154906194,22.499614271000027,113.11362064991934,6.23415533533074
2,3.285738004316786,21.807317697999995,111.54643927172158,5.531228393639083
2,3.4467873152913833,22.499614171999983,112.33002996082047,6.153491587923497
2,3.8054125850904867,23.538058045999982,114.09310901129292,5.427517861258352
2,3.651004482815873,16.96124764500005,112.13413228854574,5.911500345701768
2,3.694172339365765,21.11502249799994,111.10855035722518,6.775754782207898
2,4.034534285239914,31.84560785099981,112.56049781055543,6.476146577552441
2,3.1163871824672094,8.653698048999985,110.64761465775523,4.701544134593192
2,3.8170347003154577,17.999692105000047,113.48236920949529,6.23415533533074
2,3.360451602191599,19.384282875000018,110.44019359299378,6.28024890527773
2,3.858542254690354,26.999536871000068,112.33002996082047,6.199585157870473
2,3.451768221816371,29.076424035999956,112.24936621341324,6.625950679880162
2,3.8801261829653,24.230353819000015,113.42475224706155,6.049781055542766
2,4.105927278764735,32.88405166199999,114.40424060843513,6.879465314588629
2,3.813714095965466,14.192063750999989,112.77944226780363,6.222631942843961
2,3.4202224804914496,21.80731791900002,110.41714680802028,6.245678727817463
2,3.8303171177154245,25.268797766999985,113.586079741876,6.107398017976493
2,3.689191432840777,35.65323468200002,111.92671122378428,5.565798571099336
2,3.8535613481653663,16.96124727499998,111.85757086886379,6.775754782207869
2,3.6277602523659307,13.153620408000027,112.4567872781747,6.234155335330726
2,4.022912170014943,19.384283136999954,114.41576400092188,6.487669970039207
2,3.7124356632907194,30.11486818899997,110.62456787278174,6.522240147499417
2,3.647683878465881,18.345838706000094,112.79096566029038,7.513251901359752
2,3.79213016769052,29.768720165000012,113.11362064991934,6.02673427056925
2,4.0079694504399805,29.76872018299999,113.43627563954828,6.51071675501268
2,3.274115889091815,22.15346578299998,111.02788660981793,6.130444802949967
2,3.481653660966296,28.0379808790001,112.21479603595299,6.7527079972343955
2,3.8153743981404618,27.345685133999957,113.36713528462778,6.810324959668108
2,4.072721235264819,22.153465944999976,113.0560036874856,6.579857109933172
2,3.416901876141458,17.307394962000135,111.29292463701314,6.7527079972343955
2,3.7556035198406112,15.576655952999964,112.00737497119151,6.522240147499403
2,3.451768221816371,18.345839740000063,111.30444802949988,5.473611431205356
2,3.46006973269135,18.691986886999953,111.2122608896059,5.876930168241543
2,3.3106425369417236,16.268951313000017,111.07398017976493,5.865406775754806
2,3.4401461065914,20.422726647999905,113.90873473150495,7.156026734270569
2,3.5547069566661134,17.307395824999876,114.46185757086886,5.969117308135509
2,3.8319774198904204,17.307396043000008,111.16616731965891,6.960129061995858
2,3.594554208866014,17.999690976999993,111.44272873934086,6.23415533533074
2,3.9183131329902046,24.23035336899991,111.43120534685411,6.856418529615112
2,3.670928108915823,23.538057870999967,112.51440424060843,6.395482830145184
2,3.8170347003154577,22.15346595999999,111.40815856188063,7.02926941691635
2,3.8967292047152586,24.57650209099986,114.25443650610741,6.222631942843989
2,4.137473020089657,24.57650131000008,114.30053007605439,5.911500345701754
2,3.098123858542255,21.461170014999976,111.09702696473842,5.611892141046312
2,3.3571309978416073,17.30739562599989,111.03941000230468,6.049781055542738
2,3.4550888261663624,23.19191013800008,112.49135745563494,5.70407928094032
2,3.0034866345674915,19.730431099999958,112.4106937082277,5.923023738188519
2,3.187780175992031,18.34583948899994,110.86655911500345,5.415994468771601
2,3.868504067740329,20.076579560000113,113.71283705923022,7.1445033417838175
2,3.802091980740495,15.576655954999893,113.68979027425674,6.038257663056001
2,3.667607504565831,24.576502259999952,112.36460013828071,6.084351233002991
2,4.291881122364271,18.34583900400005,114.0124452638857,5.853883383268041
2,3.240909845591898,15.230508148999997,112.19174925097948,5.427517861258352
2,3.5198406109912006,10.038289351999921,112.72182530536989,6.049781055542738
2,3.8054125850904867,21.115022953000008,114.19681954367367,5.819313205807802
2,4.097625767889756,22.49961349199997,114.04701544134592,6.199585157870459
2,3.26415407604184,12.807472634999982,109.92164093109011,6.268725512790951
2,3.3355470695666614,14.884359707999991,112.18022585849275,6.60290389490666
2,3.986385522165034,15.576656610000043,113.45932242452177,7.213643696704295
2,3.3206043499916986,29.76872036,110.11753860336484,5.692555888453555
2,3.5364436327411592,22.15346652100006,113.22885457478682,5.519705001152332
2,3.969782500415076,21.807317913000098,113.33256510716755,6.234155335330726
2,3.866843765565333,21.11502215500001,113.26342475224706,6.441576400092188
2,3.3372073717416573,18.691987425999976,112.99838672505184,5.876930168241515
2,3.7323592893906694,32.537903560999894,113.86264116155796,7.593915648766995
2,3.7871492611655326,22.153466292000115,112.6987785203964,6.533763539986154
2,4.034534285239914,18.345839298000083,112.09956211108549,7.20212030421753
2,3.6111572306159725,19.38428291400007,112.66420834293615,6.188061765383722
2,3.8286568155404286,25.961092696999977,112.9407697626181,6.55681032495967
2,3.7257180806906858,16.615099901000004,113.42475224706155,6.914035492048882
2,3.1130665781172175,19.384283436000015,111.92671122378428,5.3007605439041185
2,3.7854889589905367,21.461169912000006,113.66674348928325,7.2021203042175586
2,3.7987713763905036,20.76887479299995,111.8345240838903,7.017746024429599
2,3.4318445957164205,15.230507879000001,110.62456787278174,5.5773219635860585
2,3.164535945542089,17.307394988999995,111.18921410463241,5.75017285088731
2,3.465050639216338,22.49961426299997,111.65014980410233,6.038257663056015
2,3.6294205545409266,19.038134848000027,112.22631942843972,6.602903894906646
2,3.478333056616304,17.999691627000047,113.00991011753861,5.600368748559589
2,3.6294205545409266,22.153466108000007,111.35054159944688,6.7527079972343955
2,3.3322264652166695,13.845916795999987,110.73980179764922,6.430053007605423
2,3.1794786651170517,16.961248087999994,111.62710301912884,5.289237151417382
2,4.376556533289059,26.653389195999964,113.93178151647845,6.303295690251218
2,3.81205379379047,17.307395690000018,113.15971421986633,7.294307444111553
2,3.6543250871658643,14.538212369000005,113.15971421986633,6.234155335330726
2,4.022912170014943,25.614945117999888,113.21733118230006,6.441576400092174
2,3.5181803088162047,17.653543684000017,112.23784282092649,5.277713758930631
2,3.9166528308152087,17.653543536999965,113.82807098409774,6.487669970039207
2,3.669267806740827,26.999536722999984,111.76538372896981,5.496658216178844
2,3.229287730366927,12.11517629,111.37358838442037,6.418529615118686
2,3.5962145110410098,20.422726573000038,112.16870246600598,5.969117308135509
2,3.383695832641541,21.46117065200001,110.15210878082506,5.750172850887282
2,3.6344014610659143,17.999691280999944,113.3210417146808,4.51716985480526
2,3.981404615640047,18.691987685000022,112.27241299838673,6.672044249827152
2,3.471691847916321,36.34553101499994,112.51440424060843,6.960129061995843
2,3.8851070894902877,24.57650238999992,113.98939847891218,6.74118460474763
2,3.4252033870164373,14.884360027999989,110.53238073288776,4.759161097026961
2,3.5879130001660307,20.422726815999894,113.04448029499885,5.773219635860798
2,3.7755271459405613,15.922803874999987,113.34408849965429,6.64899746485365
2,3.3571309978416073,16.615099108000035,111.60405623415532,5.139433049089632
2,3.405279760916487,19.38428304299994,112.29545978336022,6.015210878082499
2,3.3969782500415078,19.38428315199997,110.86655911500345,6.257202120304214
2,3.659305993690852,19.038135228999913,112.77944226780363,6.395482830145198
2,3.7107753611157235,17.653542842000004,111.10855035722518,6.107398017976507
2,3.6393823675909016,13.845916423999988,111.60405623415532,6.303295690251204
2,3.647683878465881,19.384283479999958,113.10209725743259,6.07282784051624
2,3.8336377220654163,23.53805813500004,112.26088960589998,7.30583083659829
2,3.475012452266313,18.691986962000097,113.44779903203504,5.888453560728294
2,3.6260999501909352,13.153621247000077,113.18276100483982,5.323807328877606
2,3.8635231612153413,14.538212239999861,113.59760313436276,5.98064070062226
2,3.275776191266811,16.615099157999968,112.11108550357226,5.462088038718605
2,3.151253528142122,14.53821201500005,110.47476377045402,5.1509564415763975
2,3.7539432176656153,28.037980550000007,112.16870246600598,5.415994468771601
2,3.2193259173169517,12.461324815000035,109.97925789352385,6.268725512790965
2,3.458409430516354,20.07657923599998,111.2122608896059,5.727126065913794
2,3.358791300016603,15.230508407000075,112.58354459552893,5.531228393639097
2,3.504897891416238,12.807473041000009,110.55542751786125,6.038257663055987
2,3.8435995351153913,32.53790333900011,110.80894215256971,5.611892141046312
2,3.5314627262161715,14.88436029700002,112.5259276330952,5.75017285088731
2,3.7124356632907194,19.03813512000002,113.63217331182301,6.211108550357238
2,3.649344180640877,13.49976891900008,111.44272873934086,5.542751786125834
2,4.130831811389673,18.691987222999998,112.9638165475916,6.879465314588614
2,4.074381537439814,16.961247889999974,113.12514404240608,6.441576400092174
2,3.9083513199402296,31.845607592000043,113.3901820696013,7.2943074441115385
2,3.4318445957164205,14.88435970500003,112.97533994007836,6.038257663055987
2,3.8552216503403622,22.153466599000026,112.21479603595299,6.9946992394560965
2,3.3123028391167195,15.230508075999987,112.97533994007836,5.277713758930631
2,3.7091150589407276,19.038135261999972,111.70776676653607,6.349389260198194
2,3.3023410260667445,15.576656207999944,110.99331643235769,5.496658216178844
2,3.4866345674912838,15.230508060000007,110.6360912652685,6.026734270569264
2,3.758924124190603,19.730431391000028,114.61166167319658,6.545286932472905
2,3.682550224140794,18.69198655300011,112.21479603595299,5.876930168241529
2,3.4318445957164205,13.845916955999988,112.84858262272412,6.015210878082499
2,3.406940063091483,15.576655945000045,111.53491587923486,6.14196819543676
2,3.141291715092147,24.230353906999902,110.4978105554275,5.565798571099336
2,3.998007637390005,23.88420582299995,112.16870246600598,6.8794653145886
2,3.7273783828656817,19.384282844999987,112.57202120304217,6.199585157870473
2,3.8435995351153913,17.99969080000005,112.59506798801566,6.533763539986154
2,3.4434667109413915,18.691986716000002,113.20580778981333,6.46462318506569
2,4.228789639714428,21.807318695999875,114.79603595298455,5.773219635860798
2,3.491615474016271,18.691986847999967,112.42221710071445,6.222631942843975
2,3.8103934916154745,13.84591653599998,111.69624337404933,6.072827840516254
2,3.767225635065582,25.614945486999996,111.07398017976493,6.7411846047476445
2,3.428523991366429,19.03813495199996,111.1200737497119,6.314819082737941
2,3.37207371741657,14.538212240999965,112.65268495044943,6.038257663056015
2,2.9902042171675247,29.07642459100003,111.59253284166859,5.1740032265499
2,3.39199734351652,15.576655616999988,111.2583544595529,5.980640700622274
2,3.690851735015773,17.999691869000007,110.92417607743718,6.752707997234367
2,3.4351652000664123,25.268797590999938,111.9036644388108,6.5913805024199235
2,3.890087996015275,20.422726701999974,112.49135745563494,6.706614427287391
2,3.129669599867176,16.96124742800002,111.7423369439963,6.003687485595762
2,3.7456417067906362,22.499614722999993,112.37612353076747,7.063839594376603
2,3.6642869002158394,20.422726675000042,113.47084581700852,5.865406775754778
2,3.680889921965798,20.076578460999986,113.13666743489283,7.179073519244071
2,3.6344014610659143,22.845762148000077,111.5003457017746,6.02673427056925
2,4.012950356964968,26.30724139900002,111.03941000230468,6.856418529615112
2,3.393657645691516,19.38428264200008,109.84097718368288,6.372436045171696
2,3.692512037190769,24.23035325800002,113.0329569025121,6.625950679880148
2,3.6061763240909848,17.999691797000033,112.95229315510487,6.188061765383736
2,3.2575128673418563,15.576656520999986,111.13159714219867,5.22009679649689
2,3.9199734351652005,22.153466225999992,112.81401244526388,6.579857109933172
2,3.8087331894404786,22.153466356999996,112.9638165475916,6.683567642313889
2,3.9066910177652336,16.96124821000011,111.98432818621802,6.141968195436732
2,3.551386352316122,15.230508230999888,113.41322885457478,6.9025120995621165
2,3.873484974265317,28.03798078199998,112.35307674579396,7.3404010140585285
2,3.702473850240744,25.961093205000076,111.65014980410233,6.7411846047476445
2,3.5447451436161383,35.307087314000036,110.73980179764922,5.98064070062226
2,3.9731031047650673,18.345838818000086,113.48236920949529,7.37497119151881
2,4.031213680889922,23.19190975000003,111.41968195436735,6.441576400092174
2,3.365432508716587,19.384283338999968,112.24936621341324,5.634938926019828
2,3.700813548065748,14.192064033999863,112.73334869785666,6.326342475224706
2,3.39199734351652,13.153621037999898,110.8319889375432,6.061304448029475
2,3.5281421218661797,26.653389124999954,112.4106937082277,5.738649458400545
2,4.1872820853395325,20.076578429000097,114.68080202811709,5.934547130675284
2,4.01627096131496,31.499459580000067,115.51048628716293,6.591380502419909
2,3.6958326415407607,17.99969066700005,112.73334869785666,6.75270799723441
2,3.571309978416072,25.961093264999928,110.29038949066606,5.65798571099333
2,3.5978748132160057,16.268951991000034,112.88315280018438,6.476146577552427
2,3.944877967790138,22.153465709999903,112.59506798801566,7.5939156487669806
2,3.848580441640379,17.65354311500003,112.43374049320121,7.328877621571806
2,4.097625767889756,21.807318731999967,113.26342475224706,7.847430283475447
2,3.561348165366097,29.076425049000054,111.59253284166859,6.372436045171696
2,3.70413415241574,19.384282791999954,111.24683106706614,5.969117308135509
2,4.10426697658974,20.42272698399995,112.90619958515786,7.513251901359766
2,3.4102606674414746,17.999691292999998,110.65913805024199,5.623415533533077
2,3.674248713265815,19.730430601999913,110.84351233002995,7.363447799032031
2,3.5762908849410597,27.691832371999972,112.51440424060843,5.761696243374047
2,3.4550888261663624,25.96109342600003,111.98432818621802,6.729661212260893
2,3.406940063091483,17.99969154099995,111.35054159944688,5.807789813321037
2,3.7854889589905367,22.499613737999994,111.24683106706614,6.78727817469462
2,3.2475510542918813,25.61494519800006,111.89214104632403,5.784743028347549
2,3.186119873817035,15.576655917999975,109.3685180917262,5.1394330490896465
2,3.8070728872654827,14.884360571000009,111.98432818621802,8.227702235538146
2,3.591233604516022,17.99969117199998,112.23784282092649,5.104862871629422
2,2.8357961148929105,14.884360498000001,109.3224245217792,5.139433049089632
2,3.6360617632409102,22.845762148000006,113.86264116155796,6.902512099562102
2,3.6161381371409598,18.345839497,110.5899976953215,5.899976953215031
2,3.4368255022414083,27.691832894000054,111.59253284166859,5.88845356072828
2,3.8751452764403123,26.65338878800008,113.15971421986633,6.522240147499431
2,3.4119209696164705,17.653543526000014,111.92671122378428,6.476146577552427
2,3.858542254690354,13.845916417000032,113.57455634938927,5.969117308135523
2,3.6344014610659143,20.07657852499997,111.53491587923486,6.37243604517171
2,3.5198406109912006,27.691832776,111.97280479373129,6.280248905277716
2,4.057778515689856,25.61494541499995,113.41322885457478,7.536298686333254
2,3.6344014610659143,19.730430618999858,111.54643927172158,5.7847430283475205
2,3.6244396480159393,27.345685395999894,111.43120534685411,6.637474072366899
2,3.9066910177652336,31.49946010999993,114.2083429361604,6.222631942843961
2,3.5115391001162215,15.230508324000011,113.62064991933624,7.905047245909188
2,4.089324257014777,25.961093580999933,114.35814703848813,7.374971191518782
2,3.184459571642039,19.03813546399999,113.28647153722056,6.729661212260893
2,3.883446787315292,15.576655568000016,112.99838672505184,6.971652454482594
2,3.2043831977419894,17.999691490000053,113.48236920949529,5.911500345701782
2,3.5065581935912338,17.99969166000004,111.79995390643005,5.980640700622246
2,3.8502407438153745,20.07657892099994,112.46831067066145,7.97418760082968
2,3.2475510542918813,19.03813457399997,109.40308826918645,4.816778059460702
2,3.297360119541757,12.807473104999994,111.60405623415532,6.291772297764453
2,3.8967292047152586,29.76872028099993,112.20327264346624,5.957593915648758
2,3.448447617466379,14.192063974999904,112.11108550357226,6.545286932472919
2,3.773866843765566,26.307241061999942,111.66167319658908,7.455634938926025
2,3.589573302341026,24.23035349999991,112.26088960589998,6.326342475224706
2,3.6460235762908852,7.9614016149999465,111.58100944918183,6.856418529615112
2,4.094305163539764,19.384282881999976,110.9472228624107,5.335330721364386
2,3.6559853893408603,14.884360113999946,111.47729891680112,6.199585157870487
2,3.2043831977419894,39.46086240999999,111.67319658907581,6.038257663055987
2,3.5215009131661965,28.03798099899994,110.9011292924637,6.360912652684945
2,3.274115889091815,22.49961465200012,112.34155335330722,5.669509103480067
2,3.4866345674912838,31.499460480999897,111.69624337404933,6.268725512790979
2,3.7971110742155076,25.96109334799999,112.89467619267113,5.923023738188533
2,3.3305661630416736,18.691986526000044,111.70776676653607,5.554275178612585
2,3.680889921965798,16.268951531999974,111.36206499193362,6.418529615118686
2,3.8519010459903704,21.807318397999985,113.81654759161097,6.02673427056925
2,3.8203553046654495,23.191910046999954,111.39663516939386,5.6349389260197995
2,3.3438485804416405,14.192063739000073,111.1200737497119,6.072827840516226
2,3.7207371741656985,23.88420547600016,111.63862641161558,6.303295690251218
2,3.328905860866678,15.576656147999953,110.00230467849734,5.473611431205342
2,4.012950356964968,18.691987280999992,113.82807098409774,5.876930168241543
2,3.0151087497924625,21.115022873000044,109.89859414611662,5.70407928094032
2,3.2674746803918318,23.53805765499997,111.99585157870477,5.1855266190366365
2,3.1363108085671594,19.384283135999922,112.34155335330722,4.978105554275174
2,3.4351652000664123,15.9228040739999,112.42221710071445,5.819313205807788
2,3.473352150091317,18.345839638000058,112.06499193362527,6.222631942843975
2,3.37207371741657,15.92280313200009,109.21871398939848,5.369900898824625
2,3.993026730865018,23.191909459000097,114.72689559806406,5.923023738188519
2,3.559687863191101,25.961093208000037,110.5899976953215,5.98064070062226
2,3.6277602523659307,18.69198734800001,112.22631942843972,5.0011523392486765
2,4.200564502739499,34.268643518000005,113.586079741876,7.870477068448949
2,3.328905860866678,14.88435944399985,111.08550357225167,5.588845356072824
2,3.382035530466545,15.230508380999972,110.15210878082506,5.9345471306752415
2,3.478333056616304,23.19191036100003,111.9036644388108,6.107398017976507
2,3.26415407604184,15.576655111999987,111.5233924867481,5.830836598294525
2,4.067740328739831,27.69183301000004,112.83705923023739,5.681032495966832
2,3.9199734351652005,16.26895213699998,110.78589536759623,6.268725512790965
2,3.538103934916155,16.615100172999995,110.91265268495046,6.095874625489756
2,4.150755437489623,18.691987259999987,112.6987785203964,6.867941922101878
2,3.737340195915657,25.61494536599991,113.0790504724591,5.911500345701782
2,3.4152415739664623,26.307241224999903,113.9433049089652,6.706614427287391
2,4.022912170014943,26.65338879800007,114.50795114081586,6.6029038949066745
2,3.6759090154408107,20.422727109999997,111.93823461627103,6.084351233002991
2,3.7871492611655326,20.422727382999952,112.75639548283014,6.9486056695091065
2,3.4882948696662797,22.49961404100005,111.8114772989168,5.899976953215017
2,3.999667939565001,30.114869120000037,113.06752707997234,7.870477068448935
2,3.3338867673916655,18.345839647000012,112.60659138050242,6.153491587923497
2,3.813714095965466,19.038135147999913,113.78197741415073,6.453099792578939
2,3.3787149261165537,12.11517740299997,111.9036644388108,7.8820004609357
2,3.672588411090819,36.69167898800001,111.18921410463241,6.3493892601982225
2,4.014610659139964,20.422726722000018,113.96635169393869,6.960129061995858
2,3.783828656815541,25.268797373999977,112.60659138050242,7.663056003687487
2,3.893408600365267,31.499460534999898,112.87162940769761,6.602903894906646
2,3.7356798937406612,16.96124720699986,112.16870246600598,5.646462318506551
2,4.031213680889922,25.268797128999918,112.88315280018438,5.565798571099336
2,3.9050307155902377,15.230508003999942,111.9036644388108,7.063839594376603
2,3.813714095965466,33.230198799999926,112.24936621341324,5.773219635860812
2,3.6211190436659475,16.26895175600003,112.3185065683337,5.8769301682415005
2,3.4550888261663624,23.191910659000126,111.60405623415532,6.372436045171682
2,3.4086003652664787,22.499613753999906,113.59760313436276,6.084351233002991
2,3.714095965465715,24.92264981699993,113.37865867711454,5.174003226549914
2,3.574630582766064,20.42272710299997,111.17769071214565,6.69509103480064
2,3.6094969284409766,15.922804411000051,115.10716755012676,6.879465314588614
2,3.056616304167359,11.42288149800004,111.16616731965891,5.139433049089661
2,3.714095965465715,20.076578161999993,112.61811477298917,5.657985710993316
2,3.239249543416902,30.80716456400005,108.89605899976954,6.222631942843989
2,3.4152415739664623,21.115022998999947,112.73334869785666,5.427517861258352
2,3.4268636891914332,18.345839254000005,111.02788660981793,6.5913805024199235
2,4.037854889589906,28.384128610000058,114.42728739340862,6.280248905277716
2,3.7406608002656485,29.07642448000007,112.30698317584698,6.268725512790965
2,3.4368255022414083,17.999691769999895,111.91518783129753,6.245678727817449
2,3.3471691847916323,15.230508671000008,111.59253284166859,6.890988707075351
2,3.186119873817035,17.307395145,111.7423369439963,6.487669970039178
2,3.54806574796613,16.96124815199998,112.37612353076747,6.2687255127909935
2,3.602855719740993,20.076579083000006,113.02143351002536,5.715602673427057
2,3.282417399966794,18.691987901999912,111.31597142198663,6.245678727817463
2,3.969782500415076,15.922804088999985,111.66167319658908,7.271260659138051
2,3.679229619790802,18.345839171999973,112.58354459552893,6.568333717446436
2,3.901710111240246,29.76872003200001,114.19681954367367,5.623415533533077
2,3.6759090154408107,23.88420625700001,112.28393639087346,6.510716755012666
2,3.871824672090321,20.422726890999968,112.7679188753169,6.545286932472919
2,3.561348165366097,13.84591686199997,110.82046554505646,6.02673427056925
2,3.692512037190769,24.230353435999994,112.83705923023739,6.8448951371283755
2,3.9183131329902046,18.691987339000057,114.66927863563032,5.623415533533063
2,3.7340195915656653,23.884206103,114.34662364600139,6.37243604517171
2,3.7954507720405117,22.15346615000002,111.93823461627103,6.280248905277716
2,3.184459571642039,11.769029388000035,110.93569946992395,6.222631942843989
2,4.027893076539931,22.49961371000003,113.3901820696013,7.421064761465772
2,3.3770546239415578,15.576655562000024,113.29799492970731,6.9486056695091065
2,3.4999169848912506,28.384128665999985,110.78589536759623,6.199585157870473
2,3.3222646521666945,14.538212750000097,112.79096566029038,5.842359990781276
2,3.803752282915491,19.03813520700008,111.43120534685411,6.810324959668137
2,3.4999169848912506,17.307396030999953,110.76284858262272,6.441576400092188
2,3.3189440478167027,17.307395697999937,111.05093339479141,4.908965199354682
2,3.579611489291051,24.922649745000022,110.75132519013597,5.899976953215017
2,3.4368255022414083,14.192064404999968,114.15072597372667,5.508181608665595
2,3.651004482815873,17.99969150899999,112.33002996082047,5.681032495966818
2,3.4218827826664455,18.69198663099994,112.04194514865176,6.291772297764453
2,3.888427693840279,26.65338870899994,113.0329569025121,7.202120304217573
2,3.3372073717416573,15.922803849000022,111.30444802949988,5.3353307213643575
2,3.956500083015109,43.96078495000004,111.32749481447337,5.923023738188519
2,3.4999169848912506,17.99969150000004,112.77944226780363,6.314819082737941
2,3.589573302341026,18.34583922300001,111.41968195436735,5.911500345701754
2,3.868504067740329,19.730430833999957,112.44526388568794,6.579857109933158
2,3.6543250871658643,26.999536691000024,111.79995390643005,6.360912652684945
2,3.6011954175659975,22.499614578000077,112.88315280018438,7.559345471306756
2,3.7240577785156903,24.23035334799997,113.00991011753861,7.328877621571806
2,4.094305163539764,26.307240731999887,112.77944226780363,7.16755012675732
2,3.503237589241242,26.307241625000074,112.19174925097948,5.992164093109011
2,4.099286070064752,22.499614032999993,114.41576400092188,6.5107167550126945
2,3.8269965133654327,21.807318343999988,112.73334869785666,6.78727817469462
2,3.9266146438651837,19.730431598999896,111.41968195436735,7.121456556810301
2,3.2043831977419894,24.23035371199998,111.78843051394331,6.188061765383736
2,3.7871492611655326,17.999691292999927,112.95229315510487,5.727126065913822
2,3.6211190436659475,28.384128264000022,111.84604747637705,4.828301451947453
2,2.976921799767558,14.538211796999988,110.60152108780825,6.268725512790965
2,3.416901876141458,14.19206494899995,112.68725512790965,6.51071675501268
2,3.584592395816039,20.76887457299996,112.6987785203964,5.600368748559575
2,3.8851070894902877,26.999537021999974,111.66167319658908,5.727126065913808
2,3.778847750290553,17.653543184000043,112.34155335330722,5.162479834063149
2,3.582932093641043,26.999536637000027,111.30444802949988,6.660520857340387
2,3.70413415241574,22.49961449500008,113.34408849965429,7.305830836598275
2,3.9216337373401964,28.03798095799996,112.30698317584698,6.015210878082527
2,3.1064253694172344,18.691987238999978,110.47476377045402,5.531228393639083
2,3.4882948696662797,19.038135950000047,112.15717907351926,5.899976953215031
2,4.134152415739665,22.845762295999883,113.3210417146808,5.727126065913808
2,3.767225635065582,20.76887445099991,111.54643927172158,6.303295690251204
2,3.674248713265815,23.191910145000033,113.09057386494584,7.16755012675732
2,3.4119209696164705,24.576501913000023,111.37358838442037,6.061304448029503
2,3.944877967790138,19.384283102000033,112.57202120304217,6.994699239456082
2,3.594554208866014,28.730276469999954,111.55796266420835,5.853883383268041
2,3.848580441640379,31.845607277000074,111.07398017976493,6.6950910348006545
2,3.582932093641043,20.07657830699991,112.49135745563494,5.830836598294553
2,3.3670928108915827,21.11502209199992,111.40815856188063,6.107398017976507
2,3.8967292047152586,15.922803352000011,111.70776676653607,7.409541368979021
2,3.2027228955669935,16.268951452999975,111.8114772989168,6.476146577552441
2,3.7157562676407108,16.61510012799988,111.07398017976493,6.153491587923483
2,3.1114062759422216,20.42272633500007,111.26987785203963,6.061304448029503
2,3.748962311140628,19.730430636999973,113.3210417146808,5.807789813321037
2,3.504897891416238,23.538058272999926,111.36206499193362,6.7988015671813855
2,3.6161381371409598,16.615099989999994,111.67319658907581,6.591380502419895
2,3.1280092976921803,19.03813538600002,108.5042636552201,5.381424291311362
2,3.5148597044662133,17.65354375599999,111.54643927172158,6.303295690251204
2,3.428523991366429,20.076579228999954,112.46831067066145,6.3609126526849735
2,3.5347833305661633,23.538057605000105,112.79096566029038,5.750172850887296
2,3.5098787979412256,25.268797373000016,112.88315280018438,5.992164093109011
2,3.848580441640379,34.960939110000034,112.83705923023739,6.64899746485365
2,3.503237589241242,21.115023199000102,113.5630329569025,6.729661212260879
2,3.7556035198406112,17.653543641000038,112.62963816547591,7.559345471306742
2,3.659305993690852,13.153621048999987,112.43374049320121,6.1995851578705015
2,3.2359289390669104,22.84576226000007,110.77437197510946,5.681032495966804
2,3.662626598040844,22.845762779999944,112.13413228854574,5.623415533533077
2,3.4351652000664123,11.422881475000104,111.30444802949988,6.02673427056925
2,3.9216337373401964,30.11486829500004,112.39917031574096,6.775754782207883
2,3.5995351153910016,18.345839204,113.13666743489283,6.78727817469462
2,3.4667109413913333,11.769029000000055,111.32749481447337,4.897441806867931
2,3.2923792130167695,19.384283144999944,112.28393639087346,6.902512099562102
2,3.5281421218661797,20.076578388000044,113.92025812399172,5.957593915648786
2,4.122530300514694,22.15346625800002,112.64116155796266,7.455634938926025
2,3.6642869002158394,22.153465898000004,111.77690712145656,6.545286932472919
2,3.3139631412917154,11.07673263500003,112.09956211108549,5.6925558884535405
2,3.4799933587913,23.884205357000003,109.62203272643467,5.819313205807788
2,3.280757097791798,17.653544074999818,111.58100944918183,5.796266420834286
2,3.572970280591068,17.999691144000018,114.41576400092188,6.061304448029503
2,3.856881952515358,21.11502206000003,109.88707075362987,7.640009218713999
2,3.991366428690022,22.845761411999927,114.81908273795804,6.268725512790965
2,4.145774530964636,27.69183287900004,114.54252131827609,6.510716755012666
2,3.516520006641209,30.46101640299996,112.42221710071445,5.508181608665595
2,3.1213680889921966,11.076733528000009,110.98179303987095,5.623415533533077
2,3.777187448115557,22.499613906000054,113.71283705923022,4.263655220096794
2,3.7057944545907358,21.807317734999913,110.26734270569256,6.211108550357224
2,3.8983895068902545,25.961092784000034,111.7423369439963,7.513251901359752
2,3.876805578615308,25.26879744499999,113.41322885457478,5.93454713067527
2,3.1097459737672257,15.922804126000042,112.35307674579396,5.84235999078129
2,3.9083513199402296,15.922803469000032,112.04194514865176,7.109933164323593
2,3.649344180640877,21.461170505999853,114.8536529154183,6.579857109933172
2,3.748962311140628,14.538212734999943,109.65660290389492,6.257202120304228
2,3.8153743981404618,31.153311923000082,111.68471998156258,5.0933394791426565
2,3.98804582434003,24.922649354000082,111.7423369439963,6.268725512790951
2,4.089324257014777,16.26895165899998,111.8345240838903,7.16755012675732
2,3.7207371741656985,21.461170422000034,111.78843051394331,6.7872781746946345
2,3.275776191266811,12.461325402999961,111.09702696473842,6.729661212260879
2,3.3455088826166364,21.461170684000038,109.79488361373588,5.992164093108997
2,3.584592395816039,15.230508411,110.2788660981793,6.487669970039178
2,4.253694172339366,23.191909234000008,113.1481908273796,7.294307444111553
2,3.813714095965466,17.653543410000026,113.71283705923022,5.3468541138511085
2,3.8336377220654163,18.691987323000077,113.0790504724591,7.271260659138065
2,3.602855719740993,14.538212292,111.2583544595529,6.326342475224735
2,3.9365764569151587,20.07657855199997,112.68725512790965,6.211108550357224
2,3.463390337041342,14.192063706000013,111.59253284166859,6.637474072366899
2,3.571309978416072,23.191910048000057,111.39663516939386,6.049781055542738
2,3.4667109413913333,20.768874515000036,110.98179303987095,6.337865867711457
2,3.5331230283911674,14.884359688000018,110.75132519013597,6.55681032495967
2,3.979744313465051,25.61494509699988,112.61811477298917,6.453099792578925
2,3.4401461065914,25.268797945999996,111.28140124452639,5.853883383268041
2,3.584592395816039,25.268797050000053,113.06752707997234,6.522240147499417
2,4.031213680889922,21.80731839099996,113.80502419912422,5.45056464623184
2,3.6875311306657816,14.538212700999988,113.02143351002536,7.858953675962212
2,4.423044994188943,19.038135222000026,112.03042175616503,6.84489513712839
2,3.79213016769052,17.653543809000027,113.62064991933624,5.784743028347549
2,2.988543914992529,16.2689520740001,109.91011753860336,5.0933394791426565
2,3.6543250871658643,21.115022573000086,110.97026964738419,6.176538372896971
2,3.846920139465383,16.61509962800005,112.61811477298917,6.46462318506569
2,3.835298024240412,20.768875177,113.86264116155796,6.660520857340401
2,3.2043831977419894,17.999691453000064,112.4106937082277,6.107398017976493
2,3.254192262991865,24.92265009699998,110.98179303987095,5.565798571099336
2,3.7987713763905036,23.884206002000028,113.59760313436276,5.796266420834286
2,4.109247883114727,33.57634717700002,113.7013136667435,6.257202120304228
2,3.5762908849410597,16.61509971299997,112.21479603595299,7.063839594376589
2,3.362111904366595,15.230508515000004,110.05992164093108,6.07282784051624
2,3.3770546239415578,19.038135287000117,113.02143351002536,6.118921410463244
2,3.5115391001162215,14.538212369000005,113.09057386494584,7.536298686333254
2,3.7871492611655326,25.61494468200004,110.34800645309979,6.487669970039178
2,3.8269965133654327,38.076270085999965,111.07398017976493,6.856418529615112
2,3.295699817366761,21.80731837200002,112.00737497119151,5.992164093109011
2,3.659305993690852,26.653389567999966,112.75639548283014,7.109933164323579
2,3.4467873152913833,18.345839398000024,111.66167319658908,6.8448951371283755
2,4.2387514527644035,21.807319150999938,111.86909426135054,7.156026734270583
2,3.6294205545409266,23.884205894000033,113.68979027425674,5.4275178612583375
2,4.182301178814544,24.92265001300002,113.3901820696013,7.248213874164563
2,4.321766561514196,25.96109299200004,111.53491587923486,6.810324959668137
2,3.7639050307155903,20.76887443800003,111.35054159944688,6.337865867711457
2,4.017931263489955,21.807318746999982,112.87162940769761,6.729661212260879
2,3.8054125850904867,21.11502286700005,111.59253284166859,6.268725512790965
2,3.3886767391665287,19.384282464000034,111.91518783129753,6.326342475224706
2,3.2907189108417736,19.384283144999944,112.95229315510487,6.211108550357224
2,3.9083513199402296,24.576502144999857,112.43374049320121,5.923023738188547
2,3.7157562676407108,21.115022550000013,112.99838672505184,6.349389260198194
2,3.5430848414411424,19.038135012999987,112.38764692325421,6.4070062226319635
2,3.3139631412917154,18.691987622999964,111.1200737497119,5.773219635860784
2,3.362111904366595,17.65354401100004,112.20327264346624,6.960129061995858
2,3.8087331894404786,35.999382716000035,112.57202120304217,6.2572021203042
2,2.968620288892579,18.345839838000003,110.02535146347086,5.84235999078129
2,3.7506226133156235,17.307396018000006,113.17123761235308,6.476146577552441
2,3.559687863191101,22.153466058000003,112.92924637013138,6.153491587923497
2,3.4667109413913333,12.807473279000114,110.62456787278174,6.291772297764453
2,3.382035530466545,15.576655963000022,110.19820235077206,6.9025120995621165
2,3.7423211024406444,24.2303538880001,114.00092187139894,8.250749020511634
2,4.183961480989541,19.38428280800014,114.84212952293156,5.992164093109011
2,3.4418064087663955,31.845607534999942,112.56049781055543,5.150956441576412
2,3.581271791466047,26.653388478999965,110.97026964738419,6.199585157870459
2,3.375394321766562,14.192064687000016,111.39663516939386,5.784743028347549
2,4.011290054789972,20.076579415000058,112.33002996082047,6.9025120995621165
2,3.131329902042172,18.691987712999985,110.20972574325883,5.542751786125848
2,3.7190768719907026,26.65338971100002,112.62963816547591,5.31228393639087
2,3.647683878465881,26.999537653000086,112.04194514865176,6.660520857340401
2,3.8435995351153913,24.57650162199988,112.01889836367826,6.729661212260879
2,3.7223974763406944,15.922803669000048,113.51693938695553,7.328877621571792
2,3.762244728540595,28.037980488000017,111.15464392717216,6.188061765383736
2,3.471691847916321,19.03813501599995,110.29038949066606,5.784743028347549
2,3.7257180806906858,18.345839710999996,113.00991011753861,6.383959437658447
2,3.538103934916155,19.384283533000062,112.01889836367826,6.072827840516226
2,4.283579611489292,19.03813475899997,112.15717907351926,6.8909887070753655
2,3.983064917815043,24.57650184200001,113.83959437658446,7.916570638395939
2,3.7340195915656653,20.76887447799998,112.82553583775064,6.93708227702237
2,3.4866345674912838,26.307241543000043,111.5233924867481,6.061304448029503
2,3.694172339365765,18.691987311000023,113.85111776907122,6.925558884535619
2,3.8402789307653995,16.26895237000006,111.54643927172158,6.234155335330712
2,3.3006807238917486,24.576501522000083,111.92671122378428,6.141968195436732
2,3.9548397808401132,21.807319143999912,113.22885457478682,6.026734270569264
2,3.7091150589407276,16.268952313999925,112.64116155796266,6.487669970039178
2,3.8502407438153745,20.422727173000016,111.18921410463241,6.84489513712839
2,3.4550888261663624,18.34583851499996,113.8972113390182,6.141968195436732
2,3.5563672588411093,21.115022211000007,111.38511177690714,6.37243604517171
2,3.7406608002656485,20.768874795000084,111.8806176538373,7.294307444111553
2,3.6244396480159393,21.115023062000038,111.59253284166859,5.773219635860784
2,4.321766561514196,33.23019977599991,115.02650380271953,6.8564185296151265
2,3.3870164369915328,14.192064548999987,110.10601521087808,6.7527079972343955
2,3.883446787315292,20.768875009999977,114.66927863563032,7.628485826227234
2,3.9066910177652336,20.076578684000005,113.80502419912422,7.017746024429599
2,3.8386186285904036,24.92264940699998,111.8806176538373,5.51970500115236
2,3.4882948696662797,15.230508322999977,113.30951832219405,5.957593915648772
2,3.4982566827162547,15.922803847999988,111.66167319658908,5.842359990781276
2,3.6858708284907857,16.615099783999984,113.9433049089652,6.764231389721132
2,3.6227793458409434,15.23050822900003,112.98686333256511,7.282784051624802
2,4.067740328739831,26.65338893499999,113.28647153722056,6.729661212260893
2,3.3355470695666614,21.80731856000012,113.0790504724591,6.291772297764481
2,3.647683878465881,27.69183308799994,112.03042175616503,5.565798571099336
2,3.504897891416238,20.07657868999993,113.30951832219405,5.485134823692093
2,3.15623443466711,17.30739601099998,112.00737497119151,5.1509564415763975
2,3.385356134816537,13.153619939999874,111.9036644388108,5.692555888453569
2,3.3870164369915328,11.422880783000036,112.46831067066145,5.876930168241529
2,3.260833471691848,24.922649435999908,111.20073749711916,5.346854113851123
2,3.835298024240412,16.615099764999975,111.62710301912884,6.8333717446416244
2,3.6858708284907857,17.65354375199986,110.9472228624107,6.545286932472919
2,4.265316287564337,17.999691589000026,115.19935469002074,8.181608665591142
2,3.2674746803918318,17.307395781000004,112.86010601521087,6.222631942843975
2,3.6211190436659475,12.807473205000003,112.24936621341324,6.522240147499431
2,3.8054125850904867,17.307395538000076,112.77944226780363,6.199585157870473
2,3.969782500415076,15.230508827999977,112.65268495044943,7.086886379350091
2,3.465050639216338,20.07657875499988,110.78589536759623,6.257202120304228
2,3.4418064087663955,19.730430165999998,111.16616731965891,5.3468541138511085
2,3.9266146438651837,30.114868264000044,112.87162940769761,6.326342475224692
2,3.3670928108915827,17.307395229999923,112.83705923023739,6.049781055542766
2,3.7174165698157067,33.230199680999995,114.00092187139894,6.476146577552441
2,3.7306989872156735,26.653388441000015,111.38511177690714,5.830836598294553
2,3.6277602523659307,25.961093518999945,111.96128140124453,6.291772297764453
2,3.504897891416238,20.768874131999944,111.5003457017746,6.775754782207883
2,3.493275776191267,14.538212169999953,113.67826688176999,6.118921410463244
2,2.9354142453926615,11.422880852999944,110.15210878082506,5.819313205807774
2,3.8236759090154413,25.61494527699999,111.78843051394331,6.280248905277716
2,3.8153743981404618,31.499459643999916,114.74994238303758,7.109933164323579
2,3.516520006641209,15.922804365999868,112.88315280018438,6.095874625489756
2,3.90004980906525,17.999691622000018,112.49135745563494,7.109933164323579
2,3.8535613481653663,15.576655954999962,112.20327264346624,6.360912652684945
2,3.348829486966628,19.03813505200004,112.37612353076747,4.862871629407707
2,3.3139631412917154,22.15346645599997,111.5003457017746,5.888453560728294
2,3.1114062759422216,13.499768643999987,112.22631942843972,5.4275178612583375
2,3.8801261829653,21.115022673000027,113.41322885457478,6.395482830145184
2,3.3255852565166863,34.614791088999894,112.23784282092649,7.0407928094030865
2,3.4351652000664123,22.49961441500005,110.11753860336484,5.31228393639087
2,3.7439814046156403,22.499613811000074,112.35307674579396,6.487669970039178
2,3.4335048978914164,12.461324785000004,111.35054159944688,6.199585157870487
2,3.9066910177652336,26.653389377999936,113.2749481447338,6.625950679880148
2,3.358791300016603,21.46117064900005,112.60659138050242,6.879465314588614
2,3.39199734351652,17.307395358000036,110.0138280709841,5.554275178612585
2,3.5862526979910347,12.807473250999942,114.79603595298455,6.453099792578925
2,3.6958326415407607,13.845916458000012,113.22885457478682,6.383959437658461
2,3.682550224140794,16.615099768000004,113.0560036874856,7.02926941691635
2,3.141291715092147,21.115022843000013,112.23784282092649,6.176538372896985
2,3.2276274281919313,24.576501857000025,112.03042175616503,5.715602673427057
2,3.569649676241076,14.884359622000034,112.22631942843972,5.4851348236920785
2,3.6310808567159225,23.88420626599996,112.56049781055543,5.450564646231854
2,3.7390004980906526,14.884360082999953,112.39917031574096,5.70407928094032
2,4.162377552714594,28.730276466999992,111.41968195436735,7.271260659138022
2,3.6460235762908852,15.922804527999864,112.72182530536989,6.672044249827138
2,3.5281421218661797,13.499768809000084,111.5694860566951,6.049781055542766
2,3.6161381371409598,25.614945276999922,112.53745102558193,4.978105554275189
2,3.5331230283911674,21.11502182999991,111.13159714219867,6.787278174694649
2,3.3670928108915827,19.38428333900004,111.97280479373129,6.706614427287391
2,3.7356798937406612,20.076579526999982,111.7423369439963,6.211108550357224
2,3.1064253694172344,17.307395369000126,112.95229315510487,6.015210878082499
2,4.047816702639881,28.03798046100009,111.69624337404933,6.165014980410248
2,3.3870164369915328,22.153466045000055,111.58100944918183,6.049781055542752
2,4.524323426863689,30.46101662599998,113.75893062917723,6.383959437658447
