time_s,mean_az_uM,std_az_uM,cv_az
0.000000000000000000e+00,8.469085564099999852e-02,5.459526344388275776e-01,6.446417742584766408e+00
5.000000000000000240e-05,8.561391671833337713e-02,5.197882244691298670e-01,6.071305278313733567e+00
1.000000000000000048e-04,8.134475907166684172e-02,4.812683548450070181e-01,5.916402732485778415e+00
1.499999999999999869e-04,9.138304857033370532e-02,5.391964742318939852e-01,5.900399282662331046e+00
2.000000000000000096e-04,8.169090728183292516e-02,4.727074813889224347e-01,5.786537291819831452e+00
2.500000000000000052e-04,8.988307413683339908e-02,5.705121117273231901e-01,6.347269685711958154e+00
2.999999999999999737e-04,1.028059297337339389e-01,5.506872758506095034e-01,5.356571136284478563e+00
3.499999999999999964e-04,1.103058010825331003e-01,6.193551291322495489e-01,5.614891719691470939e+00
4.000000000000000192e-04,9.761371047613323637e-02,5.331052413959930236e-01,5.461376673375594848e+00
4.499999999999999877e-04,8.838310039993271805e-02,4.812305671609355961e-01,5.444825594297684646e+00
5.000000000000000104e-04,9.969059859056728090e-02,6.161152816598080006e-01,6.180274673544841058e+00
5.500000000000000331e-04,1.022290160911000917e-01,6.176426795275644643e-01,6.041755101870099232e+00
5.999999999999999474e-04,1.030366952317333523e-01,5.791466965382935372e-01,5.620780977454402638e+00
6.499999999999999702e-04,1.074212349998668187e-01,5.715392225526209069e-01,5.320542279683616371e+00
6.999999999999999929e-04,9.703679806340037572e-02,5.348191298472245725e-01,5.511508422792277706e+00
7.500000000000000156e-04,1.085750613552666777e-01,5.793762350212707801e-01,5.336181511567406055e+00
8.000000000000000383e-04,9.415223187053284315e-02,6.175040209222745213e-01,6.558570186327542295e+00
8.499999999999999526e-04,9.945983326960075588e-02,5.566744698381431711e-01,5.596977709878054874e+00
8.999999999999999754e-04,8.896001323533404836e-02,5.300019791702802463e-01,5.957755174431208722e+00
9.499999999999999981e-04,1.011905726729324662e-01,5.831834617735670578e-01,5.763219303625536583e+00
1.000000000000000021e-03,1.097288879186335137e-01,5.612922027129910729e-01,5.115263750136628929e+00
1.049999999999999935e-03,1.116903935575654927e-01,5.706150108604051141e-01,5.108899634831251646e+00
1.100000000000000066e-03,1.056904941908655970e-01,5.532186178107338925e-01,5.234327098628954289e+00
1.149999999999999981e-03,1.298054666154668246e-01,6.552690151991500400e-01,5.048084894146301238e+00
1.199999999999999895e-03,1.546127348806329016e-01,7.683234450016368511e-01,4.969341274474012415e+00
1.250000000000000026e-03,1.561127072973682861e-01,6.639208325717118608e-01,4.252830176771293047e+00
1.299999999999999940e-03,2.004196388241021309e-01,8.672036533695869354e-01,4.326939507812836538e+00
1.350000000000000071e-03,1.978812241096313262e-01,8.023358227613033300e-01,4.054633411388179454e+00
1.399999999999999986e-03,2.412650947078666674e-01,8.867094114654745507e-01,3.675249470045127698e+00
1.449999999999999900e-03,2.866104700231995595e-01,9.241214773316411835e-01,3.224311649385448231e+00
1.500000000000000031e-03,4.030315522543021500e-01,1.081691433364285304e+00,2.683887718750533224e+00
1.549999999999999946e-03,5.510674744450321239e-01,1.311545320486839472e+00,2.380008585713877967e+00
1.600000000000000077e-03,7.921018028379641640e-01,1.567966114752500806e+00,1.979500752472407754e+00
1.649999999999999991e-03,1.124288416526966206e+00,1.879904874128256020e+00,1.672084179196171805e+00
1.699999999999999905e-03,1.399822153343995179e+00,2.136869319575214643e+00,1.526529148342529396e+00
1.750000000000000036e-03,1.909121112417488719e+00,2.439143223372290059e+00,1.277626237281323185e+00
1.799999999999999951e-03,2.460765501524534660e+00,2.818840611195777335e+00,1.145513706791403630e+00
1.850000000000000082e-03,3.125023343066966053e+00,3.163630185872007061e+00,1.012354097415205656e+00
1.899999999999999996e-03,3.944240068121055209e+00,3.546204231505972526e+00,8.990842773916908337e-01
1.949999999999999910e-03,4.791494769279692534e+00,3.967353352829486202e+00,8.279990992092640667e-01
2.000000000000000042e-03,5.699902276048263161e+00,4.320495682622977007e+00,7.579946941859453391e-01
2.050000000000000173e-03,6.503773100955331898e+00,4.759546368548337014e+00,7.318131021282419102e-01
2.099999999999999870e-03,6.989880164230061865e+00,4.799846197737542397e+00,6.866850482359088126e-01
2.150000000000000001e-03,7.619869349882313792e+00,5.250648730535441011e+00,6.890733278276661711e-01
2.200000000000000133e-03,7.991401441867978406e+00,5.307508130242736044e+00,6.641523603652319530e-01
2.249999999999999830e-03,8.039862155417351275e+00,5.374942524445373238e+00,6.685366515673002441e-01
2.299999999999999961e-03,7.660599423887342496e+00,5.133788903820410532e+00,6.701549865422004038e-01
2.350000000000000092e-03,7.200684230891322812e+00,5.078329313725588712e+00,7.052564938119745275e-01
2.399999999999999790e-03,6.611886634999997625e+00,4.849256956997168189e+00,7.334150182381597993e-01
2.449999999999999921e-03,5.748247593184014015e+00,4.529626010753295517e+00,7.880012016400095298e-01
2.500000000000000052e-03,5.120566054908000986e+00,4.384984699189319990e+00,8.563476483203189549e-01
2.550000000000000183e-03,4.402539903909314489e+00,4.106970342507246130e+00,9.328638540812288493e-01
2.599999999999999881e-03,3.951855334827336197e+00,3.894195958187362638e+00,9.854095426692807136e-01
2.650000000000000012e-03,3.464363660965334102e+00,3.647802578347332680e+00,1.052950248684597856e+00
2.700000000000000143e-03,3.140484621863324666e+00,3.350620328694213779e+00,1.066911872571504771e+00
2.749999999999999840e-03,2.638108616078668867e+00,3.101158821882867844e+00,1.175523556150043891e+00
2.799999999999999972e-03,2.381613013587000616e+00,2.951776240426084996e+00,1.239402129391436569e+00
2.850000000000000103e-03,2.113002230297658546e+00,2.778260309077636769e+00,1.314840216087355129e+00
2.899999999999999800e-03,1.965889396951012502e+00,2.695943227183216440e+00,1.371360581813238166e+00
2.949999999999999931e-03,1.889275268772339977e+00,2.641775777876717246e+00,1.398301148351640544e+00
3.000000000000000062e-03,1.712162954634671719e+00,2.496687121120164665e+00,1.458206483420200428e+00
3.050000000000000194e-03,1.572780725955317926e+00,2.419894536124875817e+00,1.538608972115305562e+00
3.099999999999999891e-03,1.472513218307007765e+00,2.265575231447459981e+00,1.538577177631219595e+00
3.150000000000000022e-03,1.433513882439007237e+00,2.201353014663047780e+00,1.535634249260024342e+00
3.200000000000000153e-03,1.345361546430651867e+00,2.181346935102034923e+00,1.621383442160448940e+00
3.249999999999999851e-03,1.316746653251338772e+00,2.182969875546433070e+00,1.657851090911222292e+00
3.299999999999999982e-03,1.288708674698342049e+00,2.194197326184338159e+00,1.702632541600568317e+00
3.350000000000000113e-03,1.210710016379657361e+00,2.091971935839934904e+00,1.727888517925608047e+00
3.399999999999999811e-03,1.133288254931005490e+00,1.921142476026172830e+00,1.695193140551105371e+00
3.449999999999999942e-03,1.135942057929671067e+00,2.023087226669151750e+00,1.780977482563116832e+00
3.500000000000000073e-03,1.131095998372003031e+00,2.015916430805887671e+00,1.782268201556203024e+00
3.550000000000000204e-03,1.052289645039324206e+00,1.948015049474570715e+00,1.851215640729576117e+00
3.599999999999999901e-03,1.035559176103673762e+00,1.931368083752175835e+00,1.865048495846479026e+00
3.650000000000000033e-03,9.885984260276754476e-01,1.928210838355350232e+00,1.950449027218429610e+00
3.700000000000000164e-03,9.339070657156519628e-01,1.756191919635920584e+00,1.880478244685034772e+00
3.749999999999999861e-03,1.055751145298335913e+00,1.933721855060378747e+00,1.831607631847696815e+00
3.799999999999999992e-03,9.427915114860031531e-01,1.840845283967498469e+00,1.952547579757062834e+00
3.850000000000000124e-03,9.260610495366583539e-01,1.828518259839090998e+00,1.974511573242351936e+00
3.899999999999999821e-03,9.073690573366848255e-01,1.801775839053856965e+00,1.985714439439273393e+00
3.950000000000000386e-03,9.075998417939905583e-01,1.812515057486803638e+00,1.997042059751937604e+00
4.000000000000000083e-03,8.371010162923243625e-01,1.715843765071135341e+00,2.049745170147953655e+00
4.049999999999999781e-03,8.523315404036840848e-01,1.715910717233498195e+00,2.013196316096436789e+00
4.100000000000000346e-03,8.011016582003240849e-01,1.680204304540493521e+00,2.097367153520908634e+00
4.150000000000000043e-03,8.406778856009896606e-01,1.687348254882415910e+00,2.007128156673411823e+00
4.199999999999999740e-03,8.166783029160181728e-01,1.687702239186587683e+00,2.066544725334940047e+00
4.250000000000000305e-03,8.180628921839900869e-01,1.622100055993206613e+00,1.982854950996091548e+00
4.300000000000000003e-03,8.347933796739908097e-01,1.697944644715432494e+00,2.033969945207909191e+00
4.349999999999999700e-03,7.732944359126837641e-01,1.652283999420518290e+00,2.136681608823945311e+00
4.400000000000000265e-03,8.105630352673165451e-01,1.700415842693918878e+00,2.097820611981320749e+00
4.449999999999999963e-03,7.804481444119854006e-01,1.659590888649238982e+00,2.126458882030692443e+00
4.499999999999999660e-03,7.254106429590229110e-01,1.590155025144240231e+00,2.192075675451683470e+00
4.550000000000000225e-03,7.405257671509904993e-01,1.521595798081799567e+00,2.054750645525548425e+00
4.599999999999999922e-03,7.432949496319940508e-01,1.572867139429590555e+00,2.116074029842821336e+00
4.649999999999999620e-03,7.649868866440164838e-01,1.612784404397258120e+00,2.108251046593117461e+00
4.700000000000000185e-03,7.229876117273197345e-01,1.516528336532268373e+00,2.097585507598211052e+00
4.749999999999999882e-03,7.243721794926555324e-01,1.558876907935696110e+00,2.152038623332443557e+00
4.799999999999999580e-03,7.364873728900181993e-01,1.633588035134063920e+00,2.218080167109684364e+00
4.850000000000000144e-03,7.344104966233190313e-01,1.636159965029216012e+00,2.227854820365410049e+00
4.899999999999999842e-03,7.207953292306837900e-01,1.551020014577334738e+00,2.151817515566815331e+00
4.950000000000000407e-03,7.244875738933246323e-01,1.669642810064956295e+00,2.304584468015732579e+00
5.000000000000000104e-03,7.197568839683220476e-01,1.613049691731215596e+00,2.241103527677005491e+00
5.049999999999999802e-03,6.697962114403496203e-01,1.472362261758498381e+00,2.198224230907916077e+00
5.100000000000000366e-03,7.060263873689892611e-01,1.628985797755659437e+00,2.307259086768814527e+00
5.150000000000000064e-03,6.822575117023268465e-01,1.569072670351701504e+00,2.299824690001064376e+00
5.199999999999999761e-03,6.805267838516853018e-01,1.573065921737428319e+00,2.311541527923556050e+00
5.250000000000000326e-03,6.701423622429899529e-01,1.484649175228853979e+00,2.215423556063044863e+00
5.300000000000000024e-03,6.439504929113232246e-01,1.512360987096400988e+00,2.348567170527291470e+00
5.349999999999999721e-03,6.378352172246855023e-01,1.486988909374819423e+00,2.331305749853270992e+00
5.400000000000000286e-03,6.200662981393226802e-01,1.451084480492398576e+00,2.340208595188565610e+00
5.449999999999999983e-03,6.662193339366567768e-01,1.441493308362247205e+00,2.163691797781573278e+00
5.499999999999999681e-03,6.115279800050159587e-01,1.463985441386073560e+00,2.393979489497872759e+00
5.550000000000000246e-03,5.964128564589900039e-01,1.395210253715410520e+00,2.339336314778698522e+00
5.599999999999999943e-03,5.704517676236570134e-01,1.346205572285555707e+00,2.359893769623105264e+00
5.649999999999999641e-03,5.976820537363509711e-01,1.475012896702569964e+00,2.467888884201342226e+00
5.700000000000000205e-03,5.939898128959915091e-01,1.397945413892083488e+00,2.353483819994174997e+00
5.749999999999999903e-03,5.954897938999907936e-01,1.425486785100603671e+00,2.393805569302513092e+00
5.799999999999999600e-03,6.326429987060148141e-01,1.537842913559040126e+00,2.430822623034615937e+00
5.850000000000000165e-03,6.472966041206560384e-01,1.554013367437133919e+00,2.400774787855160852e+00
5.899999999999999863e-03,6.005666162240156369e-01,1.521603222114110476e+00,2.533612726729621567e+00
5.950000000000000427e-03,5.406830364093223595e-01,1.287035673579820072e+00,2.380388484401189775e+00
6.000000000000000125e-03,6.169509642593236087e-01,1.479218800112269916e+00,2.397627827501876308e+00
6.049999999999999822e-03,5.653749057260214483e-01,1.366769429152116855e+00,2.417456833173363684e+00
6.100000000000000387e-03,6.219124304576594264e-01,1.445409713639280058e+00,2.324137037389037097e+00
6.150000000000000085e-03,5.727594048409899719e-01,1.388916559593319722e+00,2.424956356637935961e+00
6.199999999999999782e-03,5.845284451576828744e-01,1.410509482921437074e+00,2.413072442592484546e+00
6.250000000000000347e-03,6.067972760063231608e-01,1.420568062619746996e+00,2.341091693702566978e+00
6.300000000000000044e-03,6.009127758433246980e-01,1.451050561453912424e+00,2.414744068999862936e+00
6.349999999999999742e-03,6.029896720500169671e-01,1.461686335491033661e+00,2.424065292066543531e+00
6.400000000000000307e-03,5.855669256816569135e-01,1.431045452892417691e+00,2.443863186477858829e+00
6.450000000000000004e-03,5.285678091869914219e-01,1.330376074447705337e+00,2.516944943154981740e+00
6.499999999999999702e-03,5.757593496016809587e-01,1.379590178912241782e+00,2.396122928558022114e+00
6.550000000000000266e-03,5.682594983403256306e-01,1.417862997526969426e+00,2.495097753170900212e+00
6.599999999999999964e-03,5.578750500279910929e-01,1.396952790406111866e+00,2.504060345297787649e+00
6.649999999999999661e-03,5.856822644646818565e-01,1.419659851621835722e+00,2.423942020712229972e+00
6.700000000000000226e-03,5.512982524203245971e-01,1.392622422040785235e+00,2.526078063782818628e+00
6.749999999999999924e-03,5.172603558069919227e-01,1.354130269123373864e+00,2.617889142133768221e+00
6.799999999999999621e-03,5.147219488610136340e-01,1.300761242158007480e+00,2.527114386779806487e+00
6.850000000000000186e-03,5.077989699889937647e-01,1.337398661394082477e+00,2.633716766741511339e+00
6.899999999999999883e-03,5.571827651119872771e-01,1.416003826749208105e+00,2.541363293002445456e+00
6.949999999999999581e-03,5.371061638460170595e-01,1.359755234387262757e+00,2.531632153782340300e+00
7.000000000000000146e-03,5.041067544919923815e-01,1.274743315127141008e+00,2.528716990534571440e+00
7.049999999999999843e-03,5.231448804706775313e-01,1.374362384013427807e+00,2.627116187731596053e+00
7.100000000000000408e-03,5.322600967203269251e-01,1.395338093536740542e+00,2.621534287718572109e+00
7.150000000000000105e-03,5.414907164929907424e-01,1.412156618501741567e+00,2.607905501404881310e+00
7.199999999999999803e-03,5.225679682056819653e-01,1.356868671170825102e+00,2.596540074643005180e+00
7.250000000000000368e-03,5.275294128563223772e-01,1.352334730052856093e+00,2.563524795196921335e+00
7.300000000000000065e-03,5.380292396879928774e-01,1.383771091512589368e+00,2.571925444637634062e+00
7.349999999999999763e-03,5.240679177300143765e-01,1.360128627889060082e+00,2.595328929464752132e+00
7.400000000000000328e-03,4.790687330796580823e-01,1.268512254048180798e+00,2.647871101696917417e+00
7.450000000000000025e-03,5.504905456343260894e-01,1.365846173878671577e+00,2.481143744811852070e+00
7.499999999999999722e-03,5.151834865853492929e-01,1.291855671132093875e+00,2.507564207258563105e+00
7.550000000000000287e-03,4.976453612846597485e-01,1.331164632245430246e+00,2.674926234234475952e+00
7.599999999999999985e-03,4.839147245589912605e-01,1.254978051643305559e+00,2.593386784803896727e+00
7.649999999999999682e-03,5.079143618863481979e-01,1.313800497179160809e+00,2.586657507182557492e+00
7.700000000000000247e-03,4.782610639446592260e-01,1.260556031603323079e+00,2.635706994849961404e+00
7.749999999999999944e-03,5.106835424179925198e-01,1.311843290533773354e+00,2.568798838361692649e+00
7.799999999999999642e-03,4.969529998969903217e-01,1.287115066731897794e+00,2.590013677347141829e+00
7.849999999999999339e-03,5.152988658103682118e-01,1.357956164766775276e+00,2.635278776775937803e+00
7.900000000000000772e-03,4.798763751656581200e-01,1.279638310725428996e+00,2.666599934792966309e+00
7.950000000000000469e-03,4.664920587589908019e-01,1.297145529239383865e+00,2.780637965606919781e+00
8.000000000000000167e-03,4.803378670599942613e-01,1.233259107670187760e+00,2.567482583079700120e+00
8.049999999999999864e-03,5.004144999199912069e-01,1.350159642168457186e+00,2.698082574314548232e+00
8.099999999999999561e-03,4.891070102036560452e-01,1.289033642245629441e+00,2.635483882573871117e+00
8.149999999999999259e-03,4.887608851163673385e-01,1.323797314236962341e+00,2.708476382928605375e+00
8.200000000000000691e-03,4.816070810649935585e-01,1.255229321846704771e+00,2.606334855108390247e+00
8.250000000000000389e-03,4.774533550836588258e-01,1.250090233613458501e+00,2.618245783181100794e+00
8.300000000000000086e-03,4.633766646823249680e-01,1.227865856444866788e+00,2.649822379999755118e+00
8.349999999999999784e-03,4.405309203489943259e-01,1.173035320772252588e+00,2.662776360494647498e+00
8.399999999999999481e-03,4.741072876866578301e-01,1.273563670018330374e+00,2.686235168905568571e+00
8.449999999999999178e-03,4.720303395633693722e-01,1.266346771550077799e+00,2.682765630534375223e+00
8.500000000000000611e-03,5.007606408589905245e-01,1.371450138463312651e+00,2.738733891127637765e+00
8.550000000000000308e-03,5.097605000323287561e-01,1.389714920009525345e+00,2.726211465818536794e+00
8.600000000000000006e-03,4.941838223173260491e-01,1.333233334223237421e+00,2.697849006815807194e+00
8.649999999999999703e-03,4.404155059653240278e-01,1.269124251936384562e+00,2.881652064349225384e+00
8.699999999999999400e-03,4.434154743943637955e-01,1.236461749861132109e+00,2.788494811891591318e+00
8.750000000000000833e-03,4.544922137816612140e-01,1.214471251867229151e+00,2.672149742153037355e+00
8.800000000000000530e-03,4.791841082779925709e-01,1.289755159188132660e+00,2.691564968260378166e+00
8.850000000000000228e-03,4.307233755059918234e-01,1.176757991950898585e+00,2.732050450172348821e+00
8.899999999999999925e-03,5.058374755949934798e-01,1.322238294629498823e+00,2.613958748458109937e+00
8.949999999999999623e-03,4.401847589609919620e-01,1.178652472433704634e+00,2.677631263780656745e+00
8.999999999999999320e-03,4.782610248806999920e-01,1.296091848327954210e+00,2.710009348245047356e+00
9.050000000000000752e-03,4.526461106293270253e-01,1.249526088733409868e+00,2.760492268443790476e+00
9.100000000000000450e-03,4.421462531899936210e-01,1.214901532499521819e+00,2.747736803680363771e+00
9.150000000000000147e-03,4.624536028053253256e-01,1.280014024771679360e+00,2.767875559854843903e+00
9.199999999999999845e-03,4.145698295096603703e-01,1.145443366383313455e+00,2.762968467189487409e+00
9.249999999999999542e-03,4.719149736009939922e-01,1.245826692025929106e+00,2.639938890939452332e+00
9.299999999999999239e-03,4.599152062120341333e-01,1.263341170147164405e+00,2.746900196130344529e+00
9.350000000000000672e-03,4.231081134559929735e-01,1.177653976910227440e+00,2.783340568184859531e+00
9.400000000000000369e-03,4.535691671689930371e-01,1.225556153000765924e+00,2.702027037354023165e+00
9.450000000000000067e-03,4.152621310369904450e-01,1.132422294131307128e+00,2.727005930695939107e+00
9.499999999999999764e-03,4.296849034083268792e-01,1.236545052390742860e+00,2.877794966921753517e+00
9.549999999999999462e-03,4.412232227696589737e-01,1.197485722717689383e+00,2.714013363124447409e+00
9.599999999999999159e-03,4.405309370543674108e-01,1.200938641690715736e+00,2.726116466917972492e+00
9.650000000000000591e-03,4.660304384736603800e-01,1.271430534507974830e+00,2.728213501830814458e+00
9.700000000000000289e-03,4.589921653189937834e-01,1.302597921417783411e+00,2.837952409302006984e+00
9.749999999999999986e-03,4.388001225316592313e-01,1.220656141761013780e+00,2.781804468782808737e+00
9.799999999999999684e-03,4.444539709883270628e-01,1.275491409349124083e+00,2.869794157790578115e+00
9.849999999999999381e-03,4.142236151710279590e-01,1.185047985379446667e+00,2.860889485719336989e+00
9.900000000000000813e-03,4.352233201849911026e-01,1.220349645913468173e+00,2.803961987594690619e+00
9.950000000000000511e-03,4.090314465623287599e-01,1.203846607257223589e+00,2.943163948334177160e+00
1.000000000000000021e-02,4.271465043756593194e-01,1.179163173469852666e+00,2.760559108855126897e+00
1.004999999999999991e-02,3.897625662423281345e-01,1.148379767811853469e+00,2.946357262790260556e+00
1.009999999999999960e-02,4.280695712313267176e-01,1.203315083695595700e+00,2.811026909094012982e+00
1.014999999999999930e-02,4.737611238413643178e-01,1.317618354125674296e+00,2.781187159136488951e+00
1.020000000000000073e-02,4.120313767243258818e-01,1.249259042168694656e+00,3.031951236579065512e+00
1.025000000000000043e-02,4.556460552663253449e-01,1.294901568545737014e+00,2.841902291437300665e+00
1.030000000000000013e-02,4.398386036813241584e-01,1.195925675100153907e+00,2.719010257604939085e+00
1.034999999999999983e-02,4.127236791306603259e-01,1.152749021103913973e+00,2.793028554920823581e+00
1.039999999999999952e-02,4.424923940249955723e-01,1.253860198379321167e+00,2.833631075494809526e+00
1.044999999999999922e-02,4.081084094783627991e-01,1.213282798654858441e+00,2.972942410585598605e+00
1.050000000000000065e-02,4.094930431226622147e-01,1.183674464712084484e+00,2.890585040678014472e+00
1.055000000000000035e-02,4.248388187979917907e-01,1.195837806651669499e+00,2.814803529571724194e+00
1.060000000000000005e-02,4.190697393203257071e-01,1.170100863394662571e+00,2.792138762613610492e+00
1.064999999999999974e-02,4.228773555643294824e-01,1.163539199837541949e+00,2.751481450892067304e+00
1.069999999999999944e-02,4.539152990546616029e-01,1.292622787814868390e+00,2.847718044549116367e+00
1.074999999999999914e-02,4.129544447060297663e-01,1.200510961088947504e+00,2.907126867089555589e+00
1.080000000000000057e-02,4.283004094433248143e-01,1.198541959078323060e+00,2.798367530481945753e+00
1.085000000000000027e-02,3.899932603093265171e-01,1.134897460413077930e+00,2.910043777456369885e+00
1.089999999999999997e-02,4.396078521843264642e-01,1.217070753574235553e+00,2.768537339646792272e+00
1.094999999999999966e-02,4.145698069269949659e-01,1.200819268064538203e+00,2.896542989866120354e+00
1.099999999999999936e-02,4.351079148386965412e-01,1.312219048477878625e+00,3.015847342065347547e+00
1.105000000000000079e-02,4.389155746673245040e-01,1.342553778811728771e+00,3.058797309321537927e+00
1.110000000000000049e-02,3.587246170423299962e-01,1.081895587651953816e+00,3.015950219898872131e+00
1.115000000000000019e-02,3.927624868969921135e-01,1.096030984129647612e+00,2.790569417127400698e+00
1.119999999999999989e-02,4.014162267946614349e-01,1.195295801057319807e+00,2.977696767771064401e+00
1.124999999999999958e-02,4.264541918966603951e-01,1.280781865849681900e+00,3.003328118674102765e+00
1.129999999999999928e-02,3.788012632576955863e-01,1.072461019965050388e+00,2.831197052358992217e+00
1.135000000000000071e-02,4.037237864216608463e-01,1.128474531029222794e+00,2.795164835421936722e+00
1.140000000000000041e-02,4.047622882353276164e-01,1.154272212612299287e+00,2.851728647065085998e+00
1.145000000000000011e-02,3.928778791486588484e-01,1.124792232327306518e+00,2.862956384219593087e+00
1.149999999999999981e-02,4.009546706729944510e-01,1.187099819430339487e+00,2.960683354649082943e+00
1.154999999999999950e-02,3.856087650549936963e-01,1.165381997292742167e+00,3.022187519846808890e+00
1.159999999999999920e-02,3.934547660236931699e-01,1.170973089727145977e+00,2.976131415463987295e+00
1.165000000000000063e-02,3.978393698343272722e-01,1.184864796596895919e+00,2.978249229306568324e+00
1.170000000000000033e-02,3.949547881873261557e-01,1.140121856968332237e+00,2.886714862227660827e+00
1.175000000000000003e-02,4.141082630466596526e-01,1.212862592732578682e+00,2.928853879440505903e+00
1.179999999999999973e-02,4.048776833129930641e-01,1.145388547999414808e+00,2.828974268542149950e+00
1.184999999999999942e-02,3.970316378116942602e-01,1.164270026551061932e+00,2.932436399698848728e+00
1.190000000000000085e-02,3.878010368979967204e-01,1.184400390856107821e+00,3.054144466270833025e+00
1.195000000000000055e-02,4.409924504373265441e-01,1.285363015588588009e+00,2.914705261538854231e+00
1.200000000000000025e-02,3.733782067939948046e-01,1.102823555342746564e+00,2.953636648512833585e+00
1.204999999999999995e-02,3.749935749926618378e-01,1.061242433125852536e+00,2.830028309542689691e+00
1.209999999999999964e-02,4.085699354183273679e-01,1.234931164828692030e+00,3.022569841229918897e+00
1.214999999999999934e-02,3.906855854216932378e-01,1.096263159975108481e+00,2.805998482876807198e+00
1.220000000000000077e-02,3.880318052149940300e-01,1.176811853755526327e+00,3.032771638663739111e+00
1.225000000000000047e-02,3.518016769983259850e-01,1.087442068917744864e+00,3.091065620255469604e+00
1.230000000000000017e-02,3.828395816009930175e-01,1.153411995462300554e+00,3.012781464860186276e+00
1.234999999999999987e-02,4.121467747109923696e-01,1.209193676798310024e+00,2.933890912154357711e+00
1.239999999999999956e-02,4.084545416919925231e-01,1.213709520880521975e+00,2.971467806069239881e+00
1.244999999999999926e-02,3.912625228326959137e-01,1.106812365945749610e+00,2.828822852576205360e+00
1.250000000000000069e-02,3.844549447359943972e-01,1.165111943502507241e+00,3.030555230087080165e+00
1.255000000000000039e-02,3.781088970433271745e-01,1.110656970187782422e+00,2.937399724980587212e+00
1.260000000000000009e-02,3.746474314336576961e-01,1.087744480887703702e+00,2.903381658657709696e+00
1.264999999999999979e-02,4.038392294489961953e-01,1.193860123863960565e+00,2.956275757293019169e+00
1.269999999999999948e-02,3.649552799963292626e-01,1.102220374233564115e+00,3.020151877908576310e+00
1.274999999999999918e-02,3.646091568970286079e-01,1.056985388075929233e+00,2.898954587622818657e+00
1.280000000000000061e-02,3.813395895299941940e-01,1.169402966934507626e+00,3.066565861613821387e+00
1.285000000000000031e-02,3.744166908859955512e-01,1.096384452342698879e+00,2.928246734268937779e+00
1.290000000000000001e-02,3.673782799369935126e-01,1.091375601297454478e+00,2.970713460481737567e+00
1.294999999999999971e-02,4.000316156816612900e-01,1.244259720711958117e+00,3.110403457965982277e+00
1.299999999999999940e-02,3.899933212563611029e-01,1.164642202489065026e+00,2.986313198229080701e+00
1.305000000000000084e-02,3.874548780976592166e-01,1.119932435459560560e+00,2.890484799051305398e+00
1.310000000000000053e-02,3.485709279506639668e-01,1.019257639105996871e+00,2.924103983939419393e+00
1.315000000000000023e-02,3.601092340686607995e-01,1.084976224834822700e+00,3.012908646013653602e+00
1.319999999999999993e-02,3.491478466799935454e-01,1.053925079562953782e+00,3.018563882276821708e+00
1.324999999999999963e-02,3.830703646513272664e-01,1.166698652368308720e+00,3.045651034452232064e+00
1.329999999999999932e-02,3.385326401486938863e-01,1.097833032388031205e+00,3.242916345986104343e+00
1.335000000000000075e-02,3.456863774413276857e-01,1.039193598515970596e+00,3.006174574213153150e+00
1.340000000000000045e-02,3.805319405926613219e-01,1.196162508980244121e+00,3.143395813547937845e+00
1.345000000000000015e-02,4.127237070959950960e-01,1.225457424042293297e+00,2.969195621605678959e+00
1.349999999999999985e-02,3.613784273886596066e-01,1.084682900577202957e+00,3.001515359993072174e+00
1.354999999999999954e-02,3.233021469399938730e-01,9.587860435635480183e-01,2.965603701176480200e+00
1.359999999999999924e-02,3.896471576813604343e-01,1.157377044077509520e+00,2.970320766522750233e+00
1.365000000000000067e-02,3.466094478273268331e-01,1.113146537407214254e+00,3.211529704065537505e+00
1.370000000000000037e-02,3.543400611976605941e-01,1.048481492663821069e+00,2.958969666370716567e+00
1.375000000000000007e-02,3.707244309309923880e-01,1.151532782276253997e+00,3.106169127792398843e+00
1.379999999999999977e-02,3.504170603259957884e-01,1.095246057212919677e+00,3.125550040839916832e+00
1.384999999999999946e-02,3.894163933339936379e-01,1.175198937029649615e+00,3.017846595948794786e+00
1.389999999999999916e-02,3.700321344410266722e-01,1.165993882139072957e+00,3.151061147433673604e+00
1.395000000000000059e-02,3.509939824429951227e-01,1.055130588480287956e+00,3.006121589710306630e+00
1.400000000000000029e-02,3.771858331369936090e-01,1.146578068086384850e+00,3.039822727567683014e+00
1.404999999999999999e-02,3.588399912229966460e-01,1.152262702035697473e+00,3.211076608570191837e+00
1.409999999999999969e-02,3.719936463256608428e-01,1.109358521312290735e+00,2.982197497913998685e+00
1.414999999999999938e-02,3.121100331170250652e-01,9.910997078508912983e-01,3.175481729801618691e+00
1.420000000000000082e-02,3.642629726773286003e-01,1.091413458025477956e+00,2.996223991704678902e+00
1.425000000000000051e-02,3.474171225153283027e-01,1.068442380356118271e+00,3.075387800752329870e+00
1.430000000000000021e-02,3.550323954246630276e-01,1.123738548180652774e+00,3.165171862236744182e+00
1.434999999999999991e-02,3.983008272599923294e-01,1.157623419955195576e+00,2.906404759233785384e+00
1.439999999999999961e-02,3.445325526226624135e-01,1.029691295407365592e+00,2.988661847970865093e+00
1.444999999999999930e-02,3.586092583040246251e-01,1.119626179263302657e+00,3.122134059110367676e+00
1.450000000000000074e-02,3.391095585813267421e-01,1.049137428713514675e+00,3.093800815000931070e+00
1.455000000000000043e-02,3.744166623346606437e-01,1.124946158639873017e+00,3.004530171347916667e+00
1.460000000000000013e-02,3.468402073529942564e-01,1.095928786333237648e+00,3.159751271910247628e+00
1.464999999999999983e-02,3.873395062563287361e-01,1.178057854641524349e+00,3.041408985175717561e+00
1.469999999999999953e-02,3.641476343813279115e-01,1.119229578325865004e+00,3.073559931886941321e+00
1.474999999999999922e-02,3.362249911720215367e-01,1.103296231611158973e+00,3.281422442053641308e+00
1.480000000000000066e-02,3.428018045636617717e-01,1.077004078868073922e+00,3.141768988757068559e+00
1.485000000000000035e-02,2.921488272876611725e-01,9.564927257052501242e-01,3.273991323482020821e+00
1.490000000000000005e-02,3.466094410389949365e-01,1.108146350452479112e+00,3.197103769391579586e+00
1.494999999999999975e-02,3.902240800243284014e-01,1.179089089649385302e+00,3.021569272649384796e+00
1.499999999999999944e-02,3.477632778736625130e-01,1.073385103611946167e+00,3.086539528195647364e+00
1.504999999999999914e-02,3.441864009403580171e-01,1.068777799481112289e+00,3.105229598151131754e+00
1.510000000000000057e-02,3.556092914839933394e-01,1.106482377143987783e+00,3.111511435841638473e+00
1.515000000000000027e-02,3.064562788753287803e-01,9.910707366929356610e-01,3.233971058873682747e+00
1.519999999999999997e-02,3.572246523499941206e-01,1.136464050328647613e+00,3.181370722463987555e+00
1.524999999999999967e-02,3.376095937986625661e-01,1.078291550205459082e+00,3.193900795510304480e+00
1.529999999999999936e-02,3.623014751113582954e-01,1.124990098313528808e+00,3.105121495759154193e+00
1.535000000000000080e-02,3.655321926106609998e-01,1.095392794328842179e+00,2.996706764746099871e+00
1.540000000000000049e-02,3.587246263149969638e-01,1.173207007254028378e+00,3.270494750543924134e+00
1.545000000000000019e-02,3.158022779943264746e-01,1.011685710965644969e+00,3.203541524117252681e+00
1.549999999999999989e-02,3.609168947116614956e-01,1.150502941414248914e+00,3.187722598393162077e+00
1.554999999999999959e-02,3.657629497589951484e-01,1.118845404099390040e+00,3.058935862247962767e+00
1.559999999999999928e-02,3.449940879416905637e-01,1.046128630302247231e+00,3.032308862287111051e+00
1.565000000000000072e-02,3.805319278316299791e-01,1.166399531420394098e+00,3.065181778745458718e+00
1.569999999999999868e-02,3.520324279026909586e-01,1.127378818142605432e+00,3.202485705249393355e+00
1.575000000000000011e-02,3.234175407893578047e-01,1.064154166439141846e+00,3.290341531389686214e+00
1.580000000000000154e-02,3.327635302142987195e-01,1.084338882937511572e+00,3.258586907763601825e+00
1.584999999999999951e-02,3.515708824623569040e-01,1.061300710548848558e+00,3.018738932859387880e+00
1.590000000000000094e-02,3.548016187459667736e-01,1.066948666800392242e+00,3.007169670114479665e+00
1.594999999999999890e-02,3.200714234613560305e-01,1.028391422101921471e+00,3.213006056525020693e+00
1.600000000000000033e-02,3.101485348116329033e-01,9.983206189376971906e-01,3.218846800433933897e+00
1.604999999999999830e-02,3.365711465170236338e-01,1.044537463972110114e+00,3.103467052305025398e+00
1.609999999999999973e-02,3.549170078526908689e-01,1.055256730682944788e+00,2.973249259220994034e+00
1.615000000000000116e-02,3.087639214213004357e-01,1.007194753848437152e+00,3.262022159882293160e+00
1.619999999999999912e-02,3.182253256740231184e-01,1.030748923034234155e+00,3.239053714065771139e+00
1.625000000000000056e-02,3.633399143766334327e-01,1.106984887493309477e+00,3.046692212146621781e+00
1.629999999999999852e-02,3.264174734353567642e-01,1.027930539124194853e+00,3.149128410026017288e+00
1.634999999999999995e-02,3.264174630473560268e-01,1.002468092483482121e+00,3.071122736892437644e+00
1.640000000000000138e-02,3.439556622426351296e-01,1.112049237553538461e+00,3.233117984750808915e+00
1.644999999999999934e-02,3.254944206080240265e-01,1.031172124743872986e+00,3.168017819837409377e+00
1.650000000000000078e-02,3.175330277113009303e-01,1.034560228697959827e+00,3.258118489767229953e+00
1.654999999999999874e-02,3.526093245926898434e-01,1.115458422494261193e+00,3.163439945278708532e+00
1.660000000000000017e-02,3.371480662180227350e-01,1.067226614849773991e+00,3.165453762856919706e+00
1.665000000000000160e-02,3.134946350072999599e-01,1.010270152247283670e+00,3.222607468940445585e+00
1.669999999999999957e-02,3.311481611223521804e-01,1.073132554434552466e+00,3.240641744158902160e+00
1.675000000000000100e-02,3.655322012443039670e-01,1.045338265509311082e+00,2.859770663024726822e+00
1.679999999999999896e-02,3.151099765713550882e-01,9.462435544885425820e-01,3.002899383841851844e+00
1.685000000000000039e-02,3.498401695073019568e-01,1.136722951985703611e+00,3.249263666852807209e+00
1.689999999999999836e-02,3.306866300163558425e-01,1.073200458827572534e+00,3.245369970882983068e+00
1.694999999999999979e-02,3.528401013956903864e-01,1.072061870185159194e+00,3.038378761213714530e+00
1.700000000000000122e-02,3.498401615509659224e-01,1.072449014074243312e+00,3.065540014959103665e+00
1.704999999999999918e-02,3.491478540203546976e-01,1.096398697050161353e+00,3.140213191704862350e+00
1.710000000000000062e-02,3.182253136663039106e-01,9.897379817149557502e-01,3.110179923501656507e+00
1.714999999999999858e-02,3.544554617250236239e-01,1.110204501110807929e+00,3.132141047306171266e+00
1.720000000000000001e-02,3.643783639706866806e-01,1.122861023846366102e+00,3.081579849062326293e+00
1.725000000000000144e-02,2.909950147026362788e-01,9.600542151001353330e-01,3.299211899149548266e+00
1.729999999999999941e-02,3.256098033496900301e-01,1.018484877531745658e+00,3.127930630632578257e+00
1.735000000000000084e-02,2.982641130716352507e-01,9.379040013565376199e-01,3.144541901798549866e+00
1.739999999999999880e-02,2.923796042473554291e-01,9.678003332150719729e-01,3.310081548630544379e+00
1.745000000000000023e-02,3.140715423820232832e-01,1.019049611685713508e+00,3.244641663351290894e+00
1.750000000000000167e-02,3.167253392196351380e-01,1.081420689956554604e+00,3.414380082821970586e+00
1.754999999999999963e-02,3.028794223416883535e-01,9.991321515603204251e-01,3.298778582696734851e+00
1.760000000000000106e-02,2.979179700796354413e-01,9.970032075179756648e-01,3.346569551516043628e+00
1.764999999999999902e-02,3.119946456596871531e-01,9.761278278461794633e-01,3.128668525007014090e+00
1.770000000000000046e-02,2.911103937026351951e-01,9.176115899708198187e-01,3.152108649573488020e+00
1.774999999999999842e-02,3.343788832700246294e-01,1.044916612555438551e+00,3.124947970209068782e+00
1.779999999999999985e-02,3.128023353433545539e-01,1.030994657995539354e+00,3.295994119941095590e+00
1.785000000000000128e-02,3.259559405506353702e-01,1.034894086638477706e+00,3.174950838110934370e+00
1.789999999999999925e-02,3.246867320603561424e-01,1.025229899896029861e+00,3.157597150306250988e+00
1.795000000000000068e-02,3.314943240989690620e-01,1.184232817020083095e+00,3.572407522327668339e+00
1.799999999999999864e-02,3.361096215350226069e-01,1.121023504240738156e+00,3.335291322875526543e+00
1.805000000000000007e-02,3.126869447336894647e-01,1.043490120219386030e+00,3.337172011156749996e+00
1.810000000000000150e-02,3.137254038163037051e-01,1.032069860827122598e+00,3.289723587164246954e+00
1.814999999999999947e-02,3.071485764256877693e-01,9.853979078139291081e-01,3.208212518127488533e+00
1.820000000000000090e-02,3.011486759826359494e-01,9.845335493261740956e-01,3.269260760033830149e+00
1.824999999999999886e-02,3.404941618646884494e-01,1.082433878342983435e+00,3.179008627975066670e+00
1.830000000000000029e-02,3.048409385620205470e-01,9.735147357193091322e-01,3.193517052898213304e+00
1.835000000000000173e-02,3.146484417279689638e-01,1.006939835847898923e+00,3.200206015062532217e+00
1.839999999999999969e-02,3.108408245690216787e-01,1.026443469616518778e+00,3.302151417979521941e+00
1.845000000000000112e-02,2.897258027063024932e-01,9.837214524757895706e-01,3.395353272946132428e+00
1.849999999999999908e-02,3.130330906120228907e-01,9.862818959316260736e-01,3.150727272964365611e+00
1.855000000000000052e-02,3.266482542246346155e-01,1.057816895030850191e+00,3.238397515828736140e+00
1.859999999999999848e-02,3.222637021763549159e-01,1.072729467313354279e+00,3.328731905172230832e+00
1.864999999999999991e-02,3.296481891490217198e-01,1.066931057926033821e+00,3.236574909391399135e+00
1.870000000000000134e-02,3.265328632546383725e-01,1.019522469092293937e+00,3.122266037575657904e+00
1.874999999999999931e-02,2.884565932440196767e-01,9.522577585458106286e-01,3.301216823774413722e+00
1.880000000000000074e-02,2.658415938919699850e-01,9.231109916903931234e-01,3.472409934712916257e+00
1.884999999999999870e-02,3.010333076860210455e-01,1.018339754833158528e+00,3.382814222987215125e+00
1.890000000000000013e-02,3.220329348103555533e-01,1.029118936552035235e+00,3.195694679980732200e+00
1.895000000000000157e-02,3.003410056209693813e-01,9.771437803889186924e-01,3.253447788018912767e+00
1.899999999999999953e-02,3.265328607176868903e-01,1.028806884224458207e+00,3.150699387385522243e+00
1.905000000000000096e-02,3.018409799769697366e-01,9.657181844061065723e-01,3.199427011136096510e+00
1.909999999999999892e-02,3.363403951513534440e-01,1.044955992758789476e+00,3.106840593109722715e+00
1.915000000000000036e-02,3.482247907046369662e-01,1.078212204099979754e+00,3.096310868385345749e+00
1.919999999999999832e-02,2.990718005676876734e-01,1.038357402302462207e+00,3.471933496677013231e+00
1.924999999999999975e-02,2.792259816736878397e-01,8.981765668163567140e-01,3.216665445789331113e+00
1.930000000000000118e-02,3.402633948536369912e-01,1.084939628180242588e+00,3.188528782671216533e+00
1.934999999999999915e-02,2.727645570116872809e-01,9.180471447402874796e-01,3.365712740680423032e+00
1.940000000000000058e-02,3.048409215096369862e-01,1.067475638892444900e+00,3.501746529324471169e+00
1.944999999999999854e-02,3.061101410296868108e-01,1.024886819845142405e+00,3.348098225029885633e+00
1.949999999999999997e-02,3.020717429250214803e-01,1.036370982419074327e+00,3.430876957850097053e+00
1.955000000000000140e-02,3.201868220823041455e-01,1.057564656868583919e+00,3.302961221173357664e+00
1.959999999999999937e-02,3.128023110866868794e-01,1.061054026475766188e+00,3.392091390852020716e+00
1.965000000000000080e-02,3.199560710593033486e-01,1.025295275277956941e+00,3.204487640704651863e+00
1.969999999999999876e-02,2.893796408216883220e-01,9.760565702989266734e-01,3.372927575441836634e+00
1.975000000000000019e-02,3.051870845790208286e-01,9.884557755414429270e-01,3.238851922272307782e+00
1.980000000000000163e-02,2.949180119779687415e-01,9.683507529041516237e-01,3.283457481655919885e+00
1.984999999999999959e-02,3.091100881406904088e-01,1.013238683757871961e+00,3.277921758725324430e+00
1.990000000000000102e-02,2.944564859413048019e-01,1.017104305936409325e+00,3.454175249986352281e+00
1.994999999999999898e-02,2.863797117693517857e-01,1.018153752793181877e+00,3.555257970275477408e+00
2.000000000000000042e-02,2.729953162333052519e-01,9.353109539518221771e-01,3.426106230894062854e+00
2.004999999999999838e-02,3.506478292233531913e-01,1.143745384693058309e+00,3.261806545976143390e+00
2.009999999999999981e-02,2.901873365770228919e-01,1.003928474934173920e+00,3.459587474685362540e+00
2.015000000000000124e-02,2.996487159156382418e-01,9.972256994497940008e-01,3.327982555848991275e+00
2.019999999999999921e-02,3.028794169073530940e-01,1.044564650676403250e+00,3.448780578562465227e+00
2.025000000000000064e-02,2.748414436493030744e-01,9.012588927212515921e-01,3.279195745570509413e+00
2.029999999999999860e-02,2.981487348210227761e-01,9.697530751276726146e-01,3.252581553665859548e+00
2.035000000000000003e-02,3.058793631956878700e-01,9.892114833272506180e-01,3.233992228153023785e+00
2.040000000000000147e-02,2.899565748333055026e-01,9.463926783885153737e-01,3.263911773452943699e+00
2.044999999999999943e-02,2.960718475506860514e-01,9.724457976563518624e-01,3.284492617927389890e+00
2.050000000000000086e-02,2.990717945179723336e-01,9.604010882986212527e-01,3.211272697402118848e+00
2.054999999999999882e-02,3.076101095433541599e-01,1.011347429279327859e+00,3.287757449781701258e+00
2.060000000000000026e-02,3.008025296130197868e-01,9.511421453940998028e-01,3.162015115423853384e+00
2.065000000000000169e-02,2.814182571216390372e-01,9.848336495791916168e-01,3.499537164546901558e+00
2.069999999999999965e-02,3.073793448873516909e-01,1.079665196473768018e+00,3.512484538834069969e+00
2.075000000000000108e-02,3.118792668286398673e-01,9.738905570117767363e-01,3.122652451106584515e+00
2.079999999999999905e-02,2.916873034670161569e-01,9.225743910675949788e-01,3.162888408586214783e+00
2.085000000000000048e-02,2.656108367983077700e-01,9.145246883495319334e-01,3.443100060875823765e+00
2.089999999999999844e-02,2.997641283840207782e-01,9.613495174144227606e-01,3.207019874582393459e+00
2.094999999999999987e-02,3.096869538986856685e-01,1.031218532515651765e+00,3.329873988986361333e+00
2.100000000000000130e-02,2.578801938926384985e-01,8.497667278311423766e-01,3.295199662308769373e+00
2.104999999999999927e-02,3.184560844193564666e-01,1.002698170920683918e+00,3.148623059750645048e+00
2.110000000000000070e-02,2.787644480209690023e-01,9.471178852518479241e-01,3.397556223455742153e+00
2.114999999999999866e-02,3.066870393110198711e-01,9.626967445081494601e-01,3.139019981642758417e+00
2.120000000000000009e-02,3.419941537643537699e-01,1.105359026309024495e+00,3.232099186907904098e+00
2.125000000000000153e-02,3.100331422956375538e-01,1.004162285822610912e+00,3.238886908629511119e+00
2.129999999999999949e-02,3.272251594456985768e-01,1.088265382055025432e+00,3.325738717336060191e+00
2.135000000000000092e-02,3.019563566622949780e-01,9.841033792509525924e-01,3.259091446621089627e+00
2.139999999999999888e-02,2.649185327640187770e-01,9.265296018039866910e-01,3.497413307166813201e+00
2.145000000000000032e-02,3.076101144139711807e-01,1.022973938774841773e+00,3.325553650027770036e+00
2.149999999999999828e-02,3.025332762976872258e-01,1.010864512822926997e+00,3.341333307838357580e+00
2.154999999999999971e-02,3.222637068843536845e-01,1.032612390794976687e+00,3.204246611504211195e+00
2.160000000000000114e-02,2.862643244306359303e-01,1.000472591424550695e+00,3.494925864109807989e+00
2.164999999999999911e-02,2.777259976846884193e-01,9.550880363823623931e-01,3.438957981408372611e+00
2.170000000000000054e-02,3.040332522426386630e-01,1.000500128304496750e+00,3.290758892076815822e+00
2.174999999999999850e-02,2.926103682046856114e-01,9.742317659768202631e-01,3.329450599970981362e+00
2.179999999999999993e-02,3.092254666026849619e-01,1.059824053873335670e+00,3.427350488034265119e+00
2.185000000000000137e-02,2.793413669966401391e-01,9.531507203131283079e-01,3.412135948789112305e+00
2.189999999999999933e-02,3.017255926603534255e-01,1.020486525614773710e+00,3.382167606721765196e+00
2.195000000000000076e-02,3.062255198923060084e-01,1.009237268890040395e+00,3.295732077604018428e+00
2.199999999999999872e-02,2.749568254163534120e-01,9.204578804897532995e-01,3.347645140635988170e+00
2.205000000000000016e-02,2.883412060750198957e-01,9.791221484638379380e-01,3.395706641419445226e+00
2.210000000000000159e-02,3.126869532393066198e-01,1.026855560939053724e+00,3.283973156862663334e+00
2.214999999999999955e-02,3.117638803906852552e-01,1.009282861516310525e+00,3.237330957811832111e+00
2.220000000000000098e-02,3.214560295236399967e-01,1.023558038311495277e+00,3.184130780898052571e+00
2.224999999999999895e-02,2.859181663630173675e-01,9.850583436225011091e-01,3.445245736403531378e+00
2.230000000000000038e-02,3.176484045293048730e-01,1.038167916620610365e+00,3.268292558116197011e+00
2.234999999999999834e-02,2.701107548040202477e-01,9.449202219902413935e-01,3.498269525313167705e+00
2.239999999999999977e-02,2.733414698063548198e-01,9.704524916834829096e-01,3.550330260428420370e+00
2.245000000000000120e-02,2.882258265656379437e-01,9.843042113539133275e-01,3.415045150819462805e+00
2.249999999999999917e-02,2.571879474950188871e-01,9.105241196077716870e-01,3.540306334243778608e+00
2.255000000000000060e-02,2.975717727596393081e-01,9.791341159497122248e-01,3.290413290445388661e+00
2.259999999999999856e-02,2.993025603923543110e-01,1.027382394879554406e+00,3.432588059162486438e+00
2.264999999999999999e-02,2.825721166016831321e-01,9.786010624595085083e-01,3.463190474093930771e+00
2.270000000000000143e-02,2.714953080596421708e-01,9.268889221926125410e-01,3.414014513978242515e+00
2.274999999999999939e-02,2.615724397916850963e-01,9.618848931247123701e-01,3.677317434094939053e+00
2.280000000000000082e-02,2.921488319656354582e-01,9.723590549797663796e-01,3.328300333900160446e+00
2.284999999999999878e-02,2.903027169110227734e-01,1.000606395419119332e+00,3.446768966085161701e+00
2.290000000000000022e-02,2.531495030753518338e-01,8.723523916518245436e-01,3.445996855826978678e+00
2.295000000000000165e-02,2.899565693146403111e-01,1.014052418172610714e+00,3.497256228991428628e+00
2.299999999999999961e-02,2.920334598446856500e-01,9.837293045243972189e-01,3.368549977278567198e+00
2.305000000000000104e-02,2.680338629746396584e-01,9.529195272756855184e-01,3.555220660181460435e+00
2.309999999999999901e-02,2.601878424740187712e-01,8.952833464970064714e-01,3.440911527549199711e+00
2.315000000000000044e-02,2.885719740319732107e-01,9.277190748507612161e-01,3.214862004402311513e+00
2.319999999999999840e-02,2.909950105580197399e-01,1.013932142098862732e+00,3.484362636165203142e+00
2.324999999999999983e-02,2.813028716180201450e-01,9.941732753412994006e-01,3.534173930123552410e+00
2.330000000000000127e-02,2.705722835269723792e-01,9.527050111098152030e-01,3.521073920399697688e+00
2.334999999999999923e-02,2.979179689370182738e-01,1.016920840808185122e+00,3.413425663569721102e+00
2.340000000000000066e-02,2.983794987516407149e-01,1.025861017128421704e+00,3.438108252813668830e+00
2.344999999999999862e-02,2.622647316830177822e-01,8.958372580766074122e-01,3.415774787283817115e+00
2.350000000000000006e-02,2.837259136603495491e-01,9.375599235981246782e-01,3.304456443553776879e+00
2.355000000000000149e-02,2.480726680623081826e-01,9.229083891793221639e-01,3.720314681936327084e+00
2.359999999999999945e-02,3.058793634520193816e-01,1.031638516835971631e+00,3.372697344447677104e+00
2.365000000000000088e-02,2.596109370326407650e-01,9.046616225442317694e-01,3.484682243685631509e+00
2.369999999999999885e-02,2.786490700593518000e-01,9.967861345340390811e-01,3.577209621843436604e+00
2.375000000000000028e-02,3.012640632240173311e-01,1.041316811485458294e+00,3.456491957061417430e+00
2.380000000000000171e-02,3.061101440916400573e-01,1.006398227961281755e+00,3.287699696943060967e+00
2.384999999999999967e-02,2.738029899130184353e-01,9.836537073311723001e-01,3.592560138381464707e+00
2.390000000000000110e-02,2.669954243893047918e-01,9.321257498958375187e-01,3.491167506064483117e+00
2.394999999999999907e-02,2.656108321286826390e-01,9.423663179381221999e-01,3.547921259030453633e+00
2.400000000000000050e-02,2.589186330519769874e-01,9.371773376551982837e-01,3.619582440275989299e+00
2.404999999999999846e-02,2.816490200593513293e-01,1.013794247513830182e+00,3.599495028600473656e+00
2.409999999999999989e-02,3.104946769606856116e-01,1.019577473839954340e+00,3.283719656066927506e+00
2.415000000000000133e-02,2.657262139066429163e-01,8.714728253974144412e-01,3.279589215475697372e+00
2.419999999999999929e-02,2.838412858863505472e-01,9.850913586657754628e-01,3.470571081967984028e+00
2.425000000000000072e-02,3.076101282129758974e-01,1.021645186327243104e+00,3.321233901700077595e+00
2.429999999999999868e-02,2.538418532956857598e-01,9.036047591495892650e-01,3.559715418942486664e+00
2.435000000000000012e-02,2.905334157943508799e-01,9.567760082411963518e-01,3.293170273117340674e+00
2.440000000000000155e-02,2.973410482819747180e-01,1.018718624337847656e+00,3.426094816790231867e+00
2.444999999999999951e-02,2.853412690333508306e-01,9.886867803126023757e-01,3.464927396103520518e+00
2.450000000000000094e-02,2.807259498786411900e-01,9.414806364223440305e-01,3.353735687168747148e+00
2.454999999999999891e-02,2.712645843180184202e-01,9.269565176529226402e-01,3.417167486066667870e+00
2.460000000000000034e-02,2.560340705556404250e-01,8.504189265039248102e-01,3.321506878589874034e+00
2.464999999999999830e-02,2.694184530856851834e-01,9.462585910083938234e-01,3.512226353357644992e+00
2.469999999999999973e-02,2.787644537186894644e-01,9.605217761524172948e-01,3.445639368072774378e+00
2.475000000000000117e-02,2.663031256506362965e-01,9.469926929345384714e-01,3.556070514083640166e+00
2.479999999999999913e-02,2.660723593003506138e-01,9.278365357515758749e-01,3.487158674397311753e+00
2.485000000000000056e-02,2.793413651789737884e-01,9.450684783815983536e-01,3.383202762598707114e+00
2.489999999999999852e-02,2.959564621353510949e-01,1.066851302783478506e+00,3.604757588619810438e+00
2.494999999999999996e-02,2.979179653480159562e-01,1.030269738237546084e+00,3.458232997241458051e+00
2.500000000000000139e-02,2.930719067706429315e-01,1.000317913582350560e+00,3.413216655956027523e+00
2.504999999999999935e-02,2.849951139000175826e-01,9.919937109520085006e-01,3.480739362079102950e+00
2.510000000000000078e-02,2.649185372619750622e-01,9.296291219092017721e-01,3.509113146694984309e+00
2.514999999999999875e-02,2.840720491660162494e-01,9.753646906559412244e-01,3.433511651425876554e+00
2.520000000000000018e-02,3.189176105980208731e-01,1.068226853716236269e+00,3.349538621317092790e+00
2.525000000000000161e-02,2.891488841033031387e-01,9.453094457987094579e-01,3.269282704411137441e+00
2.529999999999999957e-02,2.538418066956902863e-01,8.807212001010704672e-01,3.469567174791241104e+00
2.535000000000000100e-02,2.432265938136394245e-01,8.329772077318480239e-01,3.424696266437363246e+00
2.539999999999999897e-02,2.498034156350184554e-01,8.892968482480868575e-01,3.559986743925937169e+00
2.545000000000000040e-02,2.829182236423054553e-01,9.470247572479915110e-01,3.347344490771716252e+00
2.549999999999999836e-02,2.800336679033514908e-01,9.542044225235704058e-01,3.407463215647686283e+00
2.554999999999999979e-02,2.571878940940193758e-01,9.025471019340353118e-01,3.509290766244596238e+00
2.560000000000000123e-02,2.534956468596418766e-01,9.399990039764214433e-01,3.708146532776122495e+00
2.564999999999999919e-02,2.536110371530194696e-01,8.645810603710302189e-01,3.409082940855504340e+00
2.570000000000000062e-02,2.758798885699716430e-01,9.737628882474952396e-01,3.529662467586936803e+00
2.574999999999999858e-02,2.517649051120168791e-01,9.300623139298016540e-01,3.694169818926876570e+00
2.580000000000000002e-02,2.651493065183528341e-01,9.675137402501935435e-01,3.648939357807542194e+00
2.585000000000000145e-02,2.808413368636407670e-01,1.052093272731006168e+00,3.746219429377797727e+00
2.589999999999999941e-02,2.598417019420186103e-01,8.670244556257964419e-01,3.336740981704565900e+00
2.595000000000000084e-02,2.689569298639743478e-01,9.710602238406141895e-01,3.610467387219694846e+00
2.599999999999999881e-02,3.058793709593503607e-01,1.023785670502836087e+00,3.347024244530996562e+00
2.605000000000000024e-02,2.822259264886852748e-01,9.901257688538412927e-01,3.508273606087484620e+00
2.610000000000000167e-02,2.585724892183080548e-01,9.178687915608949588e-01,3.549754246229787302e+00
2.614999999999999963e-02,2.787644511656862112e-01,9.412361192475717786e-01,3.376456773134747458e+00
2.620000000000000107e-02,2.510726189929747276e-01,8.761960766059005978e-01,3.489811354659973830e+00
2.624999999999999903e-02,2.630724067943511213e-01,9.482326822423216006e-01,3.604455114836782492e+00
2.630000000000000046e-02,2.480726710603070040e-01,8.607270166393343747e-01,3.469656745986702262e+00
2.634999999999999842e-02,2.928411368483510580e-01,1.038864012828352612e+00,3.547534420911405029e+00
2.639999999999999986e-02,3.108408249463519568e-01,1.067167010593019771e+00,3.433162329231374876e+00
2.645000000000000129e-02,2.399958915923055824e-01,8.931806679391157688e-01,3.721649824974552434e+00
2.649999999999999925e-02,2.559186915053531242e-01,8.946174376406621498e-01,3.495709642693094032e+00
2.655000000000000068e-02,2.523418219719746891e-01,8.917662868577603819e-01,3.533961512558155160e+00
2.659999999999999865e-02,2.622647344953535908e-01,9.346017858107317222e-01,3.563581613857007557e+00
2.665000000000000008e-02,2.747260567186826652e-01,9.714606013896032177e-01,3.536106523686507241e+00
2.670000000000000151e-02,2.936488113853079063e-01,1.012594552608404141e+00,3.448318240524869349e+00
2.674999999999999947e-02,2.488803475740168913e-01,9.069467662314601997e-01,3.644107600588008200e+00
2.680000000000000090e-02,2.578801925006484752e-01,9.295674510859390782e-01,3.604648507789529166e+00
2.684999999999999887e-02,2.579955844940101106e-01,9.666813601862996874e-01,3.746891103125616240e+00
2.690000000000000030e-02,2.869566122590165302e-01,1.004260419440749619e+00,3.499694297109525731e+00
2.695000000000000173e-02,2.781875369689779665e-01,9.935831771751499897e-01,3.571630807047798228e+00
2.699999999999999969e-02,2.718414963523506644e-01,8.865332552189768567e-01,3.261213858497475471e+00
2.705000000000000113e-02,2.708030427463087864e-01,9.668761895145723262e-01,3.570403713743912189e+00
2.709999999999999909e-02,2.338806117823478137e-01,8.347175525061704127e-01,3.568989948097830656e+00
2.715000000000000052e-02,2.616878165789766619e-01,9.180084807938185820e-01,3.508029119562645626e+00
2.719999999999999848e-02,2.601878390300180199e-01,9.087483475265587529e-01,3.492662650623405529e+00
2.724999999999999992e-02,2.305345131500158296e-01,8.226137862450280114e-01,3.568289081772880511e+00
2.730000000000000135e-02,2.611109135679779425e-01,9.194120930308722350e-01,3.521155360637621801e+00
2.734999999999999931e-02,2.697646048746818459e-01,9.468564116034011713e-01,3.509935679083102222e+00
2.740000000000000074e-02,2.633031774473105213e-01,9.178075370844149816e-01,3.485744251104136548e+00
2.744999999999999871e-02,2.814182521800173142e-01,9.885992778355557897e-01,3.512918121611990241e+00
2.750000000000000014e-02,2.620339602270175261e-01,9.234425749817811724e-01,3.524133185567783766e+00
2.755000000000000157e-02,2.903027242989756895e-01,1.035841856512011550e+00,3.568143767900790575e+00
2.759999999999999953e-02,2.388420551040203732e-01,8.350591382367947846e-01,3.496281833084672996e+00
2.765000000000000097e-02,2.652646865179708047e-01,9.214360696788427285e-01,3.473647705520796602e+00
2.769999999999999893e-02,2.476111427120166186e-01,8.977990076202728709e-01,3.625842511717880523e+00
2.775000000000000036e-02,2.567263646246384368e-01,9.848883903174090459e-01,3.836335203660994342e+00
2.779999999999999832e-02,2.543033295810226413e-01,8.987752679333105288e-01,3.534264649283544113e+00
2.784999999999999976e-02,2.714953479943498227e-01,9.283963494730052002e-01,3.419566325284978170e+00
2.790000000000000119e-02,2.488803410603073474e-01,9.359963442592315053e-01,3.760828759200494087e+00
2.794999999999999915e-02,2.578801992830180856e-01,9.261226771547141912e-01,3.591290373319100837e+00
2.800000000000000058e-02,2.597263152096422334e-01,9.394449512469174035e-01,3.617057249238027516e+00
2.804999999999999855e-02,2.991871784176830529e-01,1.014915674375089338e+00,3.392243209560962036e+00
2.809999999999999998e-02,2.533802685290177381e-01,8.838426141704305294e-01,3.488206162624737594e+00
2.815000000000000141e-02,2.911103991383100498e-01,1.041903625427769153e+00,3.579067008639386316e+00
2.819999999999999937e-02,2.526879704586822428e-01,9.020256389541013720e-01,3.569721333851918477e+00
2.825000000000000080e-02,2.562648395073073293e-01,9.423900961399749310e-01,3.677406927738531728e+00
2.829999999999999877e-02,2.540725649460158775e-01,8.956344817554607873e-01,3.525112921758242202e+00
2.835000000000000020e-02,2.867258558813490787e-01,1.070564797532464363e+00,3.733757439634178166e+00
2.840000000000000163e-02,2.469188458916370399e-01,9.237802671921222508e-01,3.741230297170322405e+00
2.844999999999999959e-02,2.531495016170240975e-01,9.298581615722106841e-01,3.673158175831377825e+00
2.850000000000000103e-02,2.546494799053101166e-01,9.202686175243924849e-01,3.613864115750752060e+00
2.854999999999999899e-02,2.501495522540156946e-01,8.660506936858911597e-01,3.462131696348012433e+00
2.860000000000000042e-02,2.350344325956421065e-01,8.331953738453888869e-01,3.544992810814382889e+00
2.864999999999999838e-02,2.498034206276850133e-01,9.094207568612205916e-01,3.640545652161626400e+00
2.869999999999999982e-02,2.809567188090164591e-01,1.023750400159183283e+00,3.643801096834026421e+00
2.875000000000000125e-02,2.364190163983101445e-01,8.692342902792929982e-01,3.676668245733831775e+00
2.879999999999999921e-02,2.369959410663495802e-01,8.376386272885421036e-01,3.534400730745157038e+00
2.885000000000000064e-02,2.459957785203111258e-01,8.677006427451589010e-01,3.527298915308481497e+00
2.889999999999999861e-02,2.598416998003482137e-01,9.525269163497628311e-01,3.665796972085872962e+00
2.895000000000000004e-02,2.591494016263523603e-01,9.306535567416263088e-01,3.591185435509761437e+00
2.900000000000000147e-02,2.918026944869733796e-01,9.799321912182158423e-01,3.358201311132724687e+00
2.904999999999999943e-02,2.847643485196850177e-01,1.061590453171010084e+00,3.727961237737683842e+00
2.910000000000000087e-02,2.395343528303084946e-01,8.446614927174971310e-01,3.526264532569465260e+00
2.914999999999999883e-02,2.676877098216838835e-01,9.763134809261090341e-01,3.647210705252271534e+00
2.920000000000000026e-02,2.680338734980162174e-01,9.441585079412890824e-01,3.522534281280970347e+00
2.925000000000000169e-02,2.562648332873118107e-01,9.345995646920153277e-01,3.647006702804934886e+00
2.929999999999999966e-02,2.573032764256823479e-01,9.365990668381655171e-01,3.640058843590692206e+00
2.935000000000000109e-02,2.516495339329772873e-01,9.062261422796978882e-01,3.601143733971930772e+00
2.939999999999999905e-02,2.777260132386833447e-01,9.181475589927414749e-01,3.305947283388491531e+00
2.945000000000000048e-02,2.568417450053090967e-01,9.249654315144725247e-01,3.601304887160585277e+00
2.949999999999999845e-02,2.529187420370143657e-01,9.467395081347903529e-01,3.743255642147058193e+00
2.954999999999999988e-02,2.664185103723532566e-01,9.101068926832891481e-01,3.416079803956942218e+00
2.960000000000000131e-02,2.793413660449746705e-01,9.906009533004838108e-01,3.546202151603262909e+00
2.964999999999999927e-02,2.244192294016836564e-01,8.227269340385759966e-01,3.666026909690492275e+00
2.970000000000000070e-02,2.630724137956441111e-01,9.584999176559513279e-01,3.643483190907726765e+00
2.974999999999999867e-02,2.877643009523508377e-01,1.003133481105056291e+00,3.485955268896120618e+00
2.980000000000000010e-02,2.365344011020176496e-01,8.770504297779265768e-01,3.707919125893460954e+00
2.985000000000000153e-02,2.633031784706437728e-01,9.989328761820838176e-01,3.793850427420711657e+00
2.989999999999999949e-02,2.146117016733496696e-01,8.284568581300036927e-01,3.860259490374661429e+00
2.995000000000000093e-02,2.496880278499747086e-01,8.970452905708274915e-01,3.592664407241095148e+00
2.999999999999999889e-02,2.528033568890192817e-01,9.274356715110918525e-01,3.668605049094487480e+00
3.005000000000000032e-02,2.489957363229763909e-01,9.325659226368332444e-01,3.745308800899252777e+00
3.009999999999999828e-02,2.315729550470189135e-01,9.348046808370554794e-01,4.036761031301135283e+00
3.014999999999999972e-02,2.432265951050146535e-01,9.371196007229501967e-01,3.852866502194559395e+00
3.020000000000000115e-02,2.424189210209774514e-01,8.915629263674023086e-01,3.677777801388085077e+00
3.024999999999999911e-02,2.481880524230149765e-01,8.828522174656788790e-01,3.557190641719263802e+00
3.030000000000000054e-02,2.231500139609779998e-01,8.568668136214034892e-01,3.839868967121117471e+00
3.034999999999999851e-02,2.555725440576832042e-01,8.964339450212488458e-01,3.507551831619761362e+00
3.039999999999999994e-02,2.544187088703482869e-01,9.229334692711459454e-01,3.627616354823467670e+00
3.045000000000000137e-02,2.471496161663108149e-01,8.856959240777815268e-01,3.583642725472747426e+00
3.049999999999999933e-02,2.183039493166823997e-01,8.227945999175904079e-01,3.769032133834666620e+00
3.055000000000000077e-02,2.453034905999769422e-01,8.764171919506733577e-01,3.572787284058140944e+00
3.059999999999999873e-02,2.629570300726841725e-01,9.318810794437792921e-01,3.543853074345254317e+00
3.065000000000000016e-02,2.477265202406822020e-01,8.765331765034212186e-01,3.538309808945013124e+00
3.070000000000000159e-02,2.515341422116439962e-01,9.572207873586996429e-01,3.805530251051493451e+00
3.074999999999999956e-02,2.742645291456823897e-01,9.562552539346257374e-01,3.486616577481979284e+00
3.080000000000000099e-02,2.689569298136446074e-01,8.959484940308745093e-01,3.331196911905787150e+00
3.084999999999999895e-02,2.429958074196821860e-01,8.579472543083894731e-01,3.530708053849728412e+00
3.090000000000000038e-02,2.183039681593104131e-01,8.398555926714942332e-01,3.847184271330320815e+00
3.094999999999999835e-02,2.863797119966827176e-01,1.077075271278862933e+00,3.761004101056359961e+00
3.099999999999999978e-02,2.538418022860172152e-01,9.665828373815976704e-01,3.807815847023087397e+00
3.105000000000000121e-02,2.285730044526418092e-01,8.496951236060561463e-01,3.717390536300646087e+00
3.109999999999999917e-02,2.608801282936833443e-01,9.547360768556600874e-01,3.659673441209270628e+00
3.115000000000000061e-02,2.209577618876384097e-01,8.807195017559986683e-01,3.985917915858790739e+00
3.119999999999999857e-02,2.180731902316865589e-01,7.763373076077765278e-01,3.559985098502827405e+00
3.125000000000000000e-02,2.308806516476824278e-01,8.835669478731863480e-01,3.826942368568351682e+00
3.130000000000000143e-02,2.358421094446840338e-01,8.898978344088236403e-01,3.773277963397567714e+00
3.135000000000000286e-02,2.629570353506059943e-01,9.881066562641462880e-01,3.757673396898027374e+00
3.139999999999999736e-02,2.471496036490160586e-01,9.329285846253363434e-01,3.774752501526216886e+00
3.144999999999999879e-02,2.360728787763483882e-01,9.101680930786806289e-01,3.855453865757104026e+00
3.150000000000000022e-02,2.584571084433494037e-01,9.678385630602718281e-01,3.744677671623839466e+00
3.155000000000000165e-02,2.690723045206818709e-01,9.564565091447747580e-01,3.554644952584698370e+00
3.160000000000000309e-02,2.326114017109387755e-01,8.075141940524044326e-01,3.471515962299582814e+00
3.164999999999999758e-02,2.440342704996837642e-01,8.894166509575421875e-01,3.644638308940689519e+00
3.169999999999999901e-02,2.471496129403480679e-01,8.916304206048408787e-01,3.607654529566446833e+00
3.175000000000000044e-02,2.517649083370155916e-01,9.269211453491392749e-01,3.681693177463601252e+00
3.180000000000000188e-02,2.596109324900146564e-01,9.370283782678686668e-01,3.609356390659354652e+00
3.185000000000000331e-02,2.523418296352732959e-01,9.300992226610543812e-01,3.685870170654582445e+00
3.189999999999999780e-02,2.633031818046838168e-01,9.328760471702047807e-01,3.542972936279230822e+00
3.194999999999999923e-02,2.081502781446791517e-01,7.616312404453811080e-01,3.659045028592244009e+00
3.200000000000000067e-02,2.296114295796847504e-01,8.443908543836744496e-01,3.677477449312406943e+00
3.205000000000000210e-02,2.414958739796077558e-01,9.053300825289702924e-01,3.748842858513672383e+00
3.209999999999999659e-02,2.756491198546827670e-01,9.855730628017802530e-01,3.575462396982644453e+00
3.214999999999999802e-02,2.636493274753489713e-01,1.008256949754044562e+00,3.824234863061867440e+00
3.219999999999999946e-02,2.271884101090168306e-01,8.278267795753265768e-01,3.643789659772222578e+00
3.225000000000000089e-02,2.650339105683486296e-01,9.718920036367202364e-01,3.667047743258810666e+00
3.230000000000000232e-02,2.286884481872731301e-01,8.520822535349231730e-01,3.725952317614016351e+00
3.234999999999999681e-02,2.495725913313485422e-01,8.890920833277438096e-01,3.562458836464651224e+00
3.239999999999999825e-02,2.882258276616823656e-01,1.031863091476166838e+00,3.580050753422975962e+00
3.244999999999999968e-02,2.603032340330146965e-01,9.548726741356819980e-01,3.668308915495740230e+00
3.250000000000000111e-02,2.622647326823484559e-01,9.110060258760460661e-01,3.473612393700850287e+00
3.255000000000000254e-02,2.232654033789405745e-01,7.837034198731036572e-01,3.510187463047963696e+00
3.259999999999999704e-02,2.301883573463476274e-01,8.483644797846641161e-01,3.685522975900088483e+00
3.264999999999999847e-02,2.539571885716826460e-01,9.171552429612424007e-01,3.611456120299440631e+00
3.269999999999999990e-02,2.578801943456881518e-01,9.435595868335718839e-01,3.658906761830383658e+00
3.275000000000000133e-02,2.351497962550096188e-01,8.763748886724271880e-01,3.726879217543685119e+00
3.280000000000000276e-02,2.384959223412733975e-01,8.914562043335882979e-01,3.737825769020771016e+00
3.284999999999999726e-02,2.537264218140160010e-01,9.489051818408099637e-01,3.739875315533228051e+00
3.289999999999999869e-02,2.720722603396827921e-01,9.506609571450609364e-01,3.494148782232186168e+00
3.295000000000000012e-02,2.256884326383482298e-01,8.533971447001162947e-01,3.781306532743893278e+00
3.300000000000000155e-02,2.338806087190115068e-01,8.887313206456320946e-01,3.799935896837733917e+00
3.305000000000000299e-02,2.521110653902773890e-01,8.662889971034137826e-01,3.436140320784277780e+00
3.309999999999999748e-02,2.449573367566825477e-01,8.932870585230090477e-01,3.646704648043736618e+00
3.314999999999999891e-02,2.308806621020175198e-01,9.475400248394584279e-01,4.104025067377778058e+00
3.320000000000000034e-02,2.451880995536808161e-01,8.352048597986253542e-01,3.406384165132646746e+00
3.325000000000000178e-02,2.324960149743486304e-01,8.558492280646660122e-01,3.681135042934358115e+00
3.330000000000000321e-02,2.383805213562737169e-01,9.079395485826906587e-01,3.808782460147914328e+00
3.334999999999999770e-02,2.191116292236819918e-01,8.575593744780960481e-01,3.913801277989901628e+00
3.339999999999999913e-02,2.200346876540152652e-01,8.132709036349021758e-01,3.696103156760889519e+00
3.345000000000000057e-02,2.513033819300081184e-01,9.166884132904545845e-01,3.647736079993410208e+00
3.350000000000000200e-02,2.393035968066886399e-01,8.529636764790929915e-01,3.564357944724599658e+00
3.355000000000000343e-02,2.337652177012749244e-01,9.327393381591680965e-01,3.990068956071564532e+00
3.359999999999999792e-02,2.766875621620158987e-01,9.385343880963358254e-01,3.392036782436833597e+00
3.364999999999999936e-02,2.364190275493484594e-01,8.895875082876998352e-01,3.762757665949766128e+00
3.370000000000000079e-02,2.213038982406820010e-01,8.812901565126637360e-01,3.982262235408998041e+00
3.375000000000000222e-02,2.343421368772741209e-01,8.465656542224273551e-01,3.612519991083707804e+00
3.379999999999999671e-02,2.528033494070127674e-01,9.487305752505973411e-01,3.752840211476563326e+00
3.384999999999999815e-02,2.471496159196817366e-01,8.941808706944326390e-01,3.617973944110930873e+00
3.389999999999999958e-02,2.360728774880159198e-01,8.877688645140080492e-01,3.760571201404002917e+00
3.395000000000000101e-02,2.202654517613488461e-01,8.336355109879955982e-01,3.784685724982487010e+00
3.400000000000000244e-02,2.645723665946081993e-01,1.011654900333692764e+00,3.823736066449463955e+00
3.404999999999999694e-02,2.284576399006821579e-01,8.232417250721245638e-01,3.603476449419743766e+00
3.409999999999999837e-02,2.168039812966817415e-01,8.812529944038918206e-01,4.064745440250730368e+00
3.414999999999999980e-02,2.405727981106764446e-01,8.944782279177122541e-01,3.718118735544673203e+00
3.420000000000000123e-02,2.306498883640213382e-01,8.949934172025588719e-01,3.880311512616223979e+00
3.425000000000000266e-02,2.777260058939411969e-01,1.034449862553435739e+00,3.724713712796757115e+00
3.429999999999999716e-02,2.159963030710161658e-01,7.697885855878165984e-01,3.563897041954103617e+00
3.434999999999999859e-02,2.213038949790137877e-01,8.691015721427980401e-01,3.927186063422944962e+00
3.440000000000000002e-02,2.423035359463477367e-01,9.088364643562983902e-01,3.750818001094041954e+00
3.445000000000000145e-02,2.217654377396816867e-01,8.452107258513997801e-01,3.811282472445261860e+00
3.450000000000000289e-02,2.538417921012753320e-01,9.076634186546160832e-01,3.575705210481989305e+00
3.454999999999999738e-02,2.373420799700131645e-01,8.277761937913646895e-01,3.487692506511907098e+00
3.459999999999999881e-02,2.650339224446847664e-01,9.444132112605082563e-01,3.563367294832293641e+00
3.465000000000000024e-02,2.720722570253488737e-01,9.756328300080038263e-01,3.585932798422385659e+00
3.470000000000000168e-02,2.356113431236769862e-01,8.198589248718851641e-01,3.479709058156530421e+00
3.475000000000000311e-02,2.583417246329475780e-01,9.293962633813536156e-01,3.597546097912915908e+00
3.479999999999999760e-02,2.847643509723479238e-01,9.969611527003261475e-01,3.501004073354449631e+00
3.484999999999999903e-02,2.519956650016844657e-01,9.622616395067287165e-01,3.818564257842675502e+00
3.490000000000000047e-02,2.529187516980122008e-01,8.954704636201974433e-01,3.540545956392348259e+00
3.495000000000000190e-02,2.688415460466816453e-01,9.289320349570423518e-01,3.455314286861534967e+00
3.500000000000000333e-02,2.208423685446088414e-01,8.407610814663731835e-01,3.807064228694615249e+00
3.504999999999999782e-02,2.330729293606834673e-01,8.858595263400695918e-01,3.800782565225282461e+00
3.509999999999999926e-02,2.532648876076802336e-01,9.301918954167653908e-01,3.672802433070305295e+00
3.515000000000000069e-02,2.561494543283486802e-01,9.107949674977050547e-01,3.555716992979380375e+00
3.520000000000000212e-02,2.416112409169433040e-01,9.035986028928739699e-01,3.739886436837997152e+00
3.524999999999999661e-02,2.621493467396812660e-01,9.270586164308972643e-01,3.536375840568018347e+00
3.529999999999999805e-02,2.519956820033501521e-01,9.018207358052523492e-01,3.578715034463420430e+00
3.534999999999999948e-02,2.021503836400120602e-01,8.087892786522614674e-01,4.000928734780674567e+00
3.540000000000000091e-02,2.336498393130152229e-01,8.485010405497329655e-01,3.631507057931317561e+00
3.545000000000000234e-02,2.426496810289393569e-01,8.965499440923714314e-01,3.694832568048772359e+00
3.549999999999999684e-02,2.251115285980150316e-01,8.321475263816510148e-01,3.696601109522156481e+00
3.554999999999999827e-02,2.313421898666840615e-01,8.700028767512127947e-01,3.760675375523032660e+00
3.559999999999999970e-02,2.388420589110136494e-01,8.524840291413083859e-01,3.569237482829277663e+00
3.565000000000000113e-02,2.319191022043483319e-01,8.534582925558436006e-01,3.679982737272953219e+00
3.570000000000000256e-02,2.568417467732779236e-01,9.012503889894599718e-01,3.508971576123959490e+00
3.574999999999999706e-02,2.112656112940131947e-01,7.905696875572798543e-01,3.742065179065339198e+00
3.579999999999999849e-02,2.221115757976817040e-01,8.443394054477680877e-01,3.801420085447797081e+00
3.584999999999999992e-02,2.434573582156806526e-01,8.900013563879215495e-01,3.655676554246772181e+00
3.590000000000000135e-02,2.323806403093486017e-01,9.165829923582370364e-01,3.944317354225670424e+00
3.595000000000000279e-02,2.357267140999425026e-01,9.010156051110923547e-01,3.822288910068475598e+00
3.599999999999999728e-02,2.174962770323489170e-01,8.709575525880721703e-01,4.004471085537394615e+00
3.604999999999999871e-02,2.128809593383485799e-01,8.485528354577280830e-01,3.986043834521883156e+00
3.610000000000000014e-02,2.423035486843456987e-01,9.740218819214708779e-01,4.019841588000641508e+00
3.615000000000000158e-02,2.369959340076816245e-01,8.989730711473448155e-01,3.793200397768034637e+00
3.620000000000000301e-02,2.277653219922782801e-01,9.008247143886821684e-01,3.955056487568471724e+00
3.624999999999999750e-02,2.132271097030149776e-01,7.681717294817955732e-01,3.602598799710381439e+00
3.629999999999999893e-02,2.215346690896798920e-01,7.659207629677361462e-01,3.457340406876371119e+00
3.635000000000000037e-02,2.249961528456821125e-01,9.137576866127100628e-01,4.061214714366374601e+00
3.640000000000000180e-02,2.496879750436792056e-01,9.273106240027537694e-01,3.713877786227128386e+00
3.645000000000000323e-02,2.411497539929435552e-01,9.262098496516979473e-01,3.840807773242847389e+00
3.649999999999999772e-02,2.329575460963500266e-01,8.864083766202188741e-01,3.805021092785743075e+00
3.654999999999999916e-02,2.289191511296807813e-01,8.306509625487651372e-01,3.628577855760998894e+00
3.660000000000000059e-02,2.314575755676792079e-01,8.571800990017142130e-01,3.703400490994389394e+00
3.665000000000000202e-02,2.231500184650167529e-01,8.740855339458235562e-01,3.917030972967873836e+00
3.670000000000000345e-02,2.374574591012753866e-01,9.091048360413555018e-01,3.828495594461924778e+00
3.674999999999999795e-02,2.343421447526833068e-01,8.852763292634988623e-01,3.777708573068618403e+00
3.679999999999999938e-02,2.203808309113477470e-01,8.149684712989121449e-01,3.698000719612261733e+00
3.685000000000000081e-02,2.222269621640122206e-01,8.484865177248409607e-01,3.818107890520613612e+00
3.690000000000000224e-02,2.621493539146125262e-01,9.438858456845548028e-01,3.600565218222883779e+00
3.694999999999999674e-02,2.213038929073455063e-01,8.287210577041176363e-01,3.744719746304158825e+00
3.699999999999999817e-02,2.132271172060149766e-01,8.321338911423196150e-01,3.902570658207284104e+00
3.704999999999999960e-02,2.222269546340147617e-01,8.770582078173932983e-01,3.946677887305881427e+00
3.710000000000000103e-02,2.453035335466805245e-01,9.370896673250854736e-01,3.820122987126723046e+00
3.715000000000000246e-02,2.372266584892773755e-01,8.883161008708559958e-01,3.744588009323614131e+00
3.719999999999999696e-02,2.259192041240155602e-01,8.489706892946491390e-01,3.757850921024921576e+00
3.724999999999999839e-02,2.039964928020123192e-01,7.909885138277309435e-01,3.877461337511427519e+00
3.729999999999999982e-02,2.266115040900157640e-01,8.706281907764109596e-01,3.841941715503444321e+00
3.735000000000000125e-02,2.203808361840150498e-01,8.047565846446956828e-01,3.651663178066602455e+00
3.740000000000000269e-02,2.378036090492777754e-01,8.929844182434215627e-01,3.755134002438023977e+00
3.744999999999999718e-02,2.210731426646795339e-01,8.811213947073665009e-01,3.985655535027329943e+00
3.749999999999999861e-02,2.427650643450144918e-01,8.782619603323251756e-01,3.617744434117385666e+00
3.755000000000000004e-02,2.177270406423469640e-01,8.180049844767224299e-01,3.757020634935429371e+00
3.760000000000000148e-02,2.523418235656812447e-01,9.091589908062731595e-01,3.602886663651422516e+00
3.765000000000000291e-02,2.275345537422775177e-01,8.923275040840821237e-01,3.921723050006718392e+00
3.769999999999999740e-02,2.438035257796792588e-01,9.399284587398459845e-01,3.855270163685991847e+00
3.774999999999999883e-02,2.187654790870144639e-01,8.431067110628484018e-01,3.853929397734186413e+00
3.780000000000000027e-02,2.306498879390123380e-01,8.635499787101124092e-01,3.743986118642508742e+00
3.785000000000000170e-02,1.975350691963490002e-01,7.892429712839122979e-01,3.995457487598863988e+00
3.790000000000000313e-02,2.434573752936110835e-01,8.797521594484684071e-01,3.613577770595291838e+00
3.794999999999999762e-02,2.134578655723493312e-01,7.490417236431365922e-01,3.509084669401683954e+00
3.799999999999999906e-02,2.237269371596801171e-01,8.926860926294565290e-01,3.990069787583609973e+00
3.805000000000000049e-02,2.454188642430135125e-01,9.172152963888401400e-01,3.737346349547989277e+00
3.810000000000000192e-02,2.397651297773472079e-01,9.202958713609779018e-01,3.838322412502564784e+00
3.815000000000000335e-02,2.762260261146113338e-01,1.081388600279387324e+00,3.914868614989591933e+00
3.819999999999999785e-02,2.315729601220147815e-01,8.853734395307126803e-01,3.823302336612242058e+00
3.824999999999999928e-02,2.789952157546817801e-01,9.848133490897574838e-01,3.529857479547949595e+00
3.830000000000000071e-02,2.315729500640139049e-01,8.215199118893107277e-01,3.547564219664763652e+00
3.835000000000000214e-02,2.614570453032766251e-01,1.037316119541155768e+00,3.967443747166663037e+00
3.839999999999999664e-02,2.372267125030150248e-01,8.526539984975972652e-01,3.594257954768734109e+00
3.844999999999999807e-02,2.084964239050148549e-01,8.048215521005511741e-01,3.860121612767830612e+00
3.849999999999999950e-02,2.598417009450147419e-01,9.397744662885842981e-01,3.616719190456079147e+00
3.855000000000000093e-02,2.532648872643481486e-01,9.358442562172648582e-01,3.695120418490805747e+00
3.860000000000000236e-02,2.213038917872780509e-01,8.752399013283933549e-01,3.954923224620434219e+00
3.864999999999999686e-02,2.389574444953454224e-01,8.495173771218356151e-01,3.555099021568181694e+00
3.869999999999999829e-02,2.064195440146814053e-01,7.807214140850257111e-01,3.782206853579221040e+00
3.874999999999999972e-02,2.150732346453477217e-01,8.184385401290417139e-01,3.805394666977662599e+00
3.880000000000000115e-02,2.364190190250141099e-01,9.103196341918855516e-01,3.850450094692127845e+00
3.885000000000000259e-02,2.065349166536115111e-01,8.391700160617053816e-01,4.063090298039595538e+00
3.889999999999999708e-02,1.959197288213475330e-01,7.073371969257680192e-01,3.610341853682149882e+00
3.894999999999999851e-02,2.319190936280147164e-01,8.354800647837311578e-01,3.602463478594800428e+00
3.899999999999999994e-02,2.158809134790140860e-01,8.296452244201089066e-01,3.843068898727627580e+00
3.905000000000000138e-02,1.921120899183478836e-01,7.654961587506237120e-01,3.984632924851202240e+00
3.910000000000000281e-02,2.314575721526115348e-01,8.915865610024396037e-01,3.852051815416831726e+00
3.914999999999999730e-02,2.260345834766797346e-01,8.865336707165559771e-01,3.922115178485599873e+00
3.919999999999999873e-02,2.211885209900130156e-01,8.559996432252056087e-01,3.870000302881247745e+00
3.925000000000000017e-02,2.311114179913493771e-01,9.257718478112015870e-01,4.005738253251744041e+00
3.930000000000000160e-02,2.374574701763455808e-01,8.667182936611067534e-01,3.649993798963016456e+00
3.935000000000000303e-02,2.148424742236116625e-01,8.271421165557065747e-01,3.849993440751399820e+00
3.939999999999999752e-02,2.083810327800155182e-01,8.361848229236001906e-01,4.012768397238662743e+00
3.944999999999999896e-02,2.162270665020152582e-01,8.485775540844846532e-01,3.924474247429961871e+00
3.950000000000000039e-02,2.131117310780113738e-01,7.957675871683425051e-01,3.734039337689228244e+00
3.955000000000000182e-02,2.424189176880145180e-01,9.168371766751380880e-01,3.782036424463698587e+00
3.960000000000000325e-02,2.279960934382789239e-01,8.435507695864448152e-01,3.699847470477836797e+00
3.964999999999999775e-02,2.283422323916821650e-01,8.483455197532646652e-01,3.715237040768142318e+00
3.969999999999999918e-02,2.413804827740132219e-01,9.011366810206056233e-01,3.733262402429916360e+00
3.975000000000000061e-02,2.217654357253479036e-01,7.965397755137882951e-01,3.591812100512755457e+00
3.980000000000000204e-02,2.123040438892768444e-01,8.677146477640358402e-01,4.087131982359111682e+00
3.984999999999999654e-02,2.252269119553479138e-01,8.537999229647587063e-01,3.790843268028412982e+00
3.989999999999999797e-02,2.183039445143489521e-01,8.569965287326988257e-01,3.925703361151905657e+00
3.994999999999999940e-02,2.301883590823451120e-01,8.836572036450123235e-01,3.838844010912394911e+00
4.000000000000000083e-02,2.283422466893443581e-01,8.786059236022725205e-01,3.847758951052104415e+00
4.005000000000000226e-02,2.199192944946188055e-01,7.947424898749991806e-01,3.613791557950117639e+00
4.009999999999999676e-02,2.334190852083456447e-01,9.198222080916703680e-01,3.940646958112502762e+00
4.014999999999999819e-02,2.009965555610137289e-01,7.417336804306771114e-01,3.690280554113870348e+00
4.019999999999999962e-02,2.481880496950138182e-01,9.445923362618270369e-01,3.805954144136232564e+00
4.025000000000000105e-02,2.359574933636809646e-01,8.659522696279996490e-01,3.669950283347469533e+00
4.030000000000000249e-02,2.104579263012805734e-01,8.028439825744275726e-01,3.814748138424199908e+00
4.034999999999999698e-02,2.419573831400188002e-01,8.734907231289488205e-01,3.610101546781346649e+00
4.039999999999999841e-02,2.394189814793457327e-01,8.776111265277637408e-01,3.665587085472894024e+00
4.044999999999999984e-02,2.087271897206778304e-01,7.868386977955521555e-01,3.769699093100964404e+00
4.050000000000000128e-02,2.343421412806792337e-01,8.669902383220078335e-01,3.699677034544057275e+00
4.055000000000000271e-02,2.352651881859499916e-01,8.733526401478575174e-01,3.712205137028488089e+00
4.059999999999999720e-02,2.222269608113459360e-01,8.914712387698158214e-01,4.011535033890906377e+00
4.064999999999999863e-02,2.191116183980150178e-01,8.087423586988193858e-01,3.691006276215547111e+00
4.070000000000000007e-02,2.184193516373458821e-01,8.027322361478561596e-01,3.675188256582128776e+00
4.075000000000000150e-02,2.532648843906807890e-01,9.453165706344397456e-01,3.732521280669196084e+00
4.080000000000000293e-02,2.403420262466149093e-01,9.203841023034263769e-01,3.829476337022391874e+00
4.084999999999999742e-02,2.290345387260124543e-01,8.383036454084092925e-01,3.660162567931504185e+00
4.089999999999999886e-02,2.706876659693473464e-01,1.022126338358165798e+00,3.776035877725996137e+00
4.095000000000000029e-02,2.416112412406807852e-01,9.213751021959569742e-01,3.813461234107605513e+00
4.100000000000000172e-02,2.501495593393471828e-01,9.157833129422310314e-01,3.660943138820006215e+00
4.105000000000000315e-02,2.623801212719455433e-01,9.584813192782789537e-01,3.653025673712738897e+00
4.109999999999999765e-02,2.905334629036820382e-01,9.470808547862709093e-01,3.259799560852128408e+00
4.114999999999999908e-02,2.786490996330118763e-01,9.207794865346927704e-01,3.304440917797270227e+00
4.120000000000000051e-02,3.476478659703500229e-01,1.074296801633592979e+00,3.090186671029981014e+00
4.125000000000000194e-02,3.616091863923440175e-01,1.080657313716137047e+00,2.988467534515645951e+00
4.130000000000000338e-02,3.849164910646147852e-01,1.114695498956827402e+00,2.895941132253818662e+00
4.134999999999999787e-02,4.674150461420117364e-01,1.254596154616217651e+00,2.684115894367340882e+00
4.139999999999999930e-02,5.777208649040139754e-01,1.404251368469330297e+00,2.430674489664902627e+00
4.145000000000000073e-02,6.916035278420157306e-01,1.500632470482960112e+00,2.169787183077747983e+00
4.150000000000000216e-02,8.519853908499475104e-01,1.726793598978614952e+00,2.026787803551363343e+00
4.154999999999999666e-02,1.153249452741349268e+00,1.895498060459517298e+00,1.643614966349036255e+00
4.159999999999999809e-02,1.458782689800348642e+00,2.103980745317199030e+00,1.442285242365436426e+00
4.164999999999999952e-02,1.925390059306346213e+00,2.503287208424973542e+00,1.300145493286084752e+00
4.170000000000000095e-02,2.577878879102017518e+00,2.871278909664982670e+00,1.113814513529498562e+00
4.175000000000000239e-02,3.392826445523280832e+00,3.333746125002574612e+00,9.825866953499313716e-01
4.179999999999999688e-02,4.231888990347675517e+00,3.827789247537859652e+00,9.045107885080376775e-01
4.184999999999999831e-02,5.160373101275690821e+00,4.241805867344995207e+00,8.219959650391136519e-01
4.189999999999999974e-02,6.181740117629010101e+00,4.567457157900548737e+00,7.388626941587419505e-01
4.195000000000000118e-02,7.446333864394359736e+00,5.097175027949480963e+00,6.845214196374278526e-01
4.200000000000000261e-02,8.579737512432929591e+00,5.426092607862484485e+00,6.324310737944504046e-01
4.204999999999999710e-02,9.491952640133712649e+00,5.758290681221278184e+00,6.066497484273332130e-01
4.209999999999999853e-02,1.022970922798636018e+01,5.985498884824274057e+00,5.851093859490348326e-01
4.214999999999999997e-02,1.080523779680301111e+01,6.303349555047252473e+00,5.833605584240125763e-01
4.220000000000000140e-02,1.093215873911400493e+01,6.217065271445207486e+00,5.686951150097431240e-01
4.225000000000000283e-02,1.102654171343593603e+01,6.440745640153409113e+00,5.841129347295993535e-01
4.229999999999999732e-02,1.071812391875769599e+01,6.341399912580220288e+00,5.916520428992420033e-01
4.234999999999999876e-02,9.995828616501666986e+00,6.149385138279216179e+00,6.151951353114909482e-01
4.240000000000000019e-02,9.156419930897691017e+00,6.062228029917914540e+00,6.620740503022753964e-01
4.245000000000000162e-02,8.329357195397031788e+00,5.636099472111515851e+00,6.766547933886346566e-01
4.250000000000000305e-02,7.393603997790608950e+00,5.265721501808901195e+00,7.121995583456225409e-01
4.254999999999999755e-02,6.515888284701343736e+00,5.031536464898655581e+00,7.721950170189690876e-01
4.259999999999999898e-02,5.940359684305019705e+00,4.831058896189427188e+00,8.132603332006195229e-01
4.265000000000000041e-02,4.987183730723702801e+00,4.352179729221262505e+00,8.726728278345796674e-01
4.270000000000000184e-02,4.608382533139334214e+00,4.217060439967316832e+00,9.150847199949263544e-01
4.275000000000000328e-02,4.124467721271921405e+00,4.016017455793361890e+00,9.737056335974633159e-01
4.279999999999999777e-02,3.808434715008687022e+00,3.796888134381219526e+00,9.969681558195120363e-01
4.284999999999999920e-02,3.475209641551355588e+00,3.624792536690172984e+00,1.043042840739830224e+00
4.290000000000000063e-02,3.117177319124686097e+00,3.408932512059114295e+00,1.093595956554808346e+00
4.295000000000000207e-02,2.881219821856593200e+00,3.257147380986904484e+00,1.130475139827433306e+00
4.299999999999999656e-02,2.726145594396686356e+00,3.211665152033936543e+00,1.178097442277179274e+00
4.304999999999999799e-02,2.523649026279350949e+00,3.032364237646078653e+00,1.201579223604136937e+00
4.309999999999999942e-02,2.398343493493019896e+00,2.989278748690108678e+00,1.246393086228208658e+00
4.315000000000000085e-02,2.220884999993680609e+00,2.880677839252291150e+00,1.297085548896267815e+00
4.320000000000000229e-02,2.114386826742258751e+00,2.744763539072058389e+00,1.298136889786176251e+00
4.324999999999999678e-02,2.048157185469020813e+00,2.789368529925518203e+00,1.361891826328145205e+00
4.329999999999999821e-02,1.981350642950682639e+00,2.743465420487634976e+00,1.384644071077691496e+00
4.334999999999999964e-02,1.860314260592692559e+00,2.607111605398621634e+00,1.401436123253713584e+00
4.340000000000000108e-02,1.810584342303019900e+00,2.601218457901668835e+00,1.436673452391055816e+00
4.345000000000000251e-02,1.746546980656249026e+00,2.571391530282039373e+00,1.472271607211998790e+00
4.349999999999999700e-02,1.671432874535355051e+00,2.442569453087473530e+00,1.461362577163912935e+00
4.354999999999999843e-02,1.652625513860013218e+00,2.482918063314839774e+00,1.502408163550328135e+00
4.359999999999999987e-02,1.528358421507685083e+00,2.290043909912770737e+00,1.498368365487006137e+00
4.365000000000000130e-02,1.548088840993019355e+00,2.362699714560340336e+00,1.526204215156534483e+00
4.370000000000000273e-02,1.354707533662255603e+00,2.235128753741093544e+00,1.649897633401909758e+00
4.374999999999999722e-02,1.346976903867687092e+00,2.106631783539651082e+00,1.563970234003792870e+00
4.379999999999999866e-02,1.426821693525021528e+00,2.317745520720889463e+00,1.624411467276478005e+00
4.385000000000000009e-02,1.374437976539685913e+00,2.167510934842206805e+00,1.577016185407782656e+00
4.390000000000000152e-02,1.340515491466349518e+00,2.178706896241037860e+00,1.625275433302017181e+00
4.395000000000000295e-02,1.289054801206257483e+00,2.158645665797787494e+00,1.674595729970357993e+00
4.399999999999999745e-02,1.271055132813018851e+00,2.168559762505611666e+00,1.706109913349149743e+00
4.404999999999999888e-02,1.249017041421689012e+00,2.165218314799506327e+00,1.733537848558859285e+00
4.410000000000000031e-02,1.234017309036687271e+00,2.067046858558853728e+00,1.675054995924210699e+00
4.415000000000000174e-02,1.225132843500689184e+00,2.057321454240374603e+00,1.679263979538572649e+00
4.420000000000000318e-02,1.164441564239586002e+00,2.046272520387300453e+00,1.757299449993074969e+00
4.424999999999999767e-02,1.209325428850358763e+00,2.162163139227462505e+00,1.787908438577129555e+00
4.429999999999999910e-02,1.188787307749020083e+00,2.041097330194029169e+00,1.716957538904807290e+00
4.435000000000000053e-02,1.169633801095687264e+00,2.097942037804431781e+00,1.793674255856085642e+00
4.440000000000000197e-02,1.170326082015023639e+00,2.025500296232923159e+00,1.730714479801640060e+00
4.445000000000000340e-02,1.116326995378259301e+00,2.035158314384912348e+00,1.823084385498815019e+00
4.449999999999999789e-02,1.126826840966682619e+00,2.094590866240035876e+00,1.858840054291862165e+00
4.454999999999999932e-02,1.069366288445352087e+00,1.931112232596426725e+00,1.805847307384154998e+00
4.460000000000000075e-02,1.093942789470022880e+00,1.947611795723164674e+00,1.780359827287416596e+00
4.465000000000000219e-02,1.070981633494588747e+00,1.993650349419339163e+00,1.861516843117190900e+00
4.469999999999999668e-02,1.070750869831686547e+00,1.921112258663047578e+00,1.794172961040910508e+00
4.474999999999999811e-02,1.015367202614352538e+00,1.895958293800146244e+00,1.867263674578478305e+00
4.479999999999999954e-02,1.033136136057024590e+00,1.863423601474161861e+00,1.803657365607148844e+00
4.485000000000000098e-02,9.855984884883551844e-01,1.832711947260679208e+00,1.859491434561318934e+00
4.490000000000000241e-02,9.620604223179181069e-01,1.778678534572151415e+00,1.848822062845838055e+00
4.494999999999999690e-02,9.290609963006890570e-01,1.739873324364701324e+00,1.872722384528554995e+00
4.499999999999999833e-02,9.677141785900228443e-01,1.795510835771809921e+00,1.855414414189840544e+00
4.504999999999999977e-02,9.354071183893525321e-01,1.890181033700811364e+00,2.020704136777848436e+00
4.510000000000000120e-02,1.036712909776687397e+00,1.970808489977069478e+00,1.901016637674156629e+00
4.515000000000000263e-02,9.935598939412553232e-01,1.915162416103274756e+00,1.927576211340621626e+00
4.519999999999999712e-02,9.184457889960178090e-01,1.738667756380940288e+00,1.893054306756126737e+00
4.524999999999999856e-02,9.747525272646900829e-01,1.942502828156341899e+00,1.992816406034167764e+00
4.529999999999999999e-02,9.358685475860206715e-01,1.813619181658518098e+00,1.937899490624583443e+00
4.535000000000000142e-02,8.876386477546855946e-01,1.766571427047501253e+00,1.990192102964543297e+00
4.540000000000000285e-02,9.105997749582553924e-01,1.768370693228650925e+00,1.941984548930641097e+00
4.544999999999999735e-02,9.321763142096877175e-01,1.916431346123194102e+00,2.055867883478644131e+00
4.549999999999999878e-02,9.482145089723561515e-01,1.870430741165151067e+00,1.972581861452703089e+00
4.555000000000000021e-02,9.073690666690186202e-01,1.839672016369732876e+00,2.027479317895670263e+00
4.560000000000000164e-02,8.645620909353597394e-01,1.762046972063706640e+00,2.038080307404374292e+00
4.565000000000000308e-02,8.244089416099144030e-01,1.674766974814979825e+00,2.031475994843623845e+00
4.569999999999999757e-02,8.096399753616856376e-01,1.718382746771621505e+00,2.122403536218648856e+00
4.574999999999999900e-02,8.612160000930225712e-01,1.710965392037997246e+00,1.986685560710890863e+00
4.580000000000000043e-02,8.871770959620225439e-01,1.829220798350271293e+00,2.061844029423157032e+00
4.585000000000000187e-02,8.811771909360224253e-01,1.851339656458704352e+00,2.100984541476993428e+00
4.590000000000000330e-02,8.260243095162551619e-01,1.706800014788811604e+00,2.066283032019197385e+00
4.594999999999999779e-02,8.410240317110210251e-01,1.753468618566129011e+00,2.084920944528523723e+00
4.599999999999999922e-02,8.049092901776848663e-01,1.650115332102119803e+00,2.050063718034431659e+00
4.605000000000000066e-02,8.380240983570206303e-01,1.700022069979095996e+00,2.028607617981459388e+00
4.610000000000000209e-02,8.427547703425884995e-01,1.731503434820401033e+00,2.054575655640046961e+00
4.614999999999999658e-02,8.839463712973550935e-01,1.820235747851341568e+00,2.059215136750669917e+00
4.619999999999999801e-02,7.402950141086854785e-01,1.568612211057719863e+00,2.118901493543526637e+00
4.624999999999999944e-02,7.866788127233550476e-01,1.637238518117033470e+00,2.081203270810330075e+00
4.630000000000000088e-02,7.979863217040209511e-01,1.667742512729910587e+00,2.089938721215936823e+00
4.635000000000000231e-02,8.021400892652533754e-01,1.715726232775327542e+00,2.138935898774120048e+00
4.639999999999999680e-02,7.389104084773528980e-01,1.548066915228164087e+00,2.095067138678167851e+00
4.644999999999999823e-02,7.651022722933529252e-01,1.647495983258493890e+00,2.153301647268950347e+00
4.649999999999999967e-02,7.824096545020209348e-01,1.650008872094485435e+00,2.108881022365022062e+00
4.655000000000000110e-02,7.894480120566851333e-01,1.618965443445302466e+00,2.050756248315253494e+00
4.660000000000000253e-02,7.634869026892564525e-01,1.694358545977174391e+00,2.219237212857321229e+00
4.664999999999999702e-02,7.301413259646880594e-01,1.552249209841649158e+00,2.125957201218221293e+00
4.669999999999999846e-02,7.616407927206853001e-01,1.646311146840875317e+00,2.161532263732915737e+00
4.674999999999999989e-02,7.678714393626846491e-01,1.638568319465576240e+00,2.133909708668875194e+00
4.680000000000000132e-02,7.258721823090198422e-01,1.621124489766184951e+00,2.233347039983461624e+00
4.685000000000000275e-02,7.756020864882579025e-01,1.682600129063875016e+00,2.169411555714463091e+00
4.689999999999999725e-02,7.048725216956905903e-01,1.576649416936032777e+00,2.236786608085012062e+00
4.694999999999999868e-02,7.664868679243531657e-01,1.684130299826179344e+00,2.197206984624283432e+00
4.700000000000000011e-02,7.075263270736895649e-01,1.530581148745673081e+00,2.163285082374414081e+00
4.705000000000000154e-02,7.280644457650198298e-01,1.583891846370261591e+00,2.175483029810601376e+00
4.710000000000000298e-02,7.564485578642528019e-01,1.638141115444441187e+00,2.165568429490496882e+00
4.714999999999999747e-02,7.420257431223560296e-01,1.606123929230873104e+00,2.164512409599827159e+00
4.719999999999999890e-02,7.276029127563542476e-01,1.638748704734424022e+00,2.252256933010900131e+00
4.725000000000000033e-02,7.555255068103532423e-01,1.660968112276726139e+00,2.198427580941553661e+00
4.730000000000000177e-02,6.997956984563526994e-01,1.594571503722091110e+00,2.278624328842665747e+00
4.735000000000000320e-02,6.926419728422559263e-01,1.518326388743226785e+00,2.192079672146888925e+00
4.739999999999999769e-02,6.826036693776872388e-01,1.608169472709600756e+00,2.355934409458608325e+00
4.744999999999999912e-02,7.066032771883518082e-01,1.539413492348659540e+00,2.178610745302719920e+00
4.750000000000000056e-02,7.031417921080223010e-01,1.583930796931346530e+00,2.252647779877675394e+00
4.755000000000000199e-02,7.254106269033516741e-01,1.601546144908288172e+00,2.207778719406141565e+00
4.760000000000000342e-02,7.510255958629264983e-01,1.747048355061684211e+00,2.326216795653056391e+00
4.764999999999999791e-02,7.516024960736817917e-01,1.707042204738623559e+00,2.271203480105629335e+00
4.769999999999999934e-02,6.785652860570241529e-01,1.495141768724914666e+00,2.203386762403976462e+00
4.775000000000000078e-02,6.763730144250221787e-01,1.487363865619334202e+00,2.199028988292395237e+00
4.780000000000000221e-02,6.805268064609193424e-01,1.581147147747955062e+00,2.323416407313494414e+00
4.784999999999999670e-02,6.895266229070143860e-01,1.539685115553963923e+00,2.232959634049688002e+00
4.789999999999999813e-02,6.891805052136941168e-01,1.586825143000307969e+00,2.302481180178306719e+00
4.794999999999999957e-02,6.387582703383496430e-01,1.446905259439625224e+00,2.265184384498381220e+00
4.800000000000000100e-02,7.225260748346958861e-01,1.613990625023715486e+00,2.233816441009377485e+00
4.805000000000000243e-02,6.400274913452532743e-01,1.454840924458985940e+00,2.273091303314334954e+00
4.809999999999999692e-02,6.659885740560199663e-01,1.529177206749706475e+00,2.296101264075258719e+00
4.814999999999999836e-02,6.916035219373558585e-01,1.617734889028925149e+00,2.339107360959125526e+00
4.819999999999999979e-02,6.419890061483541910e-01,1.530378086892557610e+00,2.383807311707935916e+00
4.825000000000000122e-02,6.744115102763533764e-01,1.529782187347246358e+00,2.268321587098043324e+00
4.830000000000000265e-02,6.740653620235871335e-01,1.517045447707932704e+00,2.250591015615556412e+00
4.834999999999999715e-02,6.658731993330196941e-01,1.504773867022963119e+00,2.259850476832884869e+00
4.839999999999999858e-02,6.604502140873549365e-01,1.505053785664554722e+00,2.278830036786827051e+00
4.845000000000000001e-02,6.557195346580190209e-01,1.567888547754560324e+00,2.391096291758746606e+00
4.850000000000000144e-02,6.204124310620218186e-01,1.424803655972832983e+00,2.296542726479310570e+00
4.855000000000000288e-02,6.231816378059191752e-01,1.467538884955776890e+00,2.354913553169903473e+00
4.859999999999999737e-02,6.550272251960217451e-01,1.538704146031527387e+00,2.349068995675803961e+00
4.864999999999999880e-02,6.778730577866889373e-01,1.592066479009772939e+00,2.348620380647669315e+00
4.870000000000000023e-02,7.317566268993535017e-01,1.666864259526591230e+00,2.277894313837014906e+00
4.875000000000000167e-02,5.986051224753567990e-01,1.419868229911501523e+00,2.371961375873381961e+00
4.880000000000000310e-02,6.099126107025868437e-01,1.427695151524335682e+00,2.340819203393264658e+00
4.884999999999999759e-02,6.313737819900201442e-01,1.463335845483423991e+00,2.317701316122363853e+00
4.889999999999999902e-02,6.642578342030202032e-01,1.552006957342118243e+00,2.336452620395849333e+00
4.895000000000000046e-02,6.415274723323531880e-01,1.591083403160755472e+00,2.480148507711093409e+00
4.900000000000000189e-02,6.228354786076867322e-01,1.465629208128202521e+00,2.353156264322856295e+00
4.905000000000000332e-02,6.139510075829210933e-01,1.429195040213843360e+00,2.327864964079913612e+00
4.909999999999999781e-02,6.796037321576831047e-01,1.649043491033538311e+00,2.426477979745590652e+00
4.914999999999999925e-02,6.678347058423539373e-01,1.536089759659607923e+00,2.300104720856197105e+00
4.920000000000000068e-02,5.751824373026863668e-01,1.386056593542771553e+00,2.409768629311203281e+00
4.925000000000000211e-02,6.310276573185886750e-01,1.517221028883751766e+00,2.404365341656884425e+00
4.929999999999999660e-02,6.081818741076897572e-01,1.421072533588381148e+00,2.336591394923345444e+00
4.934999999999999803e-02,6.326429897376882883e-01,1.429957780244894838e+00,2.260291828789244839e+00
4.939999999999999947e-02,5.876437872253522654e-01,1.373390648915794099e+00,2.337114215740223599e+00
4.945000000000000090e-02,6.562964344340187495e-01,1.575185476111420346e+00,2.400112804924559917e+00
4.950000000000000233e-02,6.115279794482559872e-01,1.490758142044589896e+00,2.437759501028242681e+00
4.954999999999999682e-02,6.292968957643558792e-01,1.506990661053137392e+00,2.394721269398155883e+00
4.959999999999999826e-02,6.513349896983545717e-01,1.517510358273134408e+00,2.329846211664326372e+00
4.964999999999999969e-02,5.838361343803533110e-01,1.431710804163528916e+00,2.452247676795572318e+00
4.970000000000000112e-02,6.294123016203554410e-01,1.450156550929574184e+00,2.303985078137652298e+00
4.975000000000000255e-02,6.025281309942595032e-01,1.476371632942930390e+00,2.450294943916894397e+00
4.979999999999999705e-02,5.909898495036839394e-01,1.438969798153232116e+00,2.434846891806493385e+00
4.984999999999999848e-02,5.900668092350190852e-01,1.387997191083908843e+00,2.352271250239191591e+00
4.989999999999999991e-02,5.712594379073521189e-01,1.345937125241468912e+00,2.356087332529559930e+00
4.995000000000000134e-02,5.699902297780206073e-01,1.400992033197835829e+00,2.457922890614185008e+00
5.000000000000000278e-02,6.464889164075862116e-01,1.542519411915177718e+00,2.385995138921575887e+00
5.004999999999999727e-02,6.461427689143544040e-01,1.589239247965682278e+00,2.459579096792978703e+00
5.009999999999999870e-02,5.384907557303536541e-01,1.327443176344003328e+00,2.465117854332699920e+00
5.015000000000000013e-02,5.531443812623532130e-01,1.348857648517893137e+00,2.438527252938211820e+00
5.020000000000000157e-02,5.771439400453529656e-01,1.422788536065211717e+00,2.465223035961196185e+00
5.025000000000000300e-02,5.867207256619222377e-01,1.392445767081381236e+00,2.373268415753444049e+00
5.029999999999999749e-02,6.101433824686874896e-01,1.501151958884052728e+00,2.460326542935326710e+00
5.034999999999999892e-02,6.081818756453497565e-01,1.504406519631907635e+00,2.473612877785221986e+00
5.040000000000000036e-02,5.660672145876944894e-01,1.338269523627906299e+00,2.364153035435305306e+00
5.045000000000000179e-02,5.401061185230207062e-01,1.329493871943725702e+00,2.461541956938707365e+00
5.050000000000000322e-02,5.727594119272544360e-01,1.357582758597745132e+00,2.370249585300870265e+00
5.054999999999999771e-02,5.488751994966853953e-01,1.356106795909834073e+00,2.470701531337859969e+00
5.059999999999999915e-02,5.422983837680229735e-01,1.351720018498632214e+00,2.492576151723978839e+00
5.065000000000000058e-02,5.621442361133531795e-01,1.372184149407338793e+00,2.440982333812715233e+00
5.070000000000000201e-02,5.679133414413514158e-01,1.420689928156496640e+00,2.501596325507721374e+00
5.075000000000000344e-02,5.917975272092542705e-01,1.474447407931994691e+00,2.491472742181032096e+00
5.079999999999999793e-02,5.549904848733575591e-01,1.391642760845505311e+00,2.507507423596752716e+00
5.084999999999999937e-02,5.769131892613509338e-01,1.427479638385463989e+00,2.474340446633111590e+00
5.090000000000000080e-02,5.447214358056886585e-01,1.302452945394487749e+00,2.391044045233965853e+00
5.095000000000000223e-02,5.803746605769206646e-01,1.400092023080303560e+00,2.412393438556645453e+00
5.099999999999999672e-02,5.719517381480224705e-01,1.452116726021351001e+00,2.538879820040934376e+00
5.104999999999999816e-02,5.786439166360185515e-01,1.437755308897421536e+00,2.484697873012990499e+00
5.109999999999999959e-02,5.500290370460187983e-01,1.345700200903707122e+00,2.446598470747859189e+00
5.115000000000000102e-02,5.764516507246894017e-01,1.500206518190214444e+00,2.602484555823930013e+00
5.120000000000000245e-02,5.692979303085895504e-01,1.358979635522987506e+00,2.387115011618518690e+00
5.124999999999999695e-02,6.298738209426854029e-01,1.566000929878752279e+00,2.486213711081109778e+00
5.129999999999999838e-02,5.758747410196874972e-01,1.436977696181371389e+00,2.495295580488475107e+00
5.134999999999999981e-02,5.885668249476879721e-01,1.448745376435784271e+00,2.461479843965975078e+00
5.140000000000000124e-02,5.314524349636872147e-01,1.377681684579356691e+00,2.592295366326602846e+00
5.145000000000000268e-02,5.682594932462523563e-01,1.448003241935374774e+00,2.548137354755796391e+00
5.149999999999999717e-02,4.948761188936872113e-01,1.248280661991223228e+00,2.522410385818976586e+00
5.154999999999999860e-02,5.654902948510215355e-01,1.435959160501582677e+00,2.539317073301649241e+00
5.160000000000000003e-02,5.557981724186876749e-01,1.352840320100776594e+00,2.434049601519146400e+00
5.165000000000000147e-02,5.075682227686864056e-01,1.326297400617993283e+00,2.613042623872900538e+00
5.170000000000000290e-02,5.576442862045870585e-01,1.416188858569106701e+00,2.539591803599219766e+00
5.174999999999999739e-02,5.501444048653556518e-01,1.323786636154898222e+00,2.406253020929816966e+00
5.179999999999999882e-02,5.283370941740187510e-01,1.342098265460849316e+00,2.540231000738330636e+00
5.185000000000000026e-02,5.410291863026855941e-01,1.363981189713265652e+00,2.521086152550315873e+00
5.190000000000000169e-02,5.302986095090198582e-01,1.349327649542061192e+00,2.544467636434770696e+00
5.195000000000000312e-02,5.425291629355911693e-01,1.384914772686557605e+00,2.552701066230008475e+00
5.199999999999999761e-02,5.776054783773542090e-01,1.505717901564627370e+00,2.606827597609678637e+00
5.204999999999999905e-02,5.799131398033532392e-01,1.409128803315600864e+00,2.429896318254544330e+00
5.210000000000000048e-02,5.671056678993540157e-01,1.404767310645461675e+00,2.477082120954520406e+00
5.215000000000000191e-02,4.977606799133558191e-01,1.293074784346684991e+00,2.597784108965312200e+00
5.220000000000000334e-02,5.434522199115883190e-01,1.338870114354044683e+00,2.463639056570344099e+00
5.224999999999999784e-02,5.313370451736858513e-01,1.385634726323862198e+00,2.607826310832363603e+00
5.229999999999999927e-02,5.127604404226865364e-01,1.360033792409367281e+00,2.652376597711483708e+00
5.235000000000000070e-02,5.276447994773543204e-01,1.296650166372404600e+00,2.457430012873754954e+00
5.240000000000000213e-02,5.287986301295882763e-01,1.329923886691227963e+00,2.514991172282943666e+00
5.244999999999999662e-02,5.517597682650206004e-01,1.364558107966896694e+00,2.473101857820619198e+00
5.249999999999999806e-02,5.533751219310228953e-01,1.418806699443249553e+00,2.563914862114276438e+00
5.254999999999999949e-02,5.071066929143479562e-01,1.389780553272435881e+00,2.740607790611776728e+00
5.260000000000000092e-02,5.231448711686867981e-01,1.292968890278656025e+00,2.471531236443568869e+00
5.265000000000000235e-02,5.705671494319213277e-01,1.423798993653593081e+00,2.495410040818477171e+00
5.269999999999999685e-02,5.577596451390184340e-01,1.455777316257775844e+00,2.610044181118430728e+00
5.274999999999999828e-02,4.949915370870223708e-01,1.254795182003980880e+00,2.534983101707819042e+00
5.279999999999999971e-02,4.721457555203525391e-01,1.268589078599114517e+00,2.686859012850810302e+00
5.285000000000000114e-02,5.361831021770214756e-01,1.379167718518157448e+00,2.572195417793721628e+00
5.290000000000000258e-02,5.464521773615889089e-01,1.355214574305266817e+00,2.480024109060356974e+00
5.294999999999999707e-02,5.172603740223494784e-01,1.343645117299103520e+00,2.597618500815312981e+00
5.299999999999999850e-02,5.491059491270210424e-01,1.381206247115541519e+00,2.515372942710617288e+00
5.304999999999999993e-02,5.215295262656882702e-01,1.324960249301328608e+00,2.540527779488251259e+00
5.310000000000000137e-02,5.305293547893538131e-01,1.380875833601484803e+00,2.602826443316713867e+00
5.315000000000000280e-02,5.189910984992541776e-01,1.360665855170272609e+00,2.621751816369983334e+00
5.319999999999999729e-02,5.605288668153504128e-01,1.405487901897368275e+00,2.507431793624938177e+00
5.324999999999999872e-02,5.050297990766906553e-01,1.346334213468548979e+00,2.665851036770412463e+00
5.330000000000000016e-02,4.923377061343534034e-01,1.265110410347924264e+00,2.569598863920225185e+00
5.335000000000000159e-02,4.997222123270174121e-01,1.280718713020170485e+00,2.562861288587408470e+00
5.340000000000000302e-02,5.114912163645917165e-01,1.356880244115495682e+00,2.652792854898820885e+00
5.344999999999999751e-02,5.180680495073530789e-01,1.285195086682276333e+00,2.480745701080018684e+00
5.349999999999999895e-02,4.996068280510199688e-01,1.271103830266639534e+00,2.544208283191906617e+00
5.355000000000000038e-02,5.214141263076889077e-01,1.336758405849502784e+00,2.563717280380461538e+00
5.360000000000000181e-02,4.955684316570208026e-01,1.329958259794421949e+00,2.683702542043428618e+00
5.365000000000000324e-02,5.197987895142731629e-01,1.410237216587227449e+00,2.713044441494421033e+00
5.369999999999999774e-02,4.873762385433330069e-01,1.240824118331961268e+00,2.545926576233032090e+00
5.374999999999999917e-02,4.961453496266892693e-01,1.234012451012391320e+00,2.487199470761722431e+00
5.380000000000000060e-02,4.723765175100164138e-01,1.279198202536512063e+00,2.708005489517983033e+00
5.385000000000000203e-02,5.011067944966897114e-01,1.299966892241294358e+00,2.594191311149507850e+00
5.390000000000000346e-02,5.619134347105876337e-01,1.446244248976904956e+00,2.573784785412347453e+00
5.394999999999999796e-02,4.967222644826883027e-01,1.255973088848252761e+00,2.528521829308953528e+00
5.399999999999999939e-02,5.332985356766855034e-01,1.368761153761038463e+00,2.566594622323988162e+00
5.405000000000000082e-02,4.627997689673536419e-01,1.267356791824302054e+00,2.738455973416232592e+00
5.410000000000000225e-02,4.876070223079289612e-01,1.343571836039205492e+00,2.755439882058806411e+00
5.414999999999999675e-02,4.476846273146855570e-01,1.189924818207155122e+00,2.657953268006085779e+00
5.419999999999999818e-02,5.095297564616872998e-01,1.344622202055994808e+00,2.638947352934626789e+00
5.424999999999999961e-02,5.199141322736872128e-01,1.306836210226495210e+00,2.513561623169276782e+00
5.430000000000000104e-02,4.926838508560186791e-01,1.287313431534684360e+00,2.612858995272583584e+00
5.435000000000000248e-02,4.633766868059224220e-01,1.245729631413752259e+00,2.688373556297417366e+00
5.439999999999999697e-02,5.182987913180198136e-01,1.329687683274377363e+00,2.565484823711468909e+00
5.444999999999999840e-02,5.341062224480198628e-01,1.401034622178359834e+00,2.623138550524396706e+00
5.449999999999999983e-02,4.724919114506873630e-01,1.195643466523488740e+00,2.530505681785146788e+00
5.455000000000000127e-02,4.991452867033500662e-01,1.268516609397072559e+00,2.541377517105499528e+00
5.460000000000000270e-02,4.466461786979262771e-01,1.211490809937140423e+00,2.712417272815156988e+00
5.464999999999999719e-02,4.548383637766859056e-01,1.207760050491331283e+00,2.655360995635607235e+00
5.469999999999999862e-02,5.150680934963514090e-01,1.305300296017877004e+00,2.534228604915756300e+00
5.475000000000000006e-02,5.023759969090209054e-01,1.342261623942303306e+00,2.671826743715591146e+00
5.480000000000000149e-02,5.076836133716876587e-01,1.334287210130514989e+00,2.628186482658148027e+00
5.485000000000000292e-02,5.137988859522581997e-01,1.299436302722285719e+00,2.529075749773090021e+00
5.489999999999999741e-02,4.848378215520176560e-01,1.303567178185263797e+00,2.688666436979701757e+00
5.494999999999999885e-02,4.960299558000206277e-01,1.288401809743850102e+00,2.597427422837506938e+00
5.500000000000000028e-02,4.240312085690172705e-01,1.208337375868523855e+00,2.849642553307133230e+00
5.505000000000000171e-02,4.461846647390236842e-01,1.168350991069146305e+00,2.618536860186627901e+00
5.510000000000000314e-02,4.917607927979185112e-01,1.303792737429664061e+00,2.651274270995893634e+00
5.514999999999999764e-02,4.649920213620230003e-01,1.261765775343996143e+00,2.713521345265490048e+00
5.519999999999999907e-02,4.938376759320197151e-01,1.273388419661444004e+00,2.578556642642095831e+00
5.525000000000000050e-02,4.895685242620472222e-01,1.318462982932212979e+00,2.693112235758217121e+00
5.530000000000000193e-02,5.191064945739900516e-01,1.418260384055693990e+00,2.732118358911312939e+00
5.535000000000000336e-02,4.569152556905927143e-01,1.297028756911139835e+00,2.838663714457901666e+00
5.539999999999999786e-02,4.813763493476850286e-01,1.282677223766066854e+00,2.664603746121361638e+00
5.544999999999999929e-02,4.963761068556856726e-01,1.337043099647850397e+00,2.693608900954970409e+00
5.550000000000000072e-02,4.907223421386900375e-01,1.291454666223465164e+00,2.631742138731618663e+00
5.555000000000000215e-02,4.729534494712506754e-01,1.239789986454887805e+00,2.621378463019859328e+00
5.559999999999999665e-02,4.721457467440237088e-01,1.221939297380853606e+00,2.588055289722506647e+00
5.564999999999999808e-02,4.701842402993535730e-01,1.276051332713584952e+00,2.713938969756105823e+00
5.569999999999999951e-02,4.459539026483528290e-01,1.203076420554806791e+00,2.697759596698644291e+00
5.575000000000000094e-02,4.582998511883524251e-01,1.234601654392135650e+00,2.693873129547969647e+00
5.580000000000000238e-02,4.595690195825907765e-01,1.263419750863478574e+00,2.749140383768677864e+00
5.584999999999999687e-02,4.666073777593542360e-01,1.227943510773243929e+00,2.631641867022808778e+00
5.589999999999999830e-02,5.227987342330200349e-01,1.428780705657102912e+00,2.732945992597357154e+00
5.594999999999999973e-02,4.391463225583527308e-01,1.162403164078197548e+00,2.646960943009468270e+00
5.600000000000000117e-02,4.653381676756873087e-01,1.287110722032706933e+00,2.765968518038575574e+00
5.605000000000000260e-02,4.690304172629207735e-01,1.230579979303136895e+00,2.623667749491223500e+00
5.609999999999999709e-02,4.854147604376851111e-01,1.201544376037492867e+00,2.475294271962586112e+00
5.614999999999999852e-02,4.384540225516887491e-01,1.186474934614159205e+00,2.706041850657869841e+00
5.619999999999999996e-02,4.644151141186966814e-01,1.265250750899234333e+00,2.724396154290227301e+00
5.625000000000000139e-02,4.957991953440061828e-01,1.320889198900644601e+00,2.664161643070349417e+00
5.630000000000000282e-02,4.802225369272596356e-01,1.328183585393119870e+00,2.765766875273291792e+00
5.634999999999999731e-02,4.999529715966853916e-01,1.371788567694698591e+00,2.743835211767332805e+00
5.639999999999999875e-02,5.140296478960195703e-01,1.343368886640235571e+00,2.613407401963668164e+00
5.645000000000000018e-02,4.398385974326852743e-01,1.239174635962096982e+00,2.817339458599345647e+00
5.650000000000000161e-02,4.491846100373544926e-01,1.305967610983144844e+00,2.907418423962788268e+00
5.655000000000000304e-02,4.687996621739249359e-01,1.245255342135764387e+00,2.656263309493968716e+00
5.659999999999999754e-02,4.900300476860204313e-01,1.311942123621030021e+00,2.677268730389442908e+00
5.664999999999999897e-02,4.520691775540199853e-01,1.242472932759319137e+00,2.748413283740959834e+00
5.670000000000000040e-02,4.892224110520201896e-01,1.362917116886276592e+00,2.785884469101629790e+00
5.675000000000000183e-02,4.738764485253483816e-01,1.265719989537675394e+00,2.670991549540934873e+00
5.680000000000000326e-02,4.426078128145980450e-01,1.174670357331327519e+00,2.653975649145126514e+00
5.684999999999999776e-02,4.621074634953655780e-01,1.294739964459916681e+00,2.801815739279660988e+00
5.689999999999999919e-02,4.247234854143422944e-01,1.211990199724815476e+00,2.853598261801908453e+00
5.695000000000000062e-02,4.106468005303485769e-01,1.181145456253826609e+00,2.876305025945367966e+00
5.700000000000000205e-02,4.871454862385907192e-01,1.368632701821254738e+00,2.809494782326558138e+00
5.704999999999999655e-02,4.142236906186875234e-01,1.159900195878302398e+00,2.800178314634460097e+00
5.709999999999999798e-02,4.567998393156845749e-01,1.234397252724795058e+00,2.702271643908634502e+00
5.714999999999999941e-02,4.584152228150178976e-01,1.250012025462899024e+00,2.726811770749834718e+00
5.720000000000000084e-02,4.502230554170202903e-01,1.176399662109030908e+00,2.612926299430373689e+00
5.725000000000000228e-02,4.751456837749252204e-01,1.298361208037800862e+00,2.732553935295411129e+00
5.729999999999999677e-02,4.448000817130195461e-01,1.244982314954081071e+00,2.798970517629830290e+00
5.734999999999999820e-02,4.406462859043510649e-01,1.212995223557289393e+00,2.752763979543874751e+00
5.739999999999999963e-02,4.694919550296859367e-01,1.260684181392438541e+00,2.685209337213724012e+00
5.745000000000000107e-02,4.593382686763558542e-01,1.210403571964311364e+00,2.635102830539788776e+00
5.750000000000000250e-02,4.661458558895898441e-01,1.232891732387520145e+00,2.644862582838320542e+00
5.754999999999999699e-02,4.212620147470209631e-01,1.186156104737393857e+00,2.815720533097939349e+00
5.759999999999999842e-02,4.856455119030179124e-01,1.306557750088618741e+00,2.690352773916985907e+00
5.764999999999999986e-02,4.704150186616869456e-01,1.286537170088431381e+00,2.734898162368585073e+00
5.770000000000000129e-02,4.786071726003524596e-01,1.338144794231173496e+00,2.795914626520973556e+00
5.775000000000000272e-02,4.903762127215892108e-01,1.367273572568658002e+00,2.788213492208943656e+00
5.779999999999999721e-02,4.516076312753550814e-01,1.229583001148875310e+00,2.722679857460538866e+00
5.784999999999999865e-02,4.241465825280188451e-01,1.158619981600457205e+00,2.731649927944237444e+00
5.790000000000000008e-02,4.422616569596885538e-01,1.255724626329017601e+00,2.839325106683338262e+00
5.795000000000000151e-02,4.266849912436846970e-01,1.180786164630458490e+00,2.767348720630526948e+00
5.800000000000000294e-02,4.377617133485934287e-01,1.250370442264957083e+00,2.856280949515738854e+00
5.804999999999999744e-02,4.345310083560146586e-01,1.198898522266474531e+00,2.759063218071212020e+00
5.809999999999999887e-02,4.274926887090211847e-01,1.204731289148220030e+00,2.818133083834416297e+00
5.815000000000000030e-02,3.996854465770205977e-01,1.170363351206736180e+00,2.928211075059005353e+00
5.820000000000000173e-02,4.546075900310205253e-01,1.284534296707650070e+00,2.825589200171512161e+00
5.825000000000000316e-02,4.474538723022556952e-01,1.174160112482756535e+00,2.624091968276921705e+00
5.829999999999999766e-02,4.666073753196882112e-01,1.244843706054854726e+00,2.667861186724644007e+00
5.834999999999999909e-02,4.547229671056864930e-01,1.195585223835881061e+00,2.629260693485059086e+00
5.840000000000000052e-02,4.555306564516879986e-01,1.261988430193078159e+00,2.770369924218086588e+00
5.845000000000000195e-02,4.594536589956831896e-01,1.289889816734178130e+00,2.807442690855352030e+00
5.850000000000000339e-02,4.752610820582612305e-01,1.345215824726617715e+00,2.830477553307658933e+00
5.854999999999999788e-02,4.589921391516827431e-01,1.271399355499983841e+00,2.769980675158851824e+00
5.859999999999999931e-02,4.398386005990198577e-01,1.176457766449035880e+00,2.674748793868496843e+00
5.865000000000000074e-02,4.369540665703543492e-01,1.182729187354977674e+00,2.706758622566899586e+00
5.870000000000000218e-02,4.368386447022581387e-01,1.199159302538197913e+00,2.745085209564105178e+00
5.874999999999999667e-02,4.544922047083512773e-01,1.223386569322587603e+00,2.691765791907558825e+00
5.879999999999999810e-02,4.299157269226865918e-01,1.177409746915001332e+00,2.738698943029687083e+00
5.884999999999999953e-02,4.183774312493546144e-01,1.167101101206189817e+00,2.789589050539853066e+00
5.890000000000000097e-02,3.831857391950188596e-01,1.123554183768003201e+00,2.932139870675564364e+00
5.895000000000000240e-02,4.346464069529224483e-01,1.198239983077256987e+00,2.756815572173914486e+00
5.899999999999999689e-02,4.428385081150260638e-01,1.262043624619714199e+00,2.849895845760328061e+00
5.904999999999999832e-02,4.451462590030175748e-01,1.254975276073275969e+00,2.819242553860862088e+00
5.909999999999999976e-02,4.208004782360184604e-01,1.216121060876032223e+00,2.890018248016188451e+00
5.915000000000000119e-02,4.325694840486875026e-01,1.225848194293718718e+00,2.833875803767388124e+00
5.920000000000000262e-02,4.284157445972610612e-01,1.267124268415144028e+00,2.957697713949154927e+00
5.924999999999999711e-02,4.471077215113468117e-01,1.311441491616347488e+00,2.933166725869361446e+00
5.929999999999999855e-02,4.318771982023525413e-01,1.256126729500327777e+00,2.908527550722369348e+00
5.934999999999999998e-02,4.039546254223559396e-01,1.148570429877761256e+00,2.843315455731866059e+00
5.940000000000000141e-02,4.203389390536843573e-01,1.188569548359543759e+00,2.827645592472086911e+00
5.945000000000000284e-02,4.345310094769266884e-01,1.208358704607612966e+00,2.780834228752035564e+00
5.949999999999999734e-02,4.228773729163513573e-01,1.164431610188884525e+00,2.753591666913847380e+00
5.954999999999999877e-02,4.083391532570198601e-01,1.172510732366722763e+00,2.871413928873757460e+00
5.960000000000000020e-02,4.234542804240156721e-01,1.213274384862387034e+00,2.865183895762026811e+00
5.965000000000000163e-02,4.220696855480251530e-01,1.210625825307640957e+00,2.868307928193743805e+00
5.970000000000000306e-02,4.209158589679206641e-01,1.240525003625633005e+00,2.947204238555852118e+00
5.974999999999999756e-02,3.985316307026888216e-01,1.106690615387997179e+00,2.776920400111495102e+00
5.979999999999999899e-02,4.652227946083536958e-01,1.281288113055717215e+00,2.754138722145731411e+00
5.985000000000000042e-02,4.707611468356839302e-01,1.296942475546019935e+00,2.754990475028962216e+00
5.990000000000000185e-02,4.243773450140243542e-01,1.113268163129464305e+00,2.623297817871673043e+00
5.995000000000000329e-02,4.490692269392504987e-01,1.211732502512609111e+00,2.698320058070981187e+00
5.999999999999999778e-02,4.302618531540234881e-01,1.164504716856530120e+00,2.706502350417909764e+00
6.004999999999999921e-02,4.248388719280211667e-01,1.211504634491698651e+00,2.851680282911963182e+00
6.010000000000000064e-02,4.448000484180176795e-01,1.251160557030973619e+00,2.812860658358445232e+00
6.015000000000000208e-02,4.094929891985915615e-01,1.195997745612092933e+00,2.920679418597007082e+00
6.019999999999999657e-02,4.340694824846849653e-01,1.252231868347545518e+00,2.884865024787194976e+00
6.024999999999999800e-02,4.249542532806903083e-01,1.175290373272447786e+00,2.765686810283897401e+00
6.029999999999999943e-02,4.219543105443538944e-01,1.201273912044483527e+00,2.846928878377250616e+00
6.035000000000000087e-02,4.097237437676823357e-01,1.104676251918139229e+00,2.696148975306889461e+00
6.040000000000000230e-02,4.146852077329243325e-01,1.218696018901996858e+00,2.938846132382158860e+00
6.044999999999999679e-02,4.064930184076857578e-01,1.093663188899354877e+00,2.690484557849115888e+00
6.049999999999999822e-02,4.092622324920225929e-01,1.135450001876069814e+00,2.774382563869247864e+00
6.054999999999999966e-02,4.079929737593505079e-01,1.186669667351354374e+00,2.908554175374834738e+00
6.060000000000000109e-02,4.434154914440199269e-01,1.287495772997911514e+00,2.903587713647696411e+00
6.065000000000000252e-02,4.490692180965930036e-01,1.261582309856582373e+00,2.809327068116303394e+00
6.069999999999999701e-02,3.942624831413491515e-01,1.121995330924625334e+00,2.845808005836489407e+00
6.074999999999999845e-02,4.195312652166861001e-01,1.172800460870148997e+00,2.795501928239847889e+00
6.079999999999999988e-02,4.295695402786879336e-01,1.226414492551341828e+00,2.854984763946931459e+00
6.085000000000000131e-02,3.841088092346834348e-01,1.122705177067556015e+00,2.922883178088226952e+00
6.090000000000000274e-02,4.292233946779263620e-01,1.239319415229385823e+00,2.887352904329285597e+00
6.094999999999999724e-02,4.163005531020190220e-01,1.140882396729168358e+00,2.740525776936891589e+00
6.099999999999999867e-02,4.232235275300188504e-01,1.189914603644238955e+00,2.811551169162823438e+00
6.105000000000000010e-02,4.281849605080182419e-01,1.277063835234641287e+00,2.982505115825353492e+00
6.110000000000000153e-02,4.398386117596855271e-01,1.210106564479385582e+00,2.751251327476795350e+00
6.115000000000000296e-02,4.349925393782602123e-01,1.220399222739448231e+00,2.805563572386272853e+00
6.119999999999999746e-02,3.948393889306840432e-01,1.175479609771219680e+00,2.977108269148853292e+00
6.124999999999999889e-02,4.193005208040250231e-01,1.137080612263001056e+00,2.711851180348177959e+00
6.130000000000000032e-02,4.501076579323456950e-01,1.283179571820597387e+00,2.850828127908608511e+00
6.135000000000000175e-02,4.581844610756852232e-01,1.299735374253261133e+00,2.836707668352297596e+00
6.140000000000000319e-02,4.076468387095903978e-01,1.191106717830878292e+00,2.921908389137364281e+00
6.144999999999999768e-02,4.576075412316852886e-01,1.242695698683105476e+00,2.715636406118430823e+00
6.149999999999999911e-02,4.066084215020234760e-01,1.235756436375969214e+00,3.039180624471693459e+00
6.155000000000000054e-02,4.241465694513509854e-01,1.255978662381117772e+00,2.961190194242928619e+00
6.160000000000000198e-02,4.002623710986826788e-01,1.193910533792987394e+00,2.982819820198973293e+00
6.165000000000000341e-02,3.971470393085939077e-01,1.138079160795863798e+00,2.865636774674645615e+00
6.169999999999999790e-02,4.178005304593517266e-01,1.187682959137277283e+00,2.842703329819798341e+00
6.174999999999999933e-02,4.213773930840203907e-01,1.215871943163503666e+00,2.885470277047030407e+00
6.180000000000000077e-02,3.969162460693507755e-01,1.147633181430255167e+00,2.891373665843187002e+00
6.185000000000000220e-02,4.501076593365963552e-01,1.247371986319100623e+00,2.771274739375851670e+00
6.189999999999999669e-02,3.956470943130164231e-01,1.104492755468604148e+00,2.791610936474574700e+00
6.194999999999999812e-02,4.015315791436860904e-01,1.168671738660674198e+00,2.910535059665807278e+00
6.199999999999999956e-02,3.803011537200182701e-01,1.144134832673063595e+00,3.008496875387834724e+00
6.205000000000000099e-02,4.111083364973542875e-01,1.233634852127147630e+00,3.000753676361137767e+00
6.210000000000000242e-02,4.131852327782587486e-01,1.194258494815714888e+00,2.890370710457189407e+00
6.214999999999999691e-02,4.422616353710206449e-01,1.261153524241968693e+00,2.851600553559130447e+00
6.219999999999999835e-02,4.270311592816837254e-01,1.197477810584749003e+00,2.804193053731832030e+00
6.224999999999999978e-02,4.453769732063501685e-01,1.313141456567191057e+00,2.948382012463836688e+00
6.230000000000000121e-02,4.513768721786889371e-01,1.210313443590404159e+00,2.681381165473784023e+00
6.235000000000000264e-02,4.191851207399237556e-01,1.206092072697851458e+00,2.877230161626253668e+00
6.239999999999999714e-02,4.195312658586842769e-01,1.179898804273093349e+00,2.812421624543551157e+00
6.244999999999999857e-02,4.370694294313532402e-01,1.253293323140749260e+00,2.867492528066626800e+00
6.250000000000000000e-02,4.429539439959289671e-01,1.271260868841296965e+00,2.869961733206693566e+00
6.254999999999999449e-02,3.835318856101051499e-01,1.106324377764818845e+00,2.884569495453886745e+00
6.260000000000000286e-02,4.390309254819315110e-01,1.262313857807428885e+00,2.875227653773515080e+00
6.264999999999999736e-02,4.031469396701090058e-01,1.169516781255669269e+00,2.900969016936288281e+00
6.270000000000000573e-02,3.991085487735940851e-01,1.145146679523504352e+00,2.869261214880972410e+00
6.275000000000000022e-02,4.179159024022606195e-01,1.216508256071106686e+00,2.910892476401075513e+00
6.279999999999999472e-02,3.842241513691118660e-01,1.118654942324230239e+00,2.911464410391980007e+00
6.285000000000000309e-02,3.897625920722592174e-01,1.185695221002415201e+00,3.042095996689686555e+00
6.289999999999999758e-02,4.122621642764444094e-01,1.168096527629573833e+00,2.833382805525420434e+00
6.295000000000000595e-02,3.852626206782547857e-01,1.141651057742708142e+00,2.963306057911436309e+00
6.300000000000000044e-02,3.926471129239335611e-01,1.146717165428388752e+00,2.920477771730207728e+00
6.304999999999999494e-02,3.659937295434420035e-01,1.060808863021837523e+00,2.898434528769498364e+00
6.310000000000000331e-02,3.917240583765942419e-01,1.166923364503347660e+00,2.978942292539752845e+00
6.314999999999999780e-02,3.906855904587759887e-01,1.139437926740347384e+00,2.916508708197615540e+00
6.320000000000000617e-02,3.572246466922637809e-01,1.090463942916396700e+00,3.052599961994761912e+00
6.325000000000000067e-02,4.325694846689254747e-01,1.265743392767276543e+00,2.926104215918131857e+00
6.329999999999999516e-02,4.107622150284462870e-01,1.196647864806356321e+00,2.913237442551734002e+00
6.335000000000000353e-02,3.905702253449226391e-01,1.180989049839050953e+00,3.023755968074855360e+00
6.339999999999999802e-02,3.972624158657794280e-01,1.139845458276862900e+00,2.869250683563217663e+00
6.345000000000000639e-02,3.738397405069248669e-01,1.102630937571667413e+00,2.949474916916284162e+00
6.350000000000000089e-02,3.774166073239314523e-01,1.099178205119670348e+00,2.912373710614861277e+00
6.354999999999999538e-02,4.028007974301072158e-01,1.132549996726899266e+00,2.811687573491996162e+00
6.360000000000000375e-02,4.061468718899279851e-01,1.143175395393213778e+00,2.814684722483919099e+00
6.364999999999999825e-02,3.721090005847750848e-01,1.140345542152989555e+00,3.064547055730763692e+00
6.370000000000000662e-02,3.816857771312614500e-01,1.145732772840303504e+00,3.001769626973254557e+00
6.375000000000000111e-02,4.164159269925932216e-01,1.209167791039963635e+00,2.903750103346721900e+00
6.379999999999999560e-02,3.528401086627806493e-01,1.069151084078783009e+00,3.030129108991407527e+00
6.385000000000000397e-02,3.768397017625917944e-01,1.059457340401556813e+00,2.811427074817644201e+00
6.389999999999999847e-02,4.163005510531110342e-01,1.212918898111930543e+00,2.913565439785324784e+00
6.395000000000000684e-02,3.828395892055914129e-01,1.153446630575577725e+00,3.012871874011329609e+00
6.400000000000000133e-02,3.640322119842633874e-01,1.086795104747884766e+00,2.985436642609158309e+00
6.404999999999999583e-02,3.995700622251073253e-01,1.140440469053359607e+00,2.854168960263257393e+00
6.410000000000000420e-02,4.248388936825966966e-01,1.249429132824313005e+00,2.940948089742884353e+00
6.414999999999999869e-02,4.081083701572595923e-01,1.205784634417688572e+00,2.954569723608104770e+00
6.419999999999999318e-02,4.180312963341102916e-01,1.167036893681556720e+00,2.791745268633681221e+00
6.425000000000000155e-02,3.659937286839282655e-01,1.088762785733907945e+00,2.974812682307357736e+00
6.429999999999999605e-02,3.771858411701082825e-01,1.163904638246745726e+00,3.085759090627774981e+00
6.435000000000000442e-02,4.199928047545962162e-01,1.218582576770521619e+00,2.901436793619703192e+00
6.439999999999999891e-02,3.950701382255949468e-01,1.153235026672978059e+00,2.919064022030569028e+00
6.444999999999999341e-02,3.821472723057776077e-01,1.155683094086800589e+00,3.024182501980737126e+00
6.450000000000000178e-02,3.744166829082600234e-01,1.111907535634763189e+00,2.969706176012472110e+00
6.454999999999999627e-02,3.853780058284393406e-01,1.126267881700223628e+00,2.922501711739122765e+00
6.460000000000000464e-02,3.811088552342627445e-01,1.155040698163735113e+00,3.030736972652462669e+00
6.464999999999999913e-02,3.717628808389280004e-01,1.140476000614143004e+00,3.067751137608253575e+00
6.469999999999999363e-02,3.752243169084409358e-01,1.142877658788604700e+00,3.045851793948311848e+00
6.475000000000000200e-02,3.661091147155953185e-01,1.096967912795120625e+00,2.996286813692903284e+00
6.479999999999999649e-02,3.865318327307711299e-01,1.182030132100498232e+00,3.058040844268086644e+00
6.485000000000000486e-02,3.901086884419391332e-01,1.131066939699988172e+00,2.899363621500903321e+00
6.489999999999999936e-02,3.557246729772571281e-01,1.101505359241508497e+00,3.096510989868650476e+00
6.494999999999999385e-02,3.896471632661118178e-01,1.184637571385231070e+00,3.040282807284742983e+00
6.500000000000000222e-02,3.860702976062620473e-01,1.117053665388800798e+00,2.893394473272947742e+00
6.504999999999999671e-02,3.888394874397729239e-01,1.191007149988666525e+00,3.062978911505588098e+00
6.510000000000000508e-02,4.299157116649261479e-01,1.199163296065892004e+00,2.789298607910643213e+00
6.514999999999999958e-02,3.628783840729314369e-01,1.089603771897445172e+00,3.002669268055537355e+00
6.519999999999999407e-02,3.504170659011108246e-01,1.075961601295060133e+00,3.070517123725649444e+00
6.525000000000000244e-02,3.831857403589273292e-01,1.181581956293745961e+00,3.083574965986382033e+00
6.529999999999999694e-02,4.208004767177986327e-01,1.175663578467249337e+00,2.793874160118132277e+00
6.535000000000000531e-02,3.941470866462375433e-01,1.135820313869777110e+00,2.881716882736267138e+00
6.539999999999999980e-02,4.058007339212619247e-01,1.197723069350138170e+00,2.951505429220179888e+00
6.544999999999999429e-02,4.211466394341201180e-01,1.242602755790734648e+00,2.950522785746019672e+00
6.550000000000000266e-02,3.816857579075837448e-01,1.106240793301271674e+00,2.898302518191213206e+00
6.554999999999999716e-02,3.729166755264416988e-01,1.068275933434997382e+00,2.864650479700125985e+00
6.560000000000000553e-02,3.826088187695984022e-01,1.154838604804511837e+00,3.018327200398220000e+00
6.565000000000000002e-02,4.045315390089260776e-01,1.155460146299377211e+00,2.856291870666434640e+00
6.569999999999999452e-02,4.039546033141085402e-01,1.226554164028336835e+00,3.036366349004292253e+00
6.575000000000000289e-02,4.046469290819257880e-01,1.159854564384362074e+00,2.866337246191074328e+00
6.579999999999999738e-02,3.996854521501098656e-01,1.212349831391191346e+00,3.033259841881533081e+00
6.585000000000000575e-02,3.685321300719306969e-01,1.081423080329000808e+00,2.934406506477269527e+00
6.590000000000000024e-02,3.740705062812592629e-01,1.077778335197758119e+00,2.881217089024894040e+00
6.594999999999999474e-02,3.388788020447748850e-01,1.034988368466727815e+00,3.054154943365204655e+00
6.600000000000000311e-02,3.684167682432613056e-01,1.098670375561981327e+00,2.982139984563737301e+00
6.604999999999999760e-02,3.805319397961078320e-01,1.080997088707181364e+00,2.840752577264312073e+00
6.610000000000000597e-02,3.732628289225973783e-01,1.119170773064806390e+00,2.998345097193929831e+00
6.615000000000000047e-02,3.989931662045943517e-01,1.168310674594178478e+00,2.928147080080805598e+00
6.619999999999999496e-02,3.950701476384407274e-01,1.164954466423744561e+00,2.948728152170800421e+00
6.625000000000000333e-02,4.149159522249304399e-01,1.216353160446550286e+00,2.931565185488824277e+00
6.629999999999999782e-02,3.666860359211058795e-01,1.064517799909922680e+00,2.903077007652831387e+00
6.635000000000000620e-02,3.741858923049306007e-01,1.153845309703418698e+00,3.083615212203484113e+00
6.640000000000000069e-02,3.437248706539284271e-01,1.046603760676813932e+00,3.044888077739836163e+00
6.644999999999999518e-02,4.150313402201090685e-01,1.225134173440485696e+00,2.951907614472545571e+00
6.650000000000000355e-02,3.916086681499269528e-01,1.145695742687645513e+00,2.925613848386566129e+00
6.654999999999999805e-02,3.769550803841077435e-01,1.106003448908893683e+00,2.934045743015067043e+00
6.660000000000000642e-02,3.799550178505973208e-01,1.123122599662770948e+00,2.955935694746886444e+00
6.665000000000000091e-02,3.460325401639297582e-01,1.088338147295331293e+00,3.145190180032609195e+00
6.669999999999999540e-02,3.656475853314405944e-01,1.127509004912469415e+00,3.083594833233866073e+00
6.675000000000000377e-02,3.899933091205976532e-01,1.173561583821153498e+00,3.009183892070961264e+00
6.679999999999999827e-02,3.909163701657746293e-01,1.121724337883091005e+00,2.869473942489042084e+00
6.685000000000000664e-02,3.986469992255965988e-01,1.190396889895331212e+00,2.986092689040106940e+00
6.690000000000000113e-02,3.786858226325955368e-01,1.138160153625828119e+00,3.005552586345651367e+00
6.694999999999999563e-02,3.469555881254198781e-01,1.100203894117377734e+00,3.171022262710086359e+00
6.700000000000000400e-02,3.383018799209497329e-01,9.953729388529352073e-01,2.942262511475023157e+00
6.704999999999999849e-02,3.756858731597775281e-01,1.086448812038461220e+00,2.891907547389729327e+00
6.710000000000000686e-02,3.884933371929249479e-01,1.153374084346517003e+00,2.968838777725945732e+00
6.715000000000000135e-02,3.685321535102648594e-01,1.122038363497773750e+00,3.044614568390763942e+00
6.719999999999999585e-02,4.010700454877755838e-01,1.181950826061317184e+00,2.946993522350555228e+00
6.725000000000000422e-02,3.728012996569284310e-01,1.147628771986731744e+00,3.078392626428182233e+00
6.729999999999999871e-02,4.008392862212618590e-01,1.182468444331798763e+00,2.949981413945240050e+00
6.734999999999999321e-02,3.789165752221056449e-01,1.157747915965795071e+00,3.055416394194869323e+00
6.740000000000000158e-02,4.156082542599278673e-01,1.231298476079114135e+00,2.962642015548230479e+00
6.744999999999999607e-02,4.058007392681088343e-01,1.163132431374278353e+00,2.866264939467760176e+00
6.750000000000000444e-02,3.896471739495970255e-01,1.130696148452270622e+00,2.901846141962606040e+00
6.754999999999999893e-02,3.572246427369280553e-01,1.052087832322244010e+00,2.945171487223058104e+00
6.759999999999999343e-02,3.836472375834424353e-01,1.119013669096632357e+00,2.916777600550946925e+00
6.765000000000000180e-02,3.812242570499290717e-01,1.132595077785094162e+00,2.970941793026454114e+00
6.769999999999999629e-02,3.516862871734391383e-01,1.001271332122993130e+00,2.847058212506311747e+00
6.775000000000000466e-02,3.694551973105971165e-01,1.150986566706441838e+00,3.115361686842963884e+00
6.779999999999999916e-02,3.890702469782656991e-01,1.148092714054208763e+00,2.950862274797239060e+00
6.784999999999999365e-02,3.589553844991045795e-01,1.052504795096120604e+00,2.932132628585060630e+00
6.790000000000000202e-02,3.334558353365923988e-01,1.019945601210872521e+00,3.058712708330124208e+00
6.794999999999999651e-02,3.778781304821134390e-01,1.136795576833062649e+00,3.008365621431145609e+00
6.800000000000000488e-02,3.432633340719259962e-01,1.050184757321777074e+00,3.059414312807803960e+00
6.804999999999999938e-02,3.527246951899294936e-01,1.083019062551354494e+00,3.070437305128828065e+00
6.809999999999999387e-02,3.752243742401076276e-01,1.112874399935246394e+00,2.965890481365993203e+00
6.815000000000000224e-02,3.611476517432632982e-01,1.090856616274025637e+00,3.020528061053283864e+00
6.819999999999999674e-02,3.482247892447750681e-01,1.115618485091087075e+00,3.203730807076154541e+00
6.825000000000000511e-02,3.744166638552623438e-01,1.114168909192618795e+00,2.975746051792505842e+00
6.829999999999999960e-02,3.897625379346044139e-01,1.155005681864865075e+00,2.963357350825377434e+00
6.834999999999999409e-02,4.002623732560885439e-01,1.124318916167112548e+00,2.808954803872537376e+00
6.840000000000000246e-02,3.568785006049402520e-01,1.073574574187936559e+00,3.008235498546798947e+00
6.844999999999999696e-02,3.671475466491066486e-01,1.136042645871972123e+00,3.094240057547545941e+00
6.850000000000000533e-02,3.648399075619295218e-01,1.141415855128867118e+00,3.128538933025352353e+00
6.854999999999999982e-02,3.707243990012612511e-01,1.129463261556436393e+00,3.046638593519154448e+00
6.859999999999999432e-02,3.859549361791109190e-01,1.121751168314790048e+00,2.906430422732607877e+00
6.865000000000000269e-02,3.573400222335929022e-01,1.135179011288379058e+00,3.176747469239013633e+00
6.869999999999999718e-02,3.858395316757884386e-01,1.158635175586018473e+00,3.002893898802446504e+00
6.875000000000000555e-02,3.546862366329147087e-01,1.111030136919127553e+00,3.132430926743280608e+00
6.880000000000000004e-02,3.782242872112632770e-01,1.100517136302136212e+00,2.909694521249569288e+00
6.884999999999999454e-02,3.470709581014396194e-01,1.011488936044312448e+00,2.914357748563569217e+00
6.890000000000000291e-02,3.722243821389298324e-01,1.069152866237518040e+00,2.872334316451266467e+00
6.894999999999999740e-02,3.623014941737724426e-01,1.113962266258957223e+00,3.074683058648005396e+00
6.900000000000000577e-02,3.372634329689299104e-01,1.037443380880182620e+00,3.076062446935230454e+00
6.905000000000000027e-02,3.733782268435960061e-01,1.046691201054035236e+00,2.803300047521203098e+00
6.909999999999999476e-02,3.778781201464413986e-01,1.141530291225962390e+00,3.020895443175112050e+00
6.915000000000000313e-02,3.662245000075962653e-01,1.093408988328213649e+00,2.985624905776467664e+00
6.919999999999999762e-02,3.491478694301067831e-01,1.043792708848091166e+00,2.989543400484762081e+00
6.925000000000000600e-02,3.415326053572615983e-01,1.016482859774020531e+00,2.976239585414471200e+00
6.930000000000000049e-02,3.678398397235954076e-01,1.145625371495324618e+00,3.114467895473687076e+00
6.934999999999999498e-02,3.477632792091065461e-01,1.049293098999147800e+00,3.017262493571721826e+00
6.940000000000000335e-02,3.282636081832664421e-01,1.048741955563367911e+00,3.194816389692107794e+00
6.944999999999999785e-02,3.575707899800984468e-01,1.078950105424304917e+00,3.017444756839216868e+00
6.950000000000000622e-02,3.668013794379380577e-01,1.090782493782732177e+00,2.973768788585731127e+00
6.955000000000000071e-02,3.700321351719279006e-01,1.166747477274394207e+00,3.153097707939038319e+00
6.959999999999999520e-02,3.512247419307760188e-01,1.058116628010805194e+00,3.012648317980265666e+00
6.965000000000000357e-02,3.838780340339292274e-01,1.118005743262033835e+00,2.912398324836733110e+00
6.969999999999999807e-02,3.598784482604399093e-01,1.091880028807426184e+00,3.034024499342192094e+00
6.975000000000000644e-02,3.445325331015963166e-01,1.079435106875929806e+00,3.133042610398780958e+00
6.980000000000000093e-02,3.656475988732634796e-01,1.177565360415919304e+00,3.220492528993943449e+00
6.984999999999999543e-02,3.479940274941054623e-01,1.113790973464297007e+00,3.200603704278123018e+00
6.990000000000000380e-02,3.595323112389288145e-01,1.154021867247387201e+00,3.209786244998928062e+00
